nelexAsjp_Haar::N+allTrees	-107.083413807
nelexAsjp_Glas::N+allTrees	-92.7570517387
nelexAsjp_klirren::V+allTrees	-106.129230739
nelexAsjp_vernehmen::V+allTrees	-127.512033238
nelexAsjp_Neuigkeit::N+allTrees	-79.4613098624
nelexAsjp_Essen::N+allTrees	-98.9679994714
nelexAsjp_Bach::N+allTrees	-163.206664465
nelexAsjp_Mitte::N+allTrees	-117.670853664
nelexAsjp_Ring::N+allTrees	-101.899799824
nelexAsjp_Zeh::N+allTrees	-121.705973843
nelexAsjp_reiben::V+allTrees	-99.7623865348
nelexAsjp_Schritt::N+allTrees	-113.520824902
nelexAsjp_Stütze::N+allTrees	-98.2046206626
nelexAsjp_rot::A+allTrees	-67.2376935837
nelexAsjp_zeigen::V+allTrees	-137.529641923
nelexAsjp_abschneiden::V+allTrees	-86.6130982666
nelexAsjp_schlank::A+allTrees	-94.9612222424
nelexAsjp_Hunger::N+allTrees	-91.2034059518
nelexAsjp_Feuer::N+allTrees	-137.186172951
nelexAsjp_Wolke::N+allTrees	-111.944083428
nelexAsjp_Herbst::N+allTrees	-71.9291508989
nelexAsjp_berühmt::A+allTrees	-115.315884474
nelexAsjp_Bein::N+allTrees	-89.2207780091
nelexAsjp_dreißig::NUM+allTrees	-84.4518744604
nelexAsjp_Brücke::N+allTrees	-98.0151530545
nelexAsjp_eilen::V+allTrees	-110.008610026
nelexAsjp_wissen::V+allTrees	-102.367158725
nelexAsjp_abwischen::V+allTrees	-103.777340679
nelexAsjp_Krankheit::N+allTrees	-109.312120448
nelexAsjp_Fleisch::N+allTrees	-120.432839331
nelexAsjp_bitten::V+allTrees	-93.1927266783
nelexAsjp_WeideBaum::N+allTrees	-90.4827148348
nelexAsjp_glauben::V+allTrees	-97.7350400539
nelexAsjp_Abend::N+allTrees	-125.324008256
nelexAsjp_Fehler::N+allTrees	-74.8882672036
nelexAsjp_schimpfen::V+allTrees	-114.54801135
nelexAsjp_donnern::V+allTrees	-98.4301829782
nelexAsjp_halten::V+allTrees	-107.157113711
nelexAsjp_und::CNJ+allTrees	-114.23672315
nelexAsjp_flach::A+allTrees	-80.142477416
nelexAsjp_übersetzen::V+allTrees	-109.84432851
nelexAsjp_du::PRN+allTrees	-123.470510227
nelexAsjp_Eimer::N+allTrees	-117.264082067
nelexAsjp_Lüge::N+allTrees	-104.882390517
nelexAsjp_Schwanz::N+allTrees	-115.525455625
nelexAsjp_Großmutter::N+allTrees	-96.2852399249
nelexAsjp_unter::PRP+allTrees	-107.209197523
nelexAsjp_rühren::V+allTrees	-78.6582688053
nelexAsjp_Gott::N+allTrees	-61.7563305808
nelexAsjp_geben::V+allTrees	-92.5922715584
nelexAsjp_essen::V+allTrees	-85.0507245218
nelexAsjp_schmal::A+allTrees	-97.4531077752
nelexAsjp_dies::PRN+allTrees	-102.794147531
nelexAsjp_Wiese::N+allTrees	-80.7559498929
nelexAsjp_niemals::ADV+allTrees	-77.5355083791
nelexAsjp_schwingen::V+allTrees	-139.970658327
nelexAsjp_Gabel::N+allTrees	-79.6272161741
nelexAsjp_Ärmel::N+allTrees	-107.863833823
nelexAsjp_machen::V+allTrees	-114.864028656
nelexAsjp_bemerken::V+allTrees	-120.740256697
nelexAsjp_was::FPRN+allTrees	-81.7918862863
nelexAsjp_beugen::V+allTrees	-129.303623849
nelexAsjp_Rand::N+allTrees	-131.414235448
nelexAsjp_streichen::V+allTrees	-134.340737235
nelexAsjp_Stiefel::N+allTrees	-101.552808566
nelexAsjp_Staat::N+allTrees	-91.8895313551
nelexAsjp_schreien::V+allTrees	-130.166815401
nelexAsjp_abfahren::V+allTrees	-96.1100447238
nelexAsjp_dritter::A+allTrees	-124.837890207
nelexAsjp_sichärgern::V+allTrees	-139.366150961
nelexAsjp_Hilfe::N+allTrees	-92.6158249796
nelexAsjp_sieden::V+allTrees	-116.519438031
nelexAsjp_Arznei::N+allTrees	-98.7015163785
nelexAsjp_sieben::NUM+allTrees	-88.917897547
nelexAsjp_kriechen::V+allTrees	-131.495987873
nelexAsjp_sicherheben::V+allTrees	-71.0701198582
nelexAsjp_Ruhe::N+allTrees	-91.3381046824
nelexAsjp_Schlinge::N+allTrees	-88.4569990686
nelexAsjp_alles::PRN+allTrees	-85.9994860884
nelexAsjp_Nahrung::N+allTrees	-95.6984087634
nelexAsjp_Eichhörnchen::N+allTrees	-130.194273589
nelexAsjp_Berg::N+allTrees	-97.6524194648
nelexAsjp_arm::A+allTrees	-121.174960607
nelexAsjp_sichunterhalten::V+allTrees	-97.8204127706
nelexAsjp_Spinne::N+allTrees	-82.9626912272
nelexAsjp_Magen::N+allTrees	-112.78205892
nelexAsjp_stecken::V+allTrees	-72.530825461
nelexAsjp_Sommer::N+allTrees	-94.0960810768
nelexAsjp_betrügen::V+allTrees	-88.0662534261
nelexAsjp_Sünde::N+allTrees	-64.8010709429
nelexAsjp_retten::V+allTrees	-116.10712652
nelexAsjp_Größe::N+allTrees	-107.914380929
nelexAsjp_Schaf::N+allTrees	-89.1238222974
nelexAsjp_Ware::N+allTrees	-136.15088884
nelexAsjp_vergehen::V+allTrees	-111.855137718
nelexAsjp_waschen::V+allTrees	-104.658431317
nelexAsjp_legen::V+allTrees	-113.258896712
nelexAsjp_Geld::N+allTrees	-78.1966045686
nelexAsjp_Löffel::N+allTrees	-144.497185116
nelexAsjp_König::N+allTrees	-78.899092718
nelexAsjp_Dezember::N+allTrees	-119.723443911
nelexAsjp_Seite::N+allTrees	-77.3907443616
nelexAsjp_schütteln::V+allTrees	-94.2045206352
nelexAsjp_Kamm::N+allTrees	-109.069167035
nelexAsjp_Heu::N+allTrees	-98.3922533534
nelexAsjp_Fingernagel::N+allTrees	-110.782399474
nelexAsjp_Träne::N+allTrees	-94.0243423627
nelexAsjp_verbergen::V+allTrees	-85.6926101636
nelexAsjp_allein::ADV+allTrees	-86.6128606642
nelexAsjp_Laden::N+allTrees	-118.333803955
nelexAsjp_stören::V+allTrees	-108.549704807
nelexAsjp_brechen::V+allTrees	-97.2760256
nelexAsjp_Stein::N+allTrees	-73.5578398671
nelexAsjp_einmal::ADV+allTrees	-90.3550821821
nelexAsjp_anfangen::V+allTrees	-99.3643404899
nelexAsjp_Schuld::N+allTrees	-90.4019306714
nelexAsjp_Tasse::N+allTrees	-86.7048476981
nelexAsjp_tauen::V+allTrees	-95.9084353177
nelexAsjp_Kummer::N+allTrees	-99.7965926411
nelexAsjp_Gegend::N+allTrees	-76.2512407456
nelexAsjp_Mädchen::N+allTrees	-114.98481062
nelexAsjp_Saat::N+allTrees	-139.505119411
nelexAsjp_Stock::N+allTrees	-140.412130397
nelexAsjp_fett::A+allTrees	-103.606068985
nelexAsjp_Buch::N+allTrees	-110.422210713
nelexAsjp_nur::ADV+allTrees	-84.5121381961
nelexAsjp_weinen::V+allTrees	-87.1378816467
nelexAsjp_Herz::N+allTrees	-111.367050165
nelexAsjp_lieben::V+allTrees	-117.665353761
nelexAsjp_vor::PRP+allTrees	-119.583735138
nelexAsjp_ansehen::V+allTrees	-141.612331881
nelexAsjp_sie::PRN+allTrees	-73.4119325048
nelexAsjp_Knoten::N+allTrees	-82.6454552445
nelexAsjp_einladen::V+allTrees	-103.209526358
nelexAsjp_zurücklassen::V+allTrees	-95.9373112134
nelexAsjp_lachen::V+allTrees	-76.9088543874
nelexAsjp_Wolf::N+allTrees	-101.62613971
nelexAsjp_lesen::V+allTrees	-79.5627672698
nelexAsjp_beherrschen::V+allTrees	-77.7105666379
nelexAsjp_teuer::A+allTrees	-60.5953946865
nelexAsjp_zweiter::A+allTrees	-76.452980059
nelexAsjp_hundert::NUM+allTrees	-94.1793456848
nelexAsjp_sichanziehen::V+allTrees	-82.605729911
nelexAsjp_springen::V+allTrees	-131.850414973
nelexAsjp_Kreis::N+allTrees	-78.9657989113
nelexAsjp_Morgen::N+allTrees	-97.5269959751
nelexAsjp_wohnen::V+allTrees	-87.7230514424
nelexAsjp_Geruch::N+allTrees	-122.033699597
nelexAsjp_Monat::N+allTrees	-108.418014095
nelexAsjp_reinigen::V+allTrees	-98.2097156734
nelexAsjp_Woche::N+allTrees	-80.6176594649
nelexAsjp_Ecke::N+allTrees	-121.548270669
nelexAsjp_vorher::ADV+allTrees	-90.722298822
nelexAsjp_fallen::V+allTrees	-145.37725524
nelexAsjp_Westen::N+allTrees	-113.220430428
nelexAsjp_weich::A+allTrees	-120.656454689
nelexAsjp_umkommen::V+allTrees	-92.8392824705
nelexAsjp_erhalten::V+allTrees	-94.608869772
nelexAsjp_dort::ADV+allTrees	-82.1202497349
nelexAsjp_hinfallen::V+allTrees	-124.269354228
nelexAsjp_strömen::V+allTrees	-99.064505734
nelexAsjp_sichwaschen::V+allTrees	-77.4714340615
nelexAsjp_Handtuch::N+allTrees	-135.342182457
nelexAsjp_Bruder::N+allTrees	-107.878448233
nelexAsjp_Sprache::N+allTrees	-94.1423119165
nelexAsjp_fest::A+allTrees	-87.9576456219
nelexAsjp_Welt::N+allTrees	-98.4390093091
nelexAsjp_Blut::N+allTrees	-105.33828682
nelexAsjp_einwenig::ADV+allTrees	-155.114217747
nelexAsjp_fremd::A+allTrees	-80.2697959011
nelexAsjp_verbrennen::V+allTrees	-111.594119179
nelexAsjp_Strich::N+allTrees	-115.369129433
nelexAsjp_abreißen::V+allTrees	-86.2508545282
nelexAsjp_grau::A+allTrees	-91.2209268597
nelexAsjp_zubereiten::V+allTrees	-64.638623643
nelexAsjp_hübsch::A+allTrees	-109.05591036
nelexAsjp_gelb::A+allTrees	-82.6201361802
nelexAsjp_Regal::N+allTrees	-125.741646128
nelexAsjp_Spaten::N+allTrees	-102.187120613
nelexAsjp_Kraft::N+allTrees	-94.2796461528
nelexAsjp_Arm::N+allTrees	-90.7727485916
nelexAsjp_Zeichen::N+allTrees	-77.7681744226
nelexAsjp_letzter::A+allTrees	-139.141284342
nelexAsjp_Winkel::N+allTrees	-128.378481641
nelexAsjp_Auge::N+allTrees	-128.443564886
nelexAsjp_brausen::V+allTrees	-121.279498332
nelexAsjp_breit::A+allTrees	-94.8897878748
nelexAsjp_fragen::V+allTrees	-116.462588903
nelexAsjp_Norden::N+allTrees	-112.560134966
nelexAsjp_stellen::V+allTrees	-113.187904803
nelexAsjp_Bucht::N+allTrees	-87.0720718506
nelexAsjp_sechs::NUM+allTrees	-114.997082041
nelexAsjp_Hecht::N+allTrees	-80.2665928995
nelexAsjp_hinter::PRP+allTrees	-111.859026636
nelexAsjp_Sonntag::N+allTrees	-100.499755354
nelexAsjp_billig::A+allTrees	-93.0594815925
nelexAsjp_reparieren::V+allTrees	-108.806672401
nelexAsjp_fassen::V+allTrees	-121.035942535
nelexAsjp_fegen::V+allTrees	-104.172755202
nelexAsjp_besuchen::V+allTrees	-84.6410251697
nelexAsjp_Gewehr::N+allTrees	-84.0789898683
nelexAsjp_Schwester::N+allTrees	-122.776534506
nelexAsjp_geizig::A+allTrees	-88.677878479
nelexAsjp_Funke::N+allTrees	-116.873555459
nelexAsjp_Gesundheit::N+allTrees	-130.756788951
nelexAsjp_Hand::N+allTrees	-99.5338316861
nelexAsjp_hierhin::ADV+allTrees	-93.6294691644
nelexAsjp_mögen::V+allTrees	-134.307815006
nelexAsjp_Gans::N+allTrees	-124.30613458
nelexAsjp_Wiege::N+allTrees	-84.2339126365
nelexAsjp_Buchstabe::N+allTrees	-97.5375177939
nelexAsjp_Festland::N+allTrees	-93.9312790157
nelexAsjp_umdrehen::V+allTrees	-95.303406602
nelexAsjp_schließen::V+allTrees	-99.7150083123
nelexAsjp_tauchen::V+allTrees	-112.956173712
nelexAsjp_spazierengehen::V+allTrees	-120.704892908
nelexAsjp_sicherinnernan::V+allTrees	-116.244242585
nelexAsjp_Kamerad::N+allTrees	-85.842307412
nelexAsjp_weggehen::V+allTrees	-79.0831784371
nelexAsjp_warten::V+allTrees	-110.330035844
nelexAsjp_Hälfte::N+allTrees	-132.208850992
nelexAsjp_Lippe::N+allTrees	-96.7208354909
nelexAsjp_süß::A+allTrees	-98.019388472
nelexAsjp_Nase::N+allTrees	-94.7484908417
nelexAsjp_SchlangeTier::N+allTrees	-88.8875373779
nelexAsjp_Anhöhe::N+allTrees	-140.263929411
nelexAsjp_Kirche::N+allTrees	-99.2474783111
nelexAsjp_hängen::V+allTrees	-100.103745442
nelexAsjp_Länge::N+allTrees	-92.5299295447
nelexAsjp_April::N+allTrees	-201.821733443
nelexAsjp_Schlitten::N+allTrees	-107.581924509
nelexAsjp_trocken::A+allTrees	-93.416471781
nelexAsjp_Wetter::N+allTrees	-99.7786413725
nelexAsjp_Puppe::N+allTrees	-76.4972687859
nelexAsjp_Grenze::N+allTrees	-92.7777706434
nelexAsjp_Bett::N+allTrees	-109.527466858
nelexAsjp_Jahr::N+allTrees	-94.7628278857
nelexAsjp_Geschäft::N+allTrees	-73.0704177083
nelexAsjp_Salz::N+allTrees	-134.620088549
nelexAsjp_verderben::V+allTrees	-105.770552482
nelexAsjp_groß::A+allTrees	-127.35917443
nelexAsjp_bezahlen::V+allTrees	-69.5241783111
nelexAsjp_Scheibe::N+allTrees	-58.0360257689
nelexAsjp_Menge::N+allTrees	-96.5310149082
nelexAsjp_drücken::V+allTrees	-80.8054676622
nelexAsjp_Laus::N+allTrees	-51.578735424
nelexAsjp_Pfeil::N+allTrees	-89.9150438386
nelexAsjp_belästigen::V+allTrees	-89.7901420472
nelexAsjp_zählen::V+allTrees	-88.1671395356
nelexAsjp_hinauf::ADV+allTrees	-111.085332446
nelexAsjp_glänzen::V+allTrees	-124.665723672
nelexAsjp_Sack::N+allTrees	-115.090778942
nelexAsjp_KieferBaum::N+allTrees	-126.880846308
nelexAsjp_zittern::V+allTrees	-110.028628419
nelexAsjp_Vater::N+allTrees	-98.1585625975
nelexAsjp_Spiegel::N+allTrees	-89.3844625713
nelexAsjp_Mücke::N+allTrees	-114.513183685
nelexAsjp_zerstören::V+allTrees	-119.427604779
nelexAsjp_Fußboden::N+allTrees	-115.243482212
nelexAsjp_Teil::N+allTrees	-103.844683355
nelexAsjp_Geist::N+allTrees	-108.693391641
nelexAsjp_Kiste::N+allTrees	-141.891343996
nelexAsjp_regnen::V+allTrees	-58.2527309179
nelexAsjp_hungrig::A+allTrees	-94.7907500732
nelexAsjp_Schnee::N+allTrees	-100.323141767
nelexAsjp_Haufen::N+allTrees	-84.5795259557
nelexAsjp_ertragen::V+allTrees	-73.5922500069
nelexAsjp_eintreten::V+allTrees	-123.265943267
nelexAsjp_Juni::N+allTrees	-139.915402838
nelexAsjp_Staub::N+allTrees	-76.3718050128
nelexAsjp_Weg::N+allTrees	-97.1664381559
nelexAsjp_Stärke::N+allTrees	-91.583901875
nelexAsjp_noch::ADV+allTrees	-90.5930604529
nelexAsjp_drehen::V+allTrees	-129.366141625
nelexAsjp_Bauch::N+allTrees	-107.604951389
nelexAsjp_März::N+allTrees	-160.320979984
nelexAsjp_Rohr::N+allTrees	-126.138557623
nelexAsjp_aufbewahren::V+allTrees	-106.990991684
nelexAsjp_reich::A+allTrees	-97.0503306342
nelexAsjp_klein::A+allTrees	-89.4603088277
nelexAsjp_Falle::N+allTrees	-79.8315181246
nelexAsjp_Eltern::N+allTrees	-116.74349568
nelexAsjp_KieferAnatomie::N+allTrees	-111.826992981
nelexAsjp_krankwerden::V+allTrees	-113.778302734
nelexAsjp_rütteln::V+allTrees	-146.90172167
nelexAsjp_gestern::ADV+allTrees	-87.5061474114
nelexAsjp_ärgern::V+allTrees	-147.660508173
nelexAsjp_grün::A+allTrees	-89.7558561712
nelexAsjp_Beere::N+allTrees	-79.6638326186
nelexAsjp_Leine::N+allTrees	-59.7139597815
nelexAsjp_gießen::V+allTrees	-100.960596674
nelexAsjp_Gast::N+allTrees	-113.33961953
nelexAsjp_hüten::V+allTrees	-115.798286197
nelexAsjp_beginnen::V+allTrees	-91.9882396137
nelexAsjp_Spitze::N+allTrees	-69.1101251869
nelexAsjp_probieren::V+allTrees	-95.3721329481
nelexAsjp_elf::NUM+allTrees	-74.6527986616
nelexAsjp_prahlen::V+allTrees	-111.954807612
nelexAsjp_loben::V+allTrees	-135.060713987
nelexAsjp_Donner::N+allTrees	-146.852991973
nelexAsjp_Schnur::N+allTrees	-100.442510521
nelexAsjp_Großvater::N+allTrees	-120.03842324
nelexAsjp_feucht::A+allTrees	-127.471618143
nelexAsjp_bedecken::V+allTrees	-151.663858598
nelexAsjp_husten::V+allTrees	-150.287002605
nelexAsjp_zwanzig::NUM+allTrees	-57.6358178922
nelexAsjp_bewahren::V+allTrees	-78.1178838196
nelexAsjp_Gesellschaft::N+allTrees	-96.0264984164
nelexAsjp_denken::V+allTrees	-94.5350683872
nelexAsjp_funkeln::V+allTrees	-154.69838212
nelexAsjp_begreifen::V+allTrees	-121.824932914
nelexAsjp_reden::V+allTrees	-109.489077234
nelexAsjp_Sache::N+allTrees	-60.0482235365
nelexAsjp_schreiten::V+allTrees	-146.155127282
nelexAsjp_Stuhl::N+allTrees	-119.01304761
nelexAsjp_rechter::A+allTrees	-127.826065556
nelexAsjp_jetzt::ADV+allTrees	-103.718600162
nelexAsjp_er::PRN+allTrees	-81.0592887976
nelexAsjp_versuchen::V+allTrees	-161.036144556
nelexAsjp_reifen::V+allTrees	-115.926416535
nelexAsjp_kaufen::V+allTrees	-118.167294727
nelexAsjp_schlucken::V+allTrees	-140.02183598
nelexAsjp_Busen::N+allTrees	-81.6681505119
nelexAsjp_Schuh::N+allTrees	-79.6851617331
nelexAsjp_treten::V+allTrees	-128.753132238
nelexAsjp_sauber::A+allTrees	-116.51190256
nelexAsjp_stumpf::A+allTrees	-110.220608974
nelexAsjp_Bau::N+allTrees	-90.8685756496
nelexAsjp_Ellenbogen::N+allTrees	-107.485911799
nelexAsjp_wie::FADV+allTrees	-111.563417609
nelexAsjp_Fliege::N+allTrees	-120.87891606
nelexAsjp_Leder::N+allTrees	-55.8568280536
nelexAsjp_Kuckuck::N+allTrees	-161.685651818
nelexAsjp_schmutzig::A+allTrees	-165.05951584
nelexAsjp_Grab::N+allTrees	-90.8456465796
nelexAsjp_wecken::V+allTrees	-117.504865481
nelexAsjp_Fenster::N+allTrees	-80.2393549652
nelexAsjp_Kälte::N+allTrees	-138.283806099
nelexAsjp_geschlossen::A+allTrees	-94.5214731726
nelexAsjp_untergehenSonne::V+allTrees	-96.7524780552
nelexAsjp_Topf::N+allTrees	-82.2362440009
nelexAsjp_Kissen::N+allTrees	-103.258659724
nelexAsjp_gehen::V+allTrees	-90.5215681321
nelexAsjp_Licht::N+allTrees	-103.138985677
nelexAsjp_Wort::N+allTrees	-89.8021968064
nelexAsjp_wieder::ADV+allTrees	-139.162098362
nelexAsjp_Freund::N+allTrees	-95.2887716094
nelexAsjp_Bündel::N+allTrees	-46.724347101
nelexAsjp_Grund::N+allTrees	-68.1547419643
nelexAsjp_warum::FADV+allTrees	-117.884995368
nelexAsjp_lange::ADV+allTrees	-140.35281652
nelexAsjp_hauen::V+allTrees	-123.912561047
nelexAsjp_Wind::N+allTrees	-126.341489336
nelexAsjp_hochheben::V+allTrees	-87.9396653766
nelexAsjp_taub::A+allTrees	-98.8934513823
nelexAsjp_dann::ADV+allTrees	-111.387132915
nelexAsjp_warm::A+allTrees	-120.71939538
nelexAsjp_Bär::N+allTrees	-97.8224397218
nelexAsjp_heulen::V+allTrees	-54.610819206
nelexAsjp_treiben::V+allTrees	-108.163118979
nelexAsjp_hacken::V+allTrees	-137.880848572
nelexAsjp_Linie::N+allTrees	-133.828553863
nelexAsjp_nah::A+allTrees	-88.5482524999
nelexAsjp_Maus::N+allTrees	-101.963214552
nelexAsjp_vergessen::V+allTrees	-130.135621064
nelexAsjp_wechseln::V+allTrees	-90.5867749237
nelexAsjp_Gürtel::N+allTrees	-70.541258072
nelexAsjp_oben::ADV+allTrees	-123.120588441
nelexAsjp_lecker::A+allTrees	-119.379719966
nelexAsjp_liegen::V+allTrees	-146.372852686
nelexAsjp_Wurzel::N+allTrees	-83.3351925129
nelexAsjp_sichtrennen::V+allTrees	-95.2869061338
nelexAsjp_anbinden::V+allTrees	-104.140647501
nelexAsjp_riechen::V+allTrees	-107.410474167
nelexAsjp_Wolle::N+allTrees	-112.359935793
nelexAsjp_verlassen::V+allTrees	-80.3125019133
nelexAsjp_rudern::V+allTrees	-134.754802463
nelexAsjp_flüchten::V+allTrees	-134.160615073
nelexAsjp_schicken::V+allTrees	-96.263361604
nelexAsjp_Asche::N+allTrees	-78.01017732
nelexAsjp_Straße::N+allTrees	-112.269755353
nelexAsjp_Nebel::N+allTrees	-102.742026587
nelexAsjp_manchmal::ADV+allTrees	-128.162975706
nelexAsjp_tragen::V+allTrees	-90.250286106
nelexAsjp_voll::A+allTrees	-54.6997604498
nelexAsjp_Tasche::N+allTrees	-97.0927028338
nelexAsjp_Abstand::N+allTrees	-112.886383525
nelexAsjp_Mütze::N+allTrees	-82.392697363
nelexAsjp_können::V+allTrees	-94.6657530512
nelexAsjp_Birke::N+allTrees	-87.461452925
nelexAsjp_dicht::A+allTrees	-124.557968354
nelexAsjp_blind::A+allTrees	-111.559368092
nelexAsjp_hinzufügen::V+allTrees	-102.398168337
nelexAsjp_Schwein::N+allTrees	-71.6882996647
nelexAsjp_Lagerfeuer::N+allTrees	-142.66623858
nelexAsjp_schmücken::V+allTrees	-97.9125765272
nelexAsjp_Brunnen::N+allTrees	-107.167857354
nelexAsjp_Haut::N+allTrees	-100.06792876
nelexAsjp_Raureif::N+allTrees	-108.227582038
nelexAsjp_braten::V+allTrees	-70.1939733512
nelexAsjp_klingeln::V+allTrees	-96.2908938011
nelexAsjp_aufhängen::V+allTrees	-115.74018515
nelexAsjp_ich::PRN+allTrees	-128.476684517
nelexAsjp_fallenlassen::V+allTrees	-137.028378724
nelexAsjp_tanzen::V+allTrees	-91.2774852225
nelexAsjp_Winter::N+allTrees	-134.882008466
nelexAsjp_Schale::N+allTrees	-102.111111943
nelexAsjp_Ski::N+allTrees	-115.893655793
nelexAsjp_Hemd::N+allTrees	-126.328872355
nelexAsjp_rufen::V+allTrees	-123.439104929
nelexAsjp_traurig::A+allTrees	-119.350385188
nelexAsjp_Adler::N+allTrees	-72.3166124731
nelexAsjp_sausen::V+allTrees	-122.725782402
nelexAsjp_Tuch::N+allTrees	-115.491834987
nelexAsjp_Fluss::N+allTrees	-88.3216554603
nelexAsjp_zahlen::V+allTrees	-124.996864364
nelexAsjp_Körper::N+allTrees	-132.807834465
nelexAsjp_Luft::N+allTrees	-109.982908207
nelexAsjp_Rinde::N+allTrees	-118.706183701
nelexAsjp_Lärm::N+allTrees	-126.898264074
nelexAsjp_Frau::N+allTrees	-104.419777391
nelexAsjp_Stoff::N+allTrees	-155.485948167
nelexAsjp_Rauch::N+allTrees	-97.8871404619
nelexAsjp_Schaum::N+allTrees	-72.1247283311
nelexAsjp_wo::FADV+allTrees	-86.4486047409
nelexAsjp_Mutter::N+allTrees	-82.0288439507
nelexAsjp_Laut::N+allTrees	-99.0318882599
nelexAsjp_zudecken::V+allTrees	-114.693941795
nelexAsjp_lehren::V+allTrees	-87.1974335621
nelexAsjp_verschwinden::V+allTrees	-125.337001143
nelexAsjp_Kreuz::N+allTrees	-132.099188854
nelexAsjp_gefrieren::V+allTrees	-117.806792441
nelexAsjp_zurück::ADV+allTrees	-128.47314309
nelexAsjp_schön::A+allTrees	-93.9115898171
nelexAsjp_Hitze::N+allTrees	-127.700933139
nelexAsjp_wohin::FADV+allTrees	-89.3231205165
nelexAsjp_Brot::N+allTrees	-68.2799090927
nelexAsjp_BogenWaffe::N+allTrees	-102.464414841
nelexAsjp_hineingehen::V+allTrees	-125.017398223
nelexAsjp_kranksein::V+allTrees	-121.451319329
nelexAsjp_Stück::N+allTrees	-103.610627413
nelexAsjp_linker::A+allTrees	-111.544436501
nelexAsjp_erster::A+allTrees	-115.580588138
nelexAsjp_kräftig::A+allTrees	-120.215625197
nelexAsjp_kehren::V+allTrees	-77.4088932894
nelexAsjp_schenken::V+allTrees	-99.6548936053
nelexAsjp_vierzig::NUM+allTrees	-77.2003995343
nelexAsjp_vereinigen::V+allTrees	-108.75085274
nelexAsjp_krank::A+allTrees	-108.706919747
nelexAsjp_Bild::N+allTrees	-88.5474904944
nelexAsjp_auswählen::V+allTrees	-81.7772006304
nelexAsjp_lustig::A+allTrees	-124.905868315
nelexAsjp_dunkel::A+allTrees	-135.887837778
nelexAsjp_sichrühren::V+allTrees	-121.854559542
nelexAsjp_Zeit::N+allTrees	-88.7541821862
nelexAsjp_zwölf::NUM+allTrees	-80.7375470861
nelexAsjp_Schmetterling::N+allTrees	-118.472457001
nelexAsjp_einschlafen::V+allTrees	-99.4730577171
nelexAsjp_scharf::A+allTrees	-155.225575938
nelexAsjp_rennen::V+allTrees	-112.654133042
nelexAsjp_schwenken::V+allTrees	-96.0612964588
nelexAsjp_Höhe::N+allTrees	-85.4064130524
nelexAsjp_klopfen::V+allTrees	-102.705834604
nelexAsjp_einwickeln::V+allTrees	-94.862108397
nelexAsjp_neu::A+allTrees	-147.91387429
nelexAsjp_Himmel::N+allTrees	-121.932628461
nelexAsjp_zehn::NUM+allTrees	-121.553888413
nelexAsjp_kleben::V+allTrees	-88.5093288087
nelexAsjp_passieren::V+allTrees	-98.4891883435
nelexAsjp_Öl::N+allTrees	-111.204144103
nelexAsjp_Arbeit::N+allTrees	-131.754428806
nelexAsjp_verbinden::V+allTrees	-94.9018587431
nelexAsjp_kalt::A+allTrees	-129.337480567
nelexAsjp_klug::A+allTrees	-129.267236044
nelexAsjp_Schaufel::N+allTrees	-119.280685351
nelexAsjp_Märchen::N+allTrees	-110.678273184
nelexAsjp_Farbe::N+allTrees	-95.4604798705
nelexAsjp_Mund::N+allTrees	-113.289102318
nelexAsjp_neun::NUM+allTrees	-75.4499683702
nelexAsjp_Kleidung::N+allTrees	-127.026185858
nelexAsjp_stöhnen::V+allTrees	-100.547246415
nelexAsjp_reißen::V+allTrees	-140.092559727
nelexAsjp_färben::V+allTrees	-113.34890664
nelexAsjp_sitzen::V+allTrees	-97.6267617326
nelexAsjp_führen::V+allTrees	-111.110672163
nelexAsjp_Strömung::N+allTrees	-99.7332977265
nelexAsjp_wiegen::V+allTrees	-121.44789764
nelexAsjp_siegen::V+allTrees	-127.939103378
nelexAsjp_bringen::V+allTrees	-98.5021315625
nelexAsjp_erscheinen::V+allTrees	-117.748540094
nelexAsjp_fangen::V+allTrees	-109.576808775
nelexAsjp_kurz::A+allTrees	-122.130614474
nelexAsjp_Stirn::N+allTrees	-101.287607605
nelexAsjp_Haus::N+allTrees	-143.706320248
nelexAsjp_versprechen::V+allTrees	-86.4377093839
nelexAsjp_Lied::N+allTrees	-120.43890916
nelexAsjp_rund::A+allTrees	-90.9760852224
nelexAsjp_See::N+allTrees	-62.87918055
nelexAsjp_Huhn::N+allTrees	-75.4514076575
nelexAsjp_Ente::N+allTrees	-97.3179782853
nelexAsjp_lärmen::V+allTrees	-110.295281793
nelexAsjp_leiten::V+allTrees	-104.13789108
nelexAsjp_Entfernung::N+allTrees	-88.0192751084
nelexAsjp_unterrichten::V+allTrees	-90.5775831713
nelexAsjp_spülen::V+allTrees	-92.6818062642
nelexAsjp_Fell::N+allTrees	-107.423572116
nelexAsjp_Vogel::N+allTrees	-95.7985269162
nelexAsjp_verbessern::V+allTrees	-115.444335387
nelexAsjp_behindern::V+allTrees	-116.74666339
nelexAsjp_blau::A+allTrees	-108.313679628
nelexAsjp_zusammen::ADV+allTrees	-108.447617375
nelexAsjp_Eule::N+allTrees	-132.918930486
nelexAsjp_aufeinmal::ADV+allTrees	-92.6705629761
nelexAsjp_Spiel::N+allTrees	-83.0235690925
nelexAsjp_offen::A+allTrees	-127.543857854
nelexAsjp_schützen::V+allTrees	-100.340073657
nelexAsjp_Montag::N+allTrees	-99.8619171614
nelexAsjp_erzählen::V+allTrees	-126.567291665
nelexAsjp_Lehrer::N+allTrees	-126.437043908
nelexAsjp_Tanne::N+allTrees	-72.4566507736
nelexAsjp_Stange::N+allTrees	-124.525028238
nelexAsjp_Spur::N+allTrees	-88.9834025966
nelexAsjp_Tag::N+allTrees	-93.0916345743
nelexAsjp_Leiter::N+allTrees	-115.36657885
nelexAsjp_Loch::N+allTrees	-110.336702658
nelexAsjp_fleißig::A+allTrees	-117.561494503
nelexAsjp_zerreißen::V+allTrees	-103.674274789
nelexAsjp_böse::A+allTrees	-132.408409629
nelexAsjp_setzen::V+allTrees	-120.67244282
nelexAsjp_geborenwerden::V+allTrees	-121.007835116
nelexAsjp_Honig::N+allTrees	-71.3492974666
nelexAsjp_Schaden::N+allTrees	-70.0257012154
nelexAsjp_Geschirr::N+allTrees	-107.576516941
nelexAsjp_Boden::N+allTrees	-146.590463216
nelexAsjp_Kralle::N+allTrees	-101.958364342
nelexAsjp_glatt::A+allTrees	-130.882389642
nelexAsjp_schlafen::V+allTrees	-70.0834936911
nelexAsjp_lang::A+allTrees	-90.436093572
nelexAsjp_Kinn::N+allTrees	-86.4367025718
nelexAsjp_Sand::N+allTrees	-125.647494189
nelexAsjp_Flügel::N+allTrees	-93.9998289991
nelexAsjp_nähen::V+allTrees	-120.295745905
nelexAsjp_Last::N+allTrees	-116.351202372
nelexAsjp_Welle::N+allTrees	-91.1915917232
nelexAsjp_Tee::N+allTrees	-150.937491997
nelexAsjp_Fett::N+allTrees	-97.3890157964
nelexAsjp_Gelächter::N+allTrees	-129.841904871
nelexAsjp_anzünden::V+allTrees	-122.19283195
nelexAsjp_anschauen::V+allTrees	-159.41979563
nelexAsjp_abnehmen::V+allTrees	-103.050451499
nelexAsjp_achtzig::NUM+allTrees	-72.831727107
nelexAsjp_Ufer::N+allTrees	-96.8403070834
nelexAsjp_wählen::V+allTrees	-110.082854107
nelexAsjp_tun::V+allTrees	-102.682056378
nelexAsjp_Frühling::N+allTrees	-109.637229311
nelexAsjp_steigen::V+allTrees	-98.1766978501
nelexAsjp_Tropfen::N+allTrees	-105.891162077
nelexAsjp_kommen::V+allTrees	-75.0831557106
nelexAsjp_Fisch::N+allTrees	-113.859168364
nelexAsjp_vonhier::ADV+allTrees	-113.573823179
nelexAsjp_Leben::N+allTrees	-108.878306807
nelexAsjp_besitzen::V+allTrees	-138.24771699
nelexAsjp_hart::A+allTrees	-67.120913221
nelexAsjp_Zahn::N+allTrees	-108.334512737
nelexAsjp_Wunde::N+allTrees	-124.797827398
nelexAsjp_trinken::V+allTrees	-127.949507594
nelexAsjp_Stamm::N+allTrees	-116.034282259
nelexAsjp_jagen::V+allTrees	-137.259235045
nelexAsjp_wünschen::V+allTrees	-62.5088440892
nelexAsjp_bleiben::V+allTrees	-124.713159089
nelexAsjp_faulen::V+allTrees	-87.1483185765
nelexAsjp_Hügel::N+allTrees	-147.599607222
nelexAsjp_Kopf::N+allTrees	-90.4629404668
nelexAsjp_messen::V+allTrees	-103.83130781
nelexAsjp_mitteilen::V+allTrees	-103.942140609
nelexAsjp_wir::PRN+allTrees	-123.387070146
nelexAsjp_sterben::V+allTrees	-81.195878451
nelexAsjp_dorthin::ADV+allTrees	-109.19971499
nelexAsjp_Klaue::N+allTrees	-101.572015668
nelexAsjp_Lust::N+allTrees	-73.8978051794
nelexAsjp_Geschmack::N+allTrees	-99.0325955601
nelexAsjp_brennen::V+allTrees	-79.6899190404
nelexAsjp_versinken::V+allTrees	-100.140737664
nelexAsjp_Schwan::N+allTrees	-118.930049196
nelexAsjp_werfen::V+allTrees	-122.769005353
nelexAsjp_drei::NUM+allTrees	-107.379472888
nelexAsjp_schaukeln::V+allTrees	-88.6890500365
nelexAsjp_sofort::ADV+allTrees	-120.707469876
nelexAsjp_pflücken::V+allTrees	-89.8474186876
nelexAsjp_Kohle::N+allTrees	-102.961462771
nelexAsjp_durch::PRP+allTrees	-110.112534542
nelexAsjp_Gold::N+allTrees	-80.3938863846
nelexAsjp_frisch::A+allTrees	-77.1741880049
nelexAsjp_Krieg::N+allTrees	-97.9178578022
nelexAsjp_überall::ADV+allTrees	-98.8919262162
nelexAsjp_stehen::V+allTrees	-90.4342878043
nelexAsjp_wachsen::V+allTrees	-115.26625947
nelexAsjp_sammeln::V+allTrees	-89.1580142638
nelexAsjp_läuten::V+allTrees	-98.6661628023
nelexAsjp_Muster::N+allTrees	-92.5225516696
nelexAsjp_aufheben::V+allTrees	-95.7341599516
nelexAsjp_Quelle::N+allTrees	-71.1377293873
nelexAsjp_bewachen::V+allTrees	-126.298930128
nelexAsjp_Erzählung::N+allTrees	-122.582325614
nelexAsjp_Figur::N+allTrees	-129.33872668
nelexAsjp_ihr::PRN+allTrees	-83.4355468328
nelexAsjp_Decke::N+allTrees	-109.20028975
nelexAsjp_Wurm::N+allTrees	-81.6072550696
nelexAsjp_Ende::N+allTrees	-79.8899573629
nelexAsjp_Brett::N+allTrees	-84.5474775903
nelexAsjp_berühren::V+allTrees	-114.142893035
nelexAsjp_Sohn::N+allTrees	-89.4378536824
nelexAsjp_geraten::V+allTrees	-118.443727144
nelexAsjp_singen::V+allTrees	-99.4772193727
nelexAsjp_Oberschenkel::N+allTrees	-93.3078753109
nelexAsjp_Zunge::N+allTrees	-74.0766270769
nelexAsjp_sprechen::V+allTrees	-93.7502064785
nelexAsjp_damals::ADV+allTrees	-126.811193199
nelexAsjp_zuhören::V+allTrees	-90.8468566625
nelexAsjp_Gang::N+allTrees	-77.2100419181
nelexAsjp_malen::V+allTrees	-92.7708943496
nelexAsjp_hinab::ADV+allTrees	-105.632374737
nelexAsjp_zeichnen::V+allTrees	-107.113425388
nelexAsjp_Mittwoch::N+allTrees	-67.5793394846
nelexAsjp_Ton::N+allTrees	-123.941092532
nelexAsjp_faul::A+allTrees	-92.4754213239
nelexAsjp_aufziehen::V+allTrees	-100.979820932
nelexAsjp_ehemalig::A+allTrees	-103.502254494
nelexAsjp_sichsetzen::V+allTrees	-86.4289144427
nelexAsjp_Wunsch::N+allTrees	-113.039154346
nelexAsjp_kaum::ADV+allTrees	-119.573872429
nelexAsjp_Onkel::N+allTrees	-82.9475746391
nelexAsjp_Kehle::N+allTrees	-118.735678879
nelexAsjp_Schwarm::N+allTrees	-105.383630033
nelexAsjp_Macht::N+allTrees	-100.384040578
nelexAsjp_anziehen::V+allTrees	-78.0389704593
nelexAsjp_Feind::N+allTrees	-99.8183568079
nelexAsjp_Apfel::N+allTrees	-77.9565110054
nelexAsjp_Moor::N+allTrees	-108.448336888
nelexAsjp_immer::ADV+allTrees	-125.200841117
nelexAsjp_Sehne::N+allTrees	-114.77802309
nelexAsjp_Freude::N+allTrees	-126.425961127
nelexAsjp_Wald::N+allTrees	-122.321914077
nelexAsjp_finden::V+allTrees	-104.442190634
nelexAsjp_oder::CNJ+allTrees	-84.1092505186
nelexAsjp_wer::FPRN+allTrees	-134.350880739
nelexAsjp_binden::V+allTrees	-82.8624028411
nelexAsjp_reichen::V+allTrees	-109.389244968
nelexAsjp_töten::V+allTrees	-86.5942025679
nelexAsjp_Hahn::N+allTrees	-107.103365556
nelexAsjp_bitter::A+allTrees	-106.836690086
nelexAsjp_Gedächtnis::N+allTrees	-99.6006777429
nelexAsjp_aufstehen::V+allTrees	-105.904239145
nelexAsjp_NagelAnatomie::N+allTrees	-111.015755098
nelexAsjp_wahr::A+allTrees	-97.1436508925
nelexAsjp_Familie::N+allTrees	-105.080221553
nelexAsjp_Nadel::N+allTrees	-91.2443785511
nelexAsjp_Grube::N+allTrees	-115.048235686
nelexAsjp_Oktober::N+allTrees	-191.652714725
nelexAsjp_Besen::N+allTrees	-100.401097016
nelexAsjp_suchen::V+allTrees	-126.00166627
nelexAsjp_einst::ADV+allTrees	-118.895859944
nelexAsjp_leer::A+allTrees	-104.72335455
nelexAsjp_Tochter::N+allTrees	-71.5275732086
nelexAsjp_Reichtum::N+allTrees	-74.0100088918
nelexAsjp_hören::V+allTrees	-87.7607711398
nelexAsjp_Pilz::N+allTrees	-121.994571628
nelexAsjp_Tier::N+allTrees	-100.17251254
nelexAsjp_Korn::N+allTrees	-88.1137283504
nelexAsjp_Eisen::N+allTrees	-88.093765264
nelexAsjp_sichbewegen::V+allTrees	-122.575397911
nelexAsjp_heben::V+allTrees	-87.1855920966
nelexAsjp_Preis::N+allTrees	-102.049421787
nelexAsjp_reif::A+allTrees	-113.695163662
nelexAsjp_küssen::V+allTrees	-93.6819127072
nelexAsjp_Finger::N+allTrees	-108.559840506
nelexAsjp_Suppe::N+allTrees	-105.120611994
nelexAsjp_Knochen::N+allTrees	-99.4006740393
nelexAsjp_Krähe::N+allTrees	-119.126610003
nelexAsjp_fünfzig::NUM+allTrees	-105.564261636
nelexAsjp_gelingen::V+allTrees	-82.6423349414
nelexAsjp_Dienstag::N+allTrees	-88.8713181368
nelexAsjp_lieb::A+allTrees	-110.198473212
nelexAsjp_genesen::V+allTrees	-121.951757801
nelexAsjp_Hose::N+allTrees	-96.4341927869
nelexAsjp_scheinenSonne::V+allTrees	-104.704206104
nelexAsjp_fünf::NUM+allTrees	-117.8811504
nelexAsjp_Fuß::N+allTrees	-126.96594319
nelexAsjp_Osten::N+allTrees	-98.9836826938
nelexAsjp_verlieren::V+allTrees	-98.0840549269
nelexAsjp_spitz::A+allTrees	-101.435434733
nelexAsjp_Name::N+allTrees	-111.364020852
nelexAsjp_Februar::N+allTrees	-194.163867771
nelexAsjp_Stern::N+allTrees	-97.5171606487
nelexAsjp_schwer::A+allTrees	-105.501077605
nelexAsjp_das::PRN+allTrees	-65.8876397677
nelexAsjp_Zeitung::N+allTrees	-143.563752073
nelexAsjp_Nest::N+allTrees	-96.9363781622
nelexAsjp_Ehemann::N+allTrees	-143.92606272
nelexAsjp_Chef::N+allTrees	-113.695482835
nelexAsjp_Silber::N+allTrees	-77.4905385857
nelexAsjp_Frost::N+allTrees	-101.576073266
nelexAsjp_fein::A+allTrees	-94.1881345888
nelexAsjp_Holz::N+allTrees	-132.139495252
nelexAsjp_Pferd::N+allTrees	-99.6559763869
nelexAsjp_antreiben::V+allTrees	-94.8350257201
nelexAsjp_Kampf::N+allTrees	-89.1323397278
nelexAsjp_bekannt::A+allTrees	-94.2501174327
nelexAsjp_sinken::V+allTrees	-131.908448241
nelexAsjp_frieren::V+allTrees	-123.114607802
nelexAsjp_eins::NUM+allTrees	-70.4760442571
nelexAsjp_lassen::V+allTrees	-75.5827592943
nelexAsjp_Ort::N+allTrees	-102.800298632
nelexAsjp_heiß::A+allTrees	-138.298965202
nelexAsjp_jung::A+allTrees	-130.863175457
nelexAsjp_geschickt::A+allTrees	-87.7243120776
nelexAsjp_Riemen::N+allTrees	-107.585072342
nelexAsjp_Schnurrbart::N+allTrees	-113.534795819
nelexAsjp_kühl::A+allTrees	-93.776350281
nelexAsjp_Ofen::N+allTrees	-86.6390801919
nelexAsjp_Gras::N+allTrees	-108.409204652
nelexAsjp_altLebewesen::A+allTrees	-160.729029445
nelexAsjp_vorbereiten::V+allTrees	-86.4228084518
nelexAsjp_zunehmen::V+allTrees	-127.305078762
nelexAsjp_Rede::N+allTrees	-116.28562854
nelexAsjp_Messer::N+allTrees	-100.983841892
nelexAsjp_Nachricht::N+allTrees	-87.4263733079
nelexAsjp_später::ADV+allTrees	-112.356008389
nelexAsjp_Regenbogen::N+allTrees	-137.943616796
nelexAsjp_aufwachen::V+allTrees	-104.078216866
nelexAsjp_Erde::N+allTrees	-123.263052214
nelexAsjp_Nagel::N+allTrees	-142.787979408
nelexAsjp_packen::V+allTrees	-131.809084195
nelexAsjp_Schatten::N+allTrees	-81.2240832988
nelexAsjp_Speise::N+allTrees	-80.0582001061
nelexAsjp_Leute::N+allTrees	-95.759580024
nelexAsjp_morgen::ADV+allTrees	-102.437689804
nelexAsjp_Gipfel::N+allTrees	-79.4967921896
nelexAsjp_erwarten::V+allTrees	-119.420871145
nelexAsjp_Tür::N+allTrees	-56.7462151684
nelexAsjp_trocknen::V+allTrees	-107.86409588
nelexAsjp_sichversammeln::V+allTrees	-95.2746474824
nelexAsjp_erkennen::V+allTrees	-91.8832982305
nelexAsjp_sehen::V+allTrees	-87.810944445
nelexAsjp_Mittag::N+allTrees	-137.321619696
nelexAsjp_Kante::N+allTrees	-106.016548444
nelexAsjp_November::N+allTrees	-153.52864193
nelexAsjp_Hund::N+allTrees	-75.0935892037
nelexAsjp_Samstag::N+allTrees	-164.31290616
nelexAsjp_Küste::N+allTrees	-121.075876528
nelexAsjp_Angelegenheit::N+allTrees	-75.2121385407
nelexAsjp_schmelzen::V+allTrees	-86.3275972524
nelexAsjp_wollen::V+allTrees	-121.641679742
nelexAsjp_backen::V+allTrees	-94.5168492794
nelexAsjp_fliegen::V+allTrees	-123.587285768
nelexAsjp_ankommen::V+allTrees	-85.9953763649
nelexAsjp_wieviel::FNUM+allTrees	-104.758422855
nelexAsjp_Meer::N+allTrees	-113.058256141
nelexAsjp_schmerzen::V+allTrees	-87.5069689607
nelexAsjp_Nutzen::N+allTrees	-64.4674461126
nelexAsjp_schwach::A+allTrees	-97.2013537965
nelexAsjp_Blatt::N+allTrees	-74.9783204339
nelexAsjp_sicherholen::V+allTrees	-119.160010838
nelexAsjp_Feder::N+allTrees	-94.8894770875
nelexAsjp_Regen::N+allTrees	-94.9884353635
nelexAsjp_Tante::N+allTrees	-135.719554433
nelexAsjp_sanft::A+allTrees	-131.183336471
nelexAsjp_füllen::V+allTrees	-92.6789242152
nelexAsjp_siebzig::NUM+allTrees	-91.8486466955
nelexAsjp_pfeifen::V+allTrees	-101.649905566
nelexAsjp_täuschen::V+allTrees	-117.661174831
nelexAsjp_sichdrehen::V+allTrees	-92.0280662295
nelexAsjp_Schluss::N+allTrees	-81.2642167562
nelexAsjp_Mann::N+allTrees	-110.04752054
nelexAsjp_Lehm::N+allTrees	-109.752737815
nelexAsjp_schleppen::V+allTrees	-127.492866608
nelexAsjp_neunzig::NUM+allTrees	-78.6263185321
nelexAsjp_gut::A+allTrees	-125.224406948
nelexAsjp_Stimme::N+allTrees	-78.4893210393
nelexAsjp_kämmen::V+allTrees	-80.0683633915
nelexAsjp_beenden::V+allTrees	-83.7311603055
nelexAsjp_Kind::N+allTrees	-138.475200076
nelexAsjp_nennen::V+allTrees	-108.381856845
nelexAsjp_verschieden::A+allTrees	-94.5503647366
nelexAsjp_treffen::V+allTrees	-118.975706774
nelexAsjp_rechnen::V+allTrees	-66.8803394912
nelexAsjp_Knie::N+allTrees	-95.7774963925
nelexAsjp_ziehen::V+allTrees	-70.1483898656
nelexAsjp_beschädigen::V+allTrees	-115.34148893
nelexAsjp_Leber::N+allTrees	-90.4165937022
nelexAsjp_Hals::N+allTrees	-92.3172126075
nelexAsjp_schießen::V+allTrees	-126.585029824
nelexAsjp_Elch::N+allTrees	-118.065956495
nelexAsjp_schleifen::V+allTrees	-147.382037645
nelexAsjp_rückwärts::ADV+allTrees	-129.39772981
nelexAsjp_verkaufen::V+allTrees	-121.316435235
nelexAsjp_Atem::N+allTrees	-104.769783235
nelexAsjp_Kessel::N+allTrees	-105.494035515
nelexAsjp_Schmutz::N+allTrees	-157.900671329
nelexAsjp_Katze::N+allTrees	-113.742470028
nelexAsjp_Tisch::N+allTrees	-114.751975366
nelexAsjp_Fieber::N+allTrees	-100.696659438
nelexAsjp_zerbrechen::V+allTrees	-91.2099219475
nelexAsjp_biegen::V+allTrees	-140.450941274
nelexAsjp_Ohr::N+allTrees	-85.2426404679
nelexAsjp_alt::A+allTrees	-95.4360357912
nelexAsjp_Platz::N+allTrees	-117.727347461
nelexAsjp_Weide::N+allTrees	-147.322763374
nelexAsjp_nehmen::V+allTrees	-104.625911135
nelexAsjp_fern::A+allTrees	-91.2195500448
nelexAsjp_sichbeeilen::V+allTrees	-96.2459454328
nelexAsjp_Mensch::N+allTrees	-74.5876828173
nelexAsjp_Verstand::N+allTrees	-98.7310666216
nelexAsjp_schlimm::A+allTrees	-133.464676002
nelexAsjp_laufen::V+allTrees	-131.279827071
nelexAsjp_Gedanke::N+allTrees	-116.291590704
nelexAsjp_werden::V+allTrees	-93.2632067149
nelexAsjp_baden::V+allTrees	-133.451707429
nelexAsjp_Arzt::N+allTrees	-151.463349313
nelexAsjp_Mai::N+allTrees	-184.240245834
nelexAsjp_Brei::N+allTrees	-91.228446734
nelexAsjp_schlecht::A+allTrees	-70.2029305726
nelexAsjp_Anzahl::N+allTrees	-107.90177982
nelexAsjp_bauen::V+allTrees	-121.620990354
nelexAsjp_verstecken::V+allTrees	-109.06986087
nelexAsjp_aufgehenSonne::V+allTrees	-127.277948752
nelexAsjp_Arbeiter::N+allTrees	-74.3409965807
nelexAsjp_umrühren::V+allTrees	-84.6790707891
nelexAsjp_Fuchs::N+allTrees	-95.5946010879
nelexAsjp_Dorf::N+allTrees	-136.072060908
nelexAsjp_bellen::V+allTrees	-154.556683139
nelexAsjp_tausend::NUM+allTrees	-70.5445598051
nelexAsjp_unten::ADV+allTrees	-86.9358188262
nelexAsjp_Hase::N+allTrees	-85.5961323811
nelexAsjp_melken::V+allTrees	-90.9435893949
nelexAsjp_Gehirn::N+allTrees	-117.730555937
nelexAsjp_Faden::N+allTrees	-75.5802879006
nelexAsjp_schwimmen::V+allTrees	-121.281637693
nelexAsjp_Volk::N+allTrees	-99.3726578863
nelexAsjp_dünn::A+allTrees	-134.172003353
nelexAsjp_Tor::N+allTrees	-97.3437314556
nelexAsjp_Meister::N+allTrees	-155.776797562
nelexAsjp_enden::V+allTrees	-104.292381405
nelexAsjp_Glück::N+allTrees	-86.3935538194
nelexAsjp_plötzlich::ADV+allTrees	-109.742141886
nelexAsjp_acht::NUM+allTrees	-102.039682335
nelexAsjp_kratzen::V+allTrees	-107.632864753
nelexAsjp_Abhang::N+allTrees	-105.879522094
nelexAsjp_zurückkommen::V+allTrees	-100.444799756
nelexAsjp_Süden::N+allTrees	-108.661113465
nelexAsjp_Juli::N+allTrees	-167.234881993
nelexAsjp_vorwärts::ADV+allTrees	-108.178560147
nelexAsjp_Beutel::N+allTrees	-155.838263044
nelexAsjp_Schlaf::N+allTrees	-103.982199434
nelexAsjp_kochen::V+allTrees	-78.1485977572
nelexAsjp_stricken::V+allTrees	-73.2499689
nelexAsjp_Gegenstand::N+allTrees	-128.921095358
nelexAsjp_Kuh::N+allTrees	-73.6935013671
nelexAsjp_wegen::PRP+allTrees	-125.932978121
nelexAsjp_schreiben::V+allTrees	-86.4075585651
nelexAsjp_Schmerz::N+allTrees	-117.831595182
nelexAsjp_richtig::A+allTrees	-91.307749725
nelexAsjp_Rücken::N+allTrees	-90.3158563801
nelexAsjp_Wasser::N+allTrees	-73.4491542089
nelexAsjp_herstellen::V+allTrees	-101.684005685
nelexAsjp_Nacht::N+allTrees	-88.1371388856
nelexAsjp_beißen::V+allTrees	-103.521407621
nelexAsjp_fischen::V+allTrees	-123.207597584
nelexAsjp_Sumpf::N+allTrees	-179.783295774
nelexAsjp_wehen::V+allTrees	-83.6767254627
nelexAsjp_schlagen::V+allTrees	-141.321258977
nelexAsjp_dickGegenstand::A+allTrees	-120.529132444
nelexAsjp_schwarz::A+allTrees	-99.1870515746
nelexAsjp_wenden::V+allTrees	-69.4402805065
nelexAsjp_Pfad::N+allTrees	-79.1618308156
nelexAsjp_dumm::A+allTrees	-80.8286809138
nelexAsjp_Mond::N+allTrees	-105.779816578
nelexAsjp_Brief::N+allTrees	-73.242191536
nelexAsjp_füttern::V+allTrees	-109.066579965
nelexAsjp_Schulter::N+allTrees	-141.584972486
nelexAsjp_rauschen::V+allTrees	-88.2054362343
nelexAsjp_Butter::N+allTrees	-138.162398978
nelexAsjp_Traum::N+allTrees	-61.4520091558
nelexAsjp_Handfläche::N+allTrees	-135.069391257
nelexAsjp_Kragen::N+allTrees	-144.061279891
nelexAsjp_zusehensein::V+allTrees	-90.1048114841
nelexAsjp_bald::ADV+allTrees	-110.782476304
nelexAsjp_stechen::V+allTrees	-113.20467511
nelexAsjp_Dach::N+allTrees	-74.9359939738
nelexAsjp_Geschenk::N+allTrees	-89.8322702873
nelexAsjp_sagen::V+allTrees	-129.790486301
nelexAsjp_Schloss::N+allTrees	-101.591563861
nelexAsjp_teilen::V+allTrees	-73.4340576735
nelexAsjp_Netz::N+allTrees	-103.72699155
nelexAsjp_Deckel::N+allTrees	-71.9105359784
nelexAsjp_sechzig::NUM+allTrees	-84.1321679022
nelexAsjp_Gespräch::N+allTrees	-117.648827787
nelexAsjp_neben::PRP+allTrees	-133.243017042
nelexAsjp_Alter::N+allTrees	-107.146722577
nelexAsjp_Zwiebel::N+allTrees	-106.935442746
nelexAsjp_Ei::N+allTrees	-65.8112388658
nelexAsjp_Boot::N+allTrees	-122.416790276
nelexAsjp_roh::A+allTrees	-84.2230665574
nelexAsjp_Blume::N+allTrees	-90.4982065704
nelexAsjp_Ehefrau::N+allTrees	-141.341819018
nelexAsjp_Höhle::N+allTrees	-74.4416387913
nelexAsjp_nicht::ADV+allTrees	-77.5441462008
nelexAsjp_so::ADV+allTrees	-121.447809351
nelexAsjp_bekommen::V+allTrees	-91.5951948893
nelexAsjp_Freitag::N+allTrees	-64.4425552128
nelexAsjp_Heim::N+allTrees	-114.14185955
nelexAsjp_lecken::V+allTrees	-66.130117505
nelexAsjp_Milch::N+allTrees	-103.379430505
nelexAsjp_lebendig::A+allTrees	-121.309561557
nelexAsjp_sichfürchten::V+allTrees	-112.498248163
nelexAsjp_klingen::V+allTrees	-151.803523752
nelexAsjp_Sonne::N+allTrees	-127.545003045
nelexAsjp_Wange::N+allTrees	-144.630546778
nelexAsjp_öffnen::V+allTrees	-109.835574773
nelexAsjp_Stab::N+allTrees	-87.1147191532
nelexAsjp_fliehen::V+allTrees	-69.8102850874
nelexAsjp_Land::N+allTrees	-94.4578686499
nelexAsjp_Eis::N+allTrees	-92.8323147232
nelexAsjp_ändern::V+allTrees	-79.2303979237
nelexAsjp_blasen::V+allTrees	-74.8474061132
nelexAsjp_schneiden::V+allTrees	-120.869801854
nelexAsjp_September::N+allTrees	-133.911425379
nelexAsjp_Ameise::N+allTrees	-85.9022668608
nelexAsjp_Unglück::N+allTrees	-103.25432801
nelexAsjp_Donnerstag::N+allTrees	-74.3934261302
nelexAsjp_leben::V+allTrees	-85.3919373403
nelexAsjp_August::N+allTrees	-176.695654213
nelexAsjp_Genick::N+allTrees	-96.177719144
nelexAsjp_Sinn::N+allTrees	-125.890061351
nelexAsjp_Tod::N+allTrees	-104.616946545
nelexAsjp_Reihe::N+allTrees	-130.509807325
nelexAsjp_hell::A+allTrees	-106.031880664
nelexAsjp_Art::N+allTrees	-57.0465604685
nelexAsjp_Platte::N+allTrees	-113.035968369
nelexAsjp_wertvoll::A+allTrees	-110.273017525
nelexAsjp_Rätsel::N+allTrees	-100.314064908
nelexAsjp_Barsch::N+allTrees	-80.3720011511
nelexAsjp_Stadt::N+allTrees	-92.9334818544
nelexAsjp_sichschlagen::V+allTrees	-132.998195867
nelexAsjp_Junge::N+allTrees	-143.170407485
nelexAsjp_lernen::V+allTrees	-97.2684530321
nelexAsjp_Herde::N+allTrees	-89.6054197219
nelexAsjp_hier::ADV+allTrees	-115.523533941
nelexAsjp_Ruder::N+allTrees	-115.147488001
nelexAsjp_klettern::V+allTrees	-85.1765249711
nelexAsjp_stark::A+allTrees	-95.0798328244
nelexAsjp_vergebens::ADV+allTrees	-150.274789465
nelexAsjp_Getreide::N+allTrees	-92.3559962551
nelexAsjp_Haken::N+allTrees	-91.0895056513
nelexAsjp_verfaulen::V+allTrees	-75.5356133679
nelexAsjp_schwanken::V+allTrees	-109.98327894
nelexAsjp_anderer::A+allTrees	-151.745630494
nelexAsjp_heute::ADV+allTrees	-115.211854928
nelexAsjp_fließen::V+allTrees	-80.5849387594
nelexAsjp_Insel::N+allTrees	-75.6321199261
nelexAsjp_sauer::A+allTrees	-114.569377045
nelexAsjp_graben::V+allTrees	-89.7263697644
nelexAsjp_nass::A+allTrees	-115.839107982
nelexAsjp_Band::N+allTrees	-120.320690971
nelexAsjp_scheinen::V+allTrees	-68.0213288725
nelexAsjp_schütten::V+allTrees	-62.8869165469
nelexAsjp_sehr::ADV+allTrees	-93.8783430144
nelexAsjp_nackt::A+allTrees	-102.769996524
nelexAsjp_Gewicht::N+allTrees	-87.5162668725
nelexAsjp_aufhören::V+allTrees	-92.5506421345
nelexAsjp_bunt::A+allTrees	-136.189615182
nelexAsjp_anhalten::V+allTrees	-122.467119264
nelexAsjp_stoßen::V+allTrees	-122.556183184
nelexAsjp_müdewerden::V+allTrees	-127.769803925
nelexAsjp_Bulle::N+allTrees	-86.5236793502
nelexAsjp_stehlen::V+allTrees	-94.4453123919
nelexAsjp_zwei::NUM+allTrees	-125.896359467
nelexAsjp_fürchten::V+allTrees	-114.311743446
nelexAsjp_Dreck::N+allTrees	-111.791986923
nelexAsjp_Baum::N+allTrees	-105.621302646
nelexAsjp_atmen::V+allTrees	-94.9015041912
nelexAsjp_Ast::N+allTrees	-111.413719846
nelexAsjp_weiß::A+allTrees	-116.446085893
nelexAsjp_zwischen::PRP+allTrees	-93.6871193463
nelexAsjp_ergreifen::V+allTrees	-122.662644617
nelexAsjp_fühlen::V+allTrees	-134.797591382
nelexAsjp_rauchen::V+allTrees	-90.5581404954
nelexAsjp_Wahrheit::N+allTrees	-134.708174971
nelexAsjp_zuerst::ADV+allTrees	-102.1857506
nelexAsjp_schieben::V+allTrees	-124.711804338
nelexAsjp_arbeiten::V+allTrees	-117.67586204
nelexAsjp_oft::ADV+allTrees	-115.171187012
nelexAsjp_spielen::V+allTrees	-128.750703229
nelexAsjp_Nabel::N+allTrees	-79.550716278
nelexAsjp_danach::ADV+allTrees	-115.085524863
nelexAsjp_verstehen::V+allTrees	-103.66625076
nelexAsjp_Ferse::N+allTrees	-128.828458206
nelexAsjp_Brust::N+allTrees	-100.505032891
nelexAsjp_geradeaus::ADV+allTrees	-108.837820858
nelexAsjp_Ruf::N+allTrees	-95.50041406
nelexAsjp_Zaun::N+allTrees	-83.6037916952
nelexAsjp_Horn::N+allTrees	-94.4642564805
nelexAsjp_Bart::N+allTrees	-88.4086096334
nelexAsjp_fahren::V+allTrees	-104.921773936
nelexAsjp_Ader::N+allTrees	-90.9744198178
nelexAsjp_Kranich::N+allTrees	-102.454789391
nelexAsjp_ausziehen::V+allTrees	-138.200398503
nelexAsjp_Gesicht::N+allTrees	-126.389998105
nelexAsjp_verteidigen::V+allTrees	-105.56414652
nelexAsjp_Gewalt::N+allTrees	-72.3243126978
nelexAsjp_Knopf::N+allTrees	-92.1607548188
nelexAsjp_Januar::N+allTrees	-168.397582263
nelexAsjp_vier::NUM+allTrees	-89.3938665572
nelexAsjp_Zweig::N+allTrees	-119.707021671
nelexAsjp_schon::ADV+allTrees	-97.1468638879
nelexAsjp_Griff::N+allTrees	-121.794797217
