dataMatrix_danach::ADV	-224.629611598
dataMatrix_Nahrung::N	-288.289146845
dataMatrix_Schaum::N	-290.721120753
dataMatrix_beruehren::V	-241.471420466
dataMatrix_Tier::N	-223.26963038
dataMatrix_fest::A	-262.0708646
dataMatrix_Spiel::N	-207.538744495
dataMatrix_Wange::N	-297.943552293
dataMatrix_Herz::N	-283.679487411
dataMatrix_bedecken::V	-241.695918871
dataMatrix_klettern::V	-223.160969824
dataMatrix_gestern::ADV	-277.104991476
dataMatrix_Name::N	-264.19316084
dataMatrix_Nutzen::N	-231.565917508
dataMatrix_eintreten::V	-303.911109946
dataMatrix_gefrieren::V	-243.656818868
dataMatrix_faerben::V	-307.352094429
dataMatrix_Nachricht::N	-209.510027744
dataMatrix_sichruehren::V	-261.879619978
dataMatrix_sauber::A	-246.820758398
dataMatrix_melken::V	-269.070768264
dataMatrix_Kehle::N	-229.433659737
dataMatrix_Speise::N	-257.152186499
dataMatrix_antreiben::V	-252.114625708
dataMatrix_finden::V	-236.81050825
dataMatrix_linker::A	-241.940207115
dataMatrix_Fieber::N	-215.940610964
dataMatrix_klingen::V	-254.399857903
dataMatrix_Oberschenkel::N	-231.066570261
dataMatrix_aufgehen[Sonne]::V	-248.658593432
dataMatrix_Schmutz::N	-310.435832296
dataMatrix_Spur::N	-271.090738336
dataMatrix_laeuten::V	-270.976519051
dataMatrix_Geist::N	-253.520991297
dataMatrix_Essen::N	-244.817856004
dataMatrix_zahlen::V	-196.42401506
dataMatrix_Samstag::N	-192.689082575
dataMatrix_erster::A	-288.086816588
dataMatrix_rechter::A	-201.802448878
dataMatrix_Kummer::N	-195.243604316
dataMatrix_Tisch::N	-207.541685976
dataMatrix_enden::V	-227.130353952
dataMatrix_schimpfen::V	-301.125978802
dataMatrix_er::PRN	-234.952080682
dataMatrix_reiben::V	-211.608079445
dataMatrix_Stein::N	-227.565828946
dataMatrix_stechen::V	-254.405772941
dataMatrix_teilen::V	-267.748472979
dataMatrix_Raureif::N	-268.439738911
dataMatrix_Gabel::N	-227.919575764
dataMatrix_Stock::N	-237.581675335
dataMatrix_denken::V	-224.913797221
dataMatrix_Elch::N	-293.820877258
dataMatrix_Birke::N	-318.511709328
dataMatrix_husten::V	-272.906074699
dataMatrix_trocknen::V	-289.656108857
dataMatrix_frieren::V	-300.822696072
dataMatrix_wechseln::V	-271.860038396
dataMatrix_fuettern::V	-255.941875851
dataMatrix_hinab::ADV	-224.855294093
dataMatrix_Montag::N	-189.544044015
dataMatrix_Brust::N	-320.337306018
dataMatrix_Tor::N	-242.932232528
dataMatrix_Abstand::N	-182.900623808
dataMatrix_Last::N	-232.574608045
dataMatrix_Pfad::N	-223.618855913
dataMatrix_stoehnen::V	-297.429401666
dataMatrix_Hemd::N	-317.59950981
dataMatrix_Adler::N	-281.896911258
dataMatrix_Tanne::N	-388.209333586
dataMatrix_und::CNJ	-184.197982864
dataMatrix_Festland::N	-251.440558919
dataMatrix_du::PRN	-271.814730698
dataMatrix_lesen::V	-279.384135341
dataMatrix_Abend::N	-261.38806847
dataMatrix_kranksein::V	-297.384406345
dataMatrix_Wind::N	-288.717709157
dataMatrix_hell::A	-272.574747281
dataMatrix_giessen::V	-263.034463771
dataMatrix_geizig::A	-242.030304877
dataMatrix_Fluss::N	-258.691031501
dataMatrix_Kampf::N	-269.914032774
dataMatrix_Maedchen::N	-251.783593846
dataMatrix_schlucken::V	-358.482727574
dataMatrix_Onkel::N	-234.331585199
dataMatrix_aendern::V	-191.44270964
dataMatrix_fuerchten::V	-230.271475841
dataMatrix_stellen::V	-263.554312716
dataMatrix_Wurzel::N	-313.84272024
dataMatrix_geschickt::A	-209.201439406
dataMatrix_Leute::N	-284.550998064
dataMatrix_krankwerden::V	-320.894746945
dataMatrix_Lied::N	-273.738573724
dataMatrix_bleiben::V	-212.641528886
dataMatrix_Knoten::N	-277.664797209
dataMatrix_verderben::V	-242.417332171
dataMatrix_umruehren::V	-285.054294853
dataMatrix_Traum::N	-249.154111809
dataMatrix_beenden::V	-201.414551156
dataMatrix_Lehm::N	-239.67442819
dataMatrix_Meister::N	-215.988711798
dataMatrix_fahren::V	-271.571472792
dataMatrix_Grossmutter::N	-218.055065291
dataMatrix_Familie::N	-192.093750508
dataMatrix_grau::A	-266.966131491
dataMatrix_Herde::N	-263.896987342
dataMatrix_November::N	-231.048698054
dataMatrix_rudern::V	-259.969840201
dataMatrix_Stadt::N	-179.560481682
dataMatrix_drei::NUM	-265.036473996
dataMatrix_Baer::N	-245.392758223
dataMatrix_rueckwaerts::ADV	-371.572969307
dataMatrix_stroemen::V	-332.828997431
dataMatrix_Gesellschaft::N	-253.625646318
dataMatrix_Horn::N	-304.62905589
dataMatrix_Deckel::N	-297.871060376
dataMatrix_roh::A	-249.370559899
dataMatrix_Maus::N	-315.27831763
dataMatrix_Geschmack::N	-234.669985041
dataMatrix_fliehen::V	-216.196003493
dataMatrix_Ameise::N	-276.12406335
dataMatrix_Tasche::N	-214.631090436
dataMatrix_fallen::V	-263.276171758
dataMatrix_Meer::N	-216.291221612
dataMatrix_aufeinmal::ADV	-301.042016065
dataMatrix_abreissen::V	-276.781057775
dataMatrix_Suppe::N	-238.440436919
dataMatrix_ausziehen::V	-295.460223536
dataMatrix_Haken::N	-240.574128878
dataMatrix_schwanken::V	-268.759448153
dataMatrix_Vogel::N	-243.661584021
dataMatrix_Kreis::N	-236.240198645
dataMatrix_Kuckuck::N	-285.643332808
dataMatrix_rund::A	-213.361905728
dataMatrix_naehen::V	-392.564280103
dataMatrix_sichversammeln::V	-247.980507156
dataMatrix_Quelle::N	-289.891797026
dataMatrix_Fliege::N	-318.888384937
dataMatrix_Stiefel::N	-212.568977622
dataMatrix_geradeaus::ADV	-346.885110084
dataMatrix_klopfen::V	-260.89447958
dataMatrix_ich::PRN	-268.583587994
dataMatrix_Funke::N	-184.036536042
dataMatrix_Fruehling::N	-293.905690769
dataMatrix_Regal::N	-243.470230479
dataMatrix_Luege::N	-245.991816864
dataMatrix_Rauch::N	-308.305823808
dataMatrix_Sprache::N	-293.802832638
dataMatrix_rechnen::V	-188.541078283
dataMatrix_einwickeln::V	-260.18478015
dataMatrix_vor::PRP	-173.453089942
dataMatrix_Gott::N	-240.503675033
dataMatrix_Tropfen::N	-216.864870034
dataMatrix_kehren::V	-424.533620327
dataMatrix_Schwanz::N	-209.664954553
dataMatrix_riechen::V	-331.433343656
dataMatrix_spazierengehen::V	-233.835269793
dataMatrix_flach::A	-193.658724687
dataMatrix_sichschlagen::V	-245.992931172
dataMatrix_beherrschen::V	-183.27536129
dataMatrix_Erzaehlung::N	-279.607448796
dataMatrix_aufhoeren::V	-211.292136141
dataMatrix_Mitte::N	-220.354264733
dataMatrix_Tag::N	-317.692750478
dataMatrix_toeten::V	-233.509908784
dataMatrix_gehen::V	-203.458743324
dataMatrix_Bruecke::N	-321.865385864
dataMatrix_fleissig::A	-266.033884877
dataMatrix_Juli::N	-323.224089739
dataMatrix_verteidigen::V	-232.215168302
dataMatrix_dann::ADV	-254.138646501
dataMatrix_sausen::V	-256.31499777
dataMatrix_Februar::N	-198.189607026
dataMatrix_Staat::N	-171.706808741
dataMatrix_abschneiden::V	-248.843694465
dataMatrix_Ring::N	-240.312011377
dataMatrix_schon::ADV	-205.26632038
dataMatrix_arm::A	-273.590629916
dataMatrix_brausen::V	-308.08391364
dataMatrix_umdrehen::V	-260.414751937
dataMatrix_binden::V	-190.192898989
dataMatrix_Bau::N	-271.094065718
dataMatrix_Sueden::N	-230.817311814
dataMatrix_zaehlen::V	-267.307765855
dataMatrix_Grab::N	-167.696944931
dataMatrix_Leiter::N	-256.596266252
dataMatrix_Wunde::N	-314.676128222
dataMatrix_anzuenden::V	-230.244404097
dataMatrix_Erde::N	-222.972460106
dataMatrix_erscheinen::V	-233.806847958
dataMatrix_scheinen::V	-247.001178083
dataMatrix_Genick::N	-303.7596984
dataMatrix_Farbe::N	-235.811474462
dataMatrix_Woche::N	-279.030472556
dataMatrix_vonhier::ADV	-238.456958303
dataMatrix_Stamm::N	-233.492706928
dataMatrix_wegen::PRP	-236.039584372
dataMatrix_Hoehe::N	-234.980893585
dataMatrix_verbessern::V	-245.143599517
dataMatrix_so::ADV	-211.106875931
dataMatrix_weich::A	-252.359713526
dataMatrix_taeuschen::V	-290.922655351
dataMatrix_Januar::N	-262.258473221
dataMatrix_breit::A	-298.710097422
dataMatrix_Heu::N	-285.109516381
dataMatrix_Traene::N	-345.940825665
dataMatrix_packen::V	-235.614842008
dataMatrix_sichdrehen::V	-272.774214475
dataMatrix_Tuch::N	-268.518048198
dataMatrix_Luft::N	-352.530380741
dataMatrix_Riemen::N	-278.562238752
dataMatrix_fremd::A	-257.078394376
dataMatrix_Grube::N	-251.421349019
dataMatrix_Fussboden::N	-316.438548093
dataMatrix_Mittwoch::N	-244.126274259
dataMatrix_Mund::N	-366.13082026
dataMatrix_April::N	-284.15863364
dataMatrix_glaenzen::V	-289.592489065
dataMatrix_Regenbogen::N	-342.444562018
dataMatrix_anziehen::V	-240.487804106
dataMatrix_Juni::N	-296.43856822
dataMatrix_fragen::V	-247.292207379
dataMatrix_Grossvater::N	-223.014089427
dataMatrix_lassen::V	-242.506208861
dataMatrix_auswaehlen::V	-268.228306005
dataMatrix_stehen::V	-268.117439995
dataMatrix_Geschaeft::N	-242.403911703
dataMatrix_Berg::N	-222.567178225
dataMatrix_passieren::V	-250.423725099
dataMatrix_druecken::V	-199.627685859
dataMatrix_Gelaechter::N	-279.513951086
dataMatrix_probieren::V	-245.463187666
dataMatrix_Zunge::N	-326.694029679
dataMatrix_Besen::N	-283.383699275
dataMatrix_Kragen::N	-277.44618111
dataMatrix_lieben::V	-226.096238491
dataMatrix_messen::V	-234.86333532
dataMatrix_blasen::V	-305.158781136
dataMatrix_verbrennen::V	-275.371178631
dataMatrix_oben::ADV	-294.092175258
dataMatrix_wahr::A	-198.355031671
dataMatrix_Schale::N	-258.267773782
dataMatrix_einschlafen::V	-314.259108725
dataMatrix_Kuh::N	-272.32079232
dataMatrix_zusammen::ADV	-259.048976844
dataMatrix_schreiben::V	-338.883047556
dataMatrix_einladen::V	-225.116917612
dataMatrix_Strich::N	-224.243285305
dataMatrix_ruetteln::V	-249.249486948
dataMatrix_reichen::V	-238.589789627
dataMatrix_begreifen::V	-270.293154958
dataMatrix_heulen::V	-215.721430761
dataMatrix_Asche::N	-266.823566187
dataMatrix_Vater::N	-239.125173772
dataMatrix_Dorf::N	-285.274550771
dataMatrix_Pferd::N	-253.368767729
dataMatrix_treten::V	-258.467118192
dataMatrix_erhalten::V	-324.057240542
dataMatrix_Leben::N	-171.963640424
dataMatrix_Wiese::N	-213.534169671
dataMatrix_bringen::V	-288.315134311
dataMatrix_Buch::N	-223.745728924
dataMatrix_eins::NUM	-247.019521188
dataMatrix_Schlaf::N	-228.156293254
dataMatrix_Beutel::N	-283.226876759
dataMatrix_Geschenk::N	-246.314719396
dataMatrix_Gesundheit::N	-194.194316863
dataMatrix_heben::V	-272.838324384
dataMatrix_Arzt::N	-190.365049094
dataMatrix_dort::ADV	-275.953918226
dataMatrix_Laden::N	-190.172386523
dataMatrix_Ware::N	-194.697877838
dataMatrix_besuchen::V	-245.530456843
dataMatrix_Kraft::N	-246.772286703
dataMatrix_wollen::V	-261.41696555
dataMatrix_Stern::N	-216.58603496
dataMatrix_vorwaerts::ADV	-294.794450861
dataMatrix_kratzen::V	-251.332360423
dataMatrix_manchmal::ADV	-211.267320169
dataMatrix_trocken::A	-230.887925691
dataMatrix_Nabel::N	-387.755967074
dataMatrix_Stab::N	-271.846442334
dataMatrix_hinfallen::V	-282.422774566
dataMatrix_Teil::N	-219.053166796
dataMatrix_Ende::N	-240.30044265
dataMatrix_Koenig::N	-183.453063301
dataMatrix_lernen::V	-217.053813746
dataMatrix_Hand::N	-203.478968559
dataMatrix_Gedaechtnis::N	-230.74381183
dataMatrix_Bogen[Waffe]::N	-209.351059588
dataMatrix_Ehemann::N	-232.923807948
dataMatrix_schreiten::V	-298.107896858
dataMatrix_Kralle::N	-211.545270115
dataMatrix_siebzig::NUM	-327.253808227
dataMatrix_Glas::N	-259.474586605
dataMatrix_suess::A	-282.346878496
dataMatrix_Laut::N	-252.721485253
dataMatrix_achtzig::NUM	-342.908087878
dataMatrix_oeffnen::V	-233.166625255
dataMatrix_Schwan::N	-312.390994347
dataMatrix_Haut::N	-200.816538469
dataMatrix_Grund::N	-219.777621037
dataMatrix_Nase::N	-363.475858163
dataMatrix_sichunterhalten::V	-275.075398738
dataMatrix_Sonne::N	-303.815893446
dataMatrix_Winter::N	-273.322211641
dataMatrix_Mittag::N	-221.270564331
dataMatrix_donnern::V	-280.660519135
dataMatrix_schlimm::A	-297.114096644
dataMatrix_Westen::N	-249.478569412
dataMatrix_dumm::A	-243.489504317
dataMatrix_Handflaeche::N	-268.245552494
dataMatrix_Sehne::N	-244.256678339
dataMatrix_versprechen::V	-225.012934242
dataMatrix_koennen::V	-223.249886579
dataMatrix_Arznei::N	-144.826493775
dataMatrix_abwischen::V	-351.904805781
dataMatrix_schiessen::V	-285.944757424
dataMatrix_Donnerstag::N	-258.906705423
dataMatrix_kaum::ADV	-260.232071317
dataMatrix_sammeln::V	-336.250300963
dataMatrix_Mutter::N	-259.527004864
dataMatrix_Baum::N	-306.097798955
dataMatrix_genesen::V	-282.513294849
dataMatrix_rennen::V	-246.841857043
dataMatrix_Ofen::N	-236.235080583
dataMatrix_Mensch::N	-247.27465052
dataMatrix_Puppe::N	-219.056668337
dataMatrix_fliegen::V	-260.723581094
dataMatrix_Barsch::N	-337.165412763
dataMatrix_anschauen::V	-237.109038649
dataMatrix_braten::V	-240.199651544
dataMatrix_teuer::A	-250.863815349
dataMatrix_Weide::N	-228.554984094
dataMatrix_haengen::V	-320.290157961
dataMatrix_verbinden::V	-274.424702832
dataMatrix_Tante::N	-249.410716224
dataMatrix_Verstand::N	-206.89012332
dataMatrix_klingeln::V	-227.646898047
dataMatrix_sprechen::V	-271.966548544
dataMatrix_muedewerden::V	-254.023229476
dataMatrix_Monat::N	-282.887020491
dataMatrix_Figur::N	-231.164187394
dataMatrix_tragen::V	-200.618036671
dataMatrix_Kinn::N	-263.369469054
dataMatrix_fuehlen::V	-238.51185103
dataMatrix_ertragen::V	-287.743890419
dataMatrix_Wiege::N	-235.679925504
dataMatrix_gelingen::V	-231.854090506
dataMatrix_Anzahl::N	-246.699635308
dataMatrix_dick[Gegenstand]::A	-293.978638753
dataMatrix_Schwester::N	-251.847534123
dataMatrix_schuetteln::V	-224.801140173
dataMatrix_Schnurrbart::N	-272.609517855
dataMatrix_tauen::V	-276.36925495
dataMatrix_Koerper::N	-307.440435493
dataMatrix_moegen::V	-268.446377853
dataMatrix_reden::V	-344.765155002
dataMatrix_Bart::N	-391.551202228
dataMatrix_hineingehen::V	-214.786070567
dataMatrix_beissen::V	-254.188895356
dataMatrix_Decke::N	-260.062951451
dataMatrix_treffen::V	-293.081196868
dataMatrix_Rohr::N	-292.000974835
dataMatrix_hinter::PRP	-252.281106761
dataMatrix_Hunger::N	-255.985002671
dataMatrix_Geschirr::N	-288.644245347
dataMatrix_Holz::N	-265.800719709
dataMatrix_fliessen::V	-209.601635488
dataMatrix_Milch::N	-568.417550974
dataMatrix_reinigen::V	-181.797234889
dataMatrix_fischen::V	-246.105145346
dataMatrix_glauben::V	-308.953791029
dataMatrix_leben::V	-264.867565379
dataMatrix_verbergen::V	-253.999627522
dataMatrix_Norden::N	-291.465655996
dataMatrix_Angelegenheit::N	-162.06934254
dataMatrix_Haufen::N	-334.013395605
dataMatrix_Zweig::N	-205.711916743
dataMatrix_beruehmt::A	-202.400047672
dataMatrix_kochen::V	-242.515269898
dataMatrix_Kraehe::N	-280.641866404
dataMatrix_backen::V	-252.196102073
dataMatrix_Sohn::N	-273.534433788
dataMatrix_Arbeit::N	-263.053033622
dataMatrix_warm::A	-253.94444611
dataMatrix_zwischen::PRP	-242.803067529
dataMatrix_Kranich::N	-208.19564803
dataMatrix_taub::A	-251.168789625
dataMatrix_Lagerfeuer::N	-320.69825743
dataMatrix_Kissen::N	-294.199459013
dataMatrix_einwenig::ADV	-263.675019087
dataMatrix_schliessen::V	-249.218024453
dataMatrix_Maerchen::N	-277.492766289
dataMatrix_Topf::N	-198.964519147
dataMatrix_geschlossen::A	-243.929701287
dataMatrix_Boden::N	-207.103378472
dataMatrix_zehn::NUM	-352.97085643
dataMatrix_baden::V	-309.300423296
dataMatrix_Schuh::N	-235.563566475
dataMatrix_steigen::V	-267.145702224
dataMatrix_Maerz::N	-245.667334742
dataMatrix_ehemalig::A	-257.261617421
dataMatrix_bekommen::V	-267.799699912
dataMatrix_vier::NUM	-283.740507713
dataMatrix_sichanziehen::V	-252.532456846
dataMatrix_Zahn::N	-295.02141863
dataMatrix_Nebel::N	-242.067214284
dataMatrix_hinzufuegen::V	-223.242190015
dataMatrix_Falle::N	-240.537755097
dataMatrix_Freund::N	-241.308718199
dataMatrix_scheinen[Sonne]::V	-271.294858206
dataMatrix_Huhn::N	-225.256841062
dataMatrix_fluechten::V	-315.441001483
dataMatrix_jagen::V	-308.369924767
dataMatrix_Loeffel::N	-308.467014752
dataMatrix_See::N	-269.979891902
dataMatrix_Morgen::N	-201.872141006
dataMatrix_erzaehlen::V	-258.184357998
dataMatrix_beginnen::V	-259.330958364
dataMatrix_stumpf::A	-254.428387375
dataMatrix_betruegen::V	-317.474377974
dataMatrix_lebendig::A	-314.317631176
dataMatrix_Zeh::N	-293.437213276
dataMatrix_Haus::N	-188.497295404
dataMatrix_Mai::N	-426.806426966
dataMatrix_sechs::NUM	-310.157004376
dataMatrix_Staub::N	-210.811934678
dataMatrix_Arbeiter::N	-218.123698992
dataMatrix_lieb::A	-282.767173082
dataMatrix_noch::ADV	-312.181990424
dataMatrix_singen::V	-256.256830683
dataMatrix_bellen::V	-377.74049882
dataMatrix_zurueckkommen::V	-220.5159646
dataMatrix_sicherinnernan::V	-235.879041901
dataMatrix_Eis::N	-363.293767027
dataMatrix_wachsen::V	-300.915668313
dataMatrix_Ruf::N	-232.307424835
dataMatrix_Hahn::N	-273.951112375
dataMatrix_waschen::V	-227.368255381
dataMatrix_Blatt::N	-324.400457051
dataMatrix_Leine::N	-335.630946457
dataMatrix_vernehmen::V	-284.612011649
dataMatrix_Wolke::N	-202.935531954
dataMatrix_Gegend::N	-322.937217516
dataMatrix_Feuer::N	-329.627681973
dataMatrix_Salz::N	-618.931795923
dataMatrix_Moor::N	-287.915763792
dataMatrix_ankommen::V	-272.405620422
dataMatrix_jetzt::ADV	-261.25296361
dataMatrix_Stroemung::N	-266.204794029
dataMatrix_schmuecken::V	-256.435029557
dataMatrix_oft::ADV	-298.215218205
dataMatrix_Stimme::N	-232.219176478
dataMatrix_sicherheben::V	-239.912116721
dataMatrix_Zeichen::N	-216.297125476
dataMatrix_Linie::N	-248.693540257
dataMatrix_fassen::V	-256.428431749
dataMatrix_Stirn::N	-291.958894153
dataMatrix_August::N	-248.235409035
dataMatrix_letzter::A	-235.934586098
dataMatrix_Nacht::N	-252.598480506
dataMatrix_zwoelf::NUM	-183.841853305
dataMatrix_Knie::N	-314.935888478
dataMatrix_wir::PRN	-274.273859679
dataMatrix_Tochter::N	-296.248295356
dataMatrix_Tasse::N	-250.396787745
dataMatrix_zuhoeren::V	-345.179973922
dataMatrix_schwarz::A	-340.84787374
dataMatrix_frisch::A	-180.047748238
dataMatrix_Raetsel::N	-268.544468743
dataMatrix_Schatten::N	-249.446634615
dataMatrix_uebersetzen::V	-249.7483408
dataMatrix_blind::A	-258.314260124
dataMatrix_Schmerz::N	-309.497724566
dataMatrix_Unglueck::N	-275.294322909
dataMatrix_Reihe::N	-181.546832533
dataMatrix_morgen::ADV	-331.098045368
dataMatrix_schieben::V	-260.022241794
dataMatrix_malen::V	-240.743309201
dataMatrix_lecken::V	-319.468707301
dataMatrix_nah::A	-223.378725185
dataMatrix_besitzen::V	-239.992012324
dataMatrix_Gans::N	-318.259170605
dataMatrix_Brief::N	-253.984953443
dataMatrix_Glueck::N	-271.125361923
dataMatrix_schlecht::A	-303.367317782
dataMatrix_Stueck::N	-248.062223932
dataMatrix_Scheibe::N	-226.979169825
dataMatrix_Buendel::N	-239.040962408
dataMatrix_geraten::V	-207.302873774
dataMatrix_biegen::V	-267.290746889
dataMatrix_Beere::N	-278.213239598
dataMatrix_Platz::N	-260.056396596
dataMatrix_vergehen::V	-288.909899182
dataMatrix_Fehler::N	-216.24580128
dataMatrix_hacken::V	-254.108636507
dataMatrix_zuerst::ADV	-244.60204318
dataMatrix_Stange::N	-275.0351143
dataMatrix_kleben::V	-262.186123799
dataMatrix_wie::FADV	-189.164739612
dataMatrix_Leder::N	-278.052043896
dataMatrix_Brot::N	-283.758056623
dataMatrix_Kamm::N	-355.45111531
dataMatrix_Eimer::N	-233.188023726
dataMatrix_Zwiebel::N	-233.707992204
dataMatrix_Groesse::N	-225.024825529
dataMatrix_feucht::A	-249.294396784
dataMatrix_schuetzen::V	-273.338487219
dataMatrix_setzen::V	-242.250281968
dataMatrix_Sache::N	-224.214780314
dataMatrix_neunzig::NUM	-328.56291603
dataMatrix_Oktober::N	-209.639963944
dataMatrix_gelb::A	-292.863469372
dataMatrix_Schmetterling::N	-223.134905492
dataMatrix_heiss::A	-288.206741826
dataMatrix_sie::PRN	-250.762185789
dataMatrix_Feder::N	-273.398070676
dataMatrix_aermel::N	-256.451049857
dataMatrix_schwimmen::V	-266.753742764
dataMatrix_Junge::N	-252.333357479
dataMatrix_Finger::N	-257.839532676
dataMatrix_neben::PRP	-250.486301275
dataMatrix_kuessen::V	-313.735286984
dataMatrix_Nagel[Anatomie]::N	-380.574277052
dataMatrix_behindern::V	-266.477213564
dataMatrix_wieder::ADV	-245.525287223
dataMatrix_Jahr::N	-282.654260917
dataMatrix_Frost::N	-246.002295233
dataMatrix_tauchen::V	-255.805499612
dataMatrix_vergessen::V	-239.632651557
dataMatrix_schneiden::V	-307.69677519
dataMatrix_atmen::V	-299.999695765
dataMatrix_essen::V	-286.240737288
dataMatrix_Menge::N	-225.964816556
dataMatrix_Kohle::N	-223.146672376
dataMatrix_September::N	-165.212839223
dataMatrix_fallenlassen::V	-269.878244412
dataMatrix_Zeit::N	-178.271624496
dataMatrix_Ente::N	-346.675098224
dataMatrix_Anhoehe::N	-264.873783412
dataMatrix_krank::A	-355.065901429
dataMatrix_Haar::N	-269.098095977
dataMatrix_rufen::V	-265.848837535
dataMatrix_graben::V	-284.461844515
dataMatrix_aufheben::V	-270.408430215
dataMatrix_Atem::N	-279.34704254
dataMatrix_gut::A	-319.964092662
dataMatrix_unterrichten::V	-289.85552222
dataMatrix_nennen::V	-224.507500947
dataMatrix_schmelzen::V	-287.429191456
dataMatrix_sieden::V	-266.400962795
dataMatrix_Katze::N	-290.118478676
dataMatrix_sinken::V	-280.297804513
dataMatrix_zubereiten::V	-239.558391015
dataMatrix_Huegel::N	-267.467275349
dataMatrix_sichtrennen::V	-245.836026033
dataMatrix_dicht::A	-245.665374164
dataMatrix_leer::A	-259.800795385
dataMatrix_dies::PRN	-184.787680024
dataMatrix_kommen::V	-266.230189309
dataMatrix_verlieren::V	-235.279049573
dataMatrix_Schaufel::N	-336.748183362
dataMatrix_Gesicht::N	-225.353996082
dataMatrix_Geruch::N	-270.645028739
dataMatrix_schenken::V	-277.045209089
dataMatrix_Rand::N	-244.712394832
dataMatrix_schlank::A	-276.914633675
dataMatrix_reif::A	-268.814604498
dataMatrix_Lust::N	-263.035491958
dataMatrix_Macht::N	-184.839901201
dataMatrix_Boot::N	-224.103122941
dataMatrix_nackt::A	-274.298317252
dataMatrix_huebsch::A	-264.926132828
dataMatrix_schlagen::V	-311.453330783
dataMatrix_Eule::N	-322.885501452
dataMatrix_neu::A	-255.5408693
dataMatrix_Schlange[Tier]::N	-197.832170191
dataMatrix_geben::V	-232.125010906
dataMatrix_Laerm::N	-257.091571664
dataMatrix_beugen::V	-265.01322601
dataMatrix_anfangen::V	-278.453833387
dataMatrix_aufhaengen::V	-257.230501369
dataMatrix_Bruder::N	-221.431026577
dataMatrix_pfluecken::V	-252.813199917
dataMatrix_schwenken::V	-287.628755185
dataMatrix_wertvoll::A	-220.267668607
dataMatrix_Hecht::N	-317.345713389
dataMatrix_aufziehen::V	-355.994802396
dataMatrix_verkaufen::V	-277.720885471
dataMatrix_liegen::V	-323.209894407
dataMatrix_Grenze::N	-268.954373266
dataMatrix_voll::A	-244.919209264
dataMatrix_Sumpf::N	-250.113860191
dataMatrix_sofort::ADV	-283.484035111
dataMatrix_schwach::A	-275.398534742
dataMatrix_fuellen::V	-233.476802315
dataMatrix_kurz::A	-239.9784876
dataMatrix_Heim::N	-210.317700862
dataMatrix_Blume::N	-239.013485982
dataMatrix_Schlitten::N	-217.659870448
dataMatrix_warum::FADV	-241.542847247
dataMatrix_alt::A	-280.405237746
dataMatrix_zusehensein::V	-354.943192446
dataMatrix_hinauf::ADV	-252.845393981
dataMatrix_Mann::N	-219.809157079
dataMatrix_Eltern::N	-219.710302386
dataMatrix_leiten::V	-284.504199716
dataMatrix_wer::FPRN	-180.524483072
dataMatrix_Bucht::N	-261.23188643
dataMatrix_spuelen::V	-250.164088974
dataMatrix_Guertel::N	-233.822602138
dataMatrix_Ski::N	-228.028523267
dataMatrix_ergreifen::V	-262.593467464
dataMatrix_bauen::V	-258.210383836
dataMatrix_kaufen::V	-222.251535742
dataMatrix_richtig::A	-250.196239901
dataMatrix_wohnen::V	-275.841003884
dataMatrix_stecken::V	-242.779732004
dataMatrix_schicken::V	-315.671184497
dataMatrix_Gras::N	-230.806929869
dataMatrix_Ohr::N	-515.702521772
dataMatrix_Fett::N	-246.573661861
dataMatrix_Licht::N	-244.06020216
dataMatrix_alt[Lebewesen]::A	-213.625058297
dataMatrix_verstecken::V	-328.564980673
dataMatrix_Kante::N	-205.486665568
dataMatrix_verschwinden::V	-223.321725402
dataMatrix_hueten::V	-239.089629395
dataMatrix_zwei::NUM	-290.159609334
dataMatrix_faulen::V	-275.324593072
dataMatrix_niemals::ADV	-247.14476186
dataMatrix_siegen::V	-246.706801742
dataMatrix_sichbeeilen::V	-199.412306787
dataMatrix_Lehrer::N	-249.994684731
dataMatrix_machen::V	-236.484058407
dataMatrix_klug::A	-253.629400087
dataMatrix_Spinne::N	-304.511436243
dataMatrix_weiss::A	-382.497203597
dataMatrix_zurueck::ADV	-273.507025263
dataMatrix_oder::CNJ	-188.551180855
dataMatrix_Knopf::N	-245.663422307
dataMatrix_fett::A	-221.760688513
dataMatrix_Gewehr::N	-207.722543969
dataMatrix_spaeter::ADV	-323.642748058
dataMatrix_kuehl::A	-248.895845563
dataMatrix_klein::A	-248.151303236
dataMatrix_Schluss::N	-234.334019807
dataMatrix_Weg::N	-239.87452849
dataMatrix_Blut::N	-223.783171684
dataMatrix_tun::V	-281.847745555
dataMatrix_blau::A	-215.057044034
dataMatrix_Laenge::N	-293.18146941
dataMatrix_Kind::N	-249.307118617
dataMatrix_Arm::N	-235.984995813
dataMatrix_Schwein::N	-263.997628061
dataMatrix_Wasser::N	-432.117806894
dataMatrix_Wolle::N	-296.989632989
dataMatrix_Nagel::N	-284.070229732
dataMatrix_was::FPRN	-198.287991905
dataMatrix_unter::PRP	-175.022207199
dataMatrix_anbinden::V	-240.155788248
dataMatrix_aufwachen::V	-290.232188742
dataMatrix_rauschen::V	-248.966357715
dataMatrix_Hoehle::N	-283.350813458
dataMatrix_Dach::N	-257.737395537
dataMatrix_laufen::V	-293.742093784
dataMatrix_Pfeil::N	-246.910219813
dataMatrix_Schnur::N	-243.095494434
dataMatrix_sehen::V	-399.078889811
dataMatrix_Gast::N	-240.657054622
dataMatrix_Volk::N	-212.119441269
dataMatrix_Sonntag::N	-206.811337188
dataMatrix_Fluegel::N	-305.414059632
dataMatrix_Entfernung::N	-194.863282167
dataMatrix_Hilfe::N	-194.19412873
dataMatrix_Kaelte::N	-301.265779975
dataMatrix_Spaten::N	-321.569994518
dataMatrix_schlafen::V	-240.04657503
dataMatrix_Griff::N	-189.760139103
dataMatrix_Preis::N	-286.156506753
dataMatrix_einst::ADV	-270.392766504
dataMatrix_Ruder::N	-283.715688381
dataMatrix_halten::V	-218.043385077
dataMatrix_erwarten::V	-264.901416589
dataMatrix_Muecke::N	-274.669329074
dataMatrix_Ferse::N	-204.88209072
dataMatrix_Winkel::N	-247.333151306
dataMatrix_brechen::V	-182.014246655
dataMatrix_Getreide::N	-229.90090004
dataMatrix_Loch::N	-237.802997154
dataMatrix_acht::NUM	-399.297299797
dataMatrix_springen::V	-215.19127805
dataMatrix_Hose::N	-198.762916261
dataMatrix_Wort::N	-314.469732157
dataMatrix_schreien::V	-292.50971514
dataMatrix_Dreck::N	-287.36600019
dataMatrix_bewachen::V	-339.465304905
dataMatrix_Tuer::N	-256.372223771
dataMatrix_duenn::A	-314.698115124
dataMatrix_hier::ADV	-243.57029638
dataMatrix_heute::ADV	-286.646835019
dataMatrix_Lippe::N	-358.023852363
dataMatrix_Spiegel::N	-261.050685409
dataMatrix_Schwarm::N	-244.159160759
dataMatrix_Butter::N	-278.077789331
dataMatrix_kriechen::V	-253.862408975
dataMatrix_hundert::NUM	-354.301763748
dataMatrix_zeigen::V	-256.948264843
dataMatrix_kalt::A	-343.599107084
dataMatrix_zwanzig::NUM	-453.138728458
dataMatrix_hauen::V	-333.313409165
dataMatrix_elf::NUM	-274.289490267
dataMatrix_zunehmen::V	-230.942087653
dataMatrix_lachen::V	-283.091308444
dataMatrix_Fuss::N	-211.3489919
dataMatrix_traurig::A	-263.77484788
dataMatrix_Osten::N	-261.585765646
dataMatrix_sieben::NUM	-357.351599386
dataMatrix_drehen::V	-243.503889049
dataMatrix_Apfel::N	-342.920264591
dataMatrix_wuenschen::V	-337.319277671
dataMatrix_fein::A	-257.697405909
dataMatrix_Wunsch::N	-254.88667686
dataMatrix_Silber::N	-238.886287117
dataMatrix_schmerzen::V	-259.445495083
dataMatrix_kraeftig::A	-332.662781264
dataMatrix_Gehirn::N	-231.810967761
dataMatrix_Sommer::N	-404.010204738
dataMatrix_oel::N	-242.43405344
dataMatrix_lang::A	-292.132385888
dataMatrix_Netz::N	-295.976420005
dataMatrix_bunt::A	-242.628095879
dataMatrix_versinken::V	-205.961293351
dataMatrix_trinken::V	-370.304105488
dataMatrix_Faden::N	-199.296913323
dataMatrix_Wetter::N	-298.016947038
dataMatrix_Wolf::N	-298.553024305
dataMatrix_Schloss::N	-187.418916027
dataMatrix_schleppen::V	-264.517862478
dataMatrix_Stuhl::N	-272.521993147
dataMatrix_Knochen::N	-283.829401805
dataMatrix_allein::ADV	-267.664421087
dataMatrix_Herbst::N	-247.528528253
dataMatrix_Ellenbogen::N	-343.726555659
dataMatrix_Art::N	-212.105162795
dataMatrix_bezahlen::V	-263.182862137
dataMatrix_belaestigen::V	-306.761424289
dataMatrix_schoen::A	-220.767103281
dataMatrix_Ort::N	-242.535011581
dataMatrix_immer::ADV	-241.205775224
dataMatrix_Korn::N	-210.872705488
dataMatrix_Wald::N	-236.082448286
dataMatrix_Platte::N	-254.62064772
dataMatrix_stossen::V	-270.259259351
dataMatrix_mitteilen::V	-246.00795184
dataMatrix_Schulter::N	-315.587862868
dataMatrix_Muetze::N	-194.61490812
dataMatrix_Ruecken::N	-276.807643114
dataMatrix_scharf::A	-279.215634873
dataMatrix_Band::N	-217.6128364
dataMatrix_Schaf::N	-317.761168163
dataMatrix_Reichtum::N	-243.272078989
dataMatrix_abnehmen::V	-185.892693289
dataMatrix_Freitag::N	-173.981149665
dataMatrix_jung::A	-256.97516135
dataMatrix_ihr::PRN	-298.132981238
dataMatrix_Fingernagel::N	-372.962614328
dataMatrix_dreissig::NUM	-275.191121985
dataMatrix_Fleisch::N	-236.15776341
dataMatrix_reissen::V	-305.28323418
dataMatrix_Kiste::N	-196.362743838
dataMatrix_durch::PRP	-198.292273644
dataMatrix_faul::A	-254.236177617
dataMatrix_Zeitung::N	-195.947927149
dataMatrix_Feind::N	-211.877547978
dataMatrix_Kamerad::N	-256.263192422
dataMatrix_beschaedigen::V	-203.600061671
dataMatrix_Tod::N	-208.638155763
dataMatrix_vereinigen::V	-268.565031861
dataMatrix_Schritt::N	-218.702409393
dataMatrix_Brei::N	-211.669080016
dataMatrix_fegen::V	-335.160007895
dataMatrix_Ader::N	-220.564486551
dataMatrix_zweiter::A	-250.722956119
dataMatrix_Stuetze::N	-228.727152719
dataMatrix_wohin::FADV	-225.816352072
dataMatrix_Haelfte::N	-215.222890375
dataMatrix_zudecken::V	-237.737681034
dataMatrix_waehlen::V	-232.446273145
dataMatrix_hochheben::V	-363.021905505
dataMatrix_gruen::A	-252.203690606
dataMatrix_Seite::N	-236.360850524
dataMatrix_Hitze::N	-243.835526771
dataMatrix_nehmen::V	-273.308335443
dataMatrix_fuenf::NUM	-505.001211111
dataMatrix_Buchstabe::N	-205.45576988
dataMatrix_Rede::N	-280.166936412
dataMatrix_zerreissen::V	-255.810706084
dataMatrix_Handtuch::N	-220.593984252
dataMatrix_versuchen::V	-255.081267558
dataMatrix_Laus::N	-293.884322037
dataMatrix_tausend::NUM	-257.102658582
dataMatrix_verschieden::A	-198.536447974
dataMatrix_anderer::A	-180.015087117
dataMatrix_Gold::N	-231.82573636
dataMatrix_Sand::N	-269.904023852
dataMatrix_Hase::N	-257.441398528
dataMatrix_Regen::N	-293.811255028
dataMatrix_brennen::V	-207.776495636
dataMatrix_bemerken::V	-258.118311838
dataMatrix_Leber::N	-342.474571523
dataMatrix_Wahrheit::N	-241.30773866
dataMatrix_anhalten::V	-230.555014214
dataMatrix_glatt::A	-240.653067126
dataMatrix_dunkel::A	-243.230507314
dataMatrix_sagen::V	-244.7565829
dataMatrix_Land::N	-215.573956931
dataMatrix_Ecke::N	-282.967656969
dataMatrix_Strasse::N	-266.354516954
dataMatrix_boese::A	-332.924594848
dataMatrix_Gang::N	-224.541914192
dataMatrix_fuenfzig::NUM	-342.081112381
dataMatrix_Kiefer[Anatomie]::N	-233.774852759
dataMatrix_Kreuz::N	-193.562447753
dataMatrix_Kiefer[Baum]::N	-215.415888747
dataMatrix_Bulle::N	-242.285603325
dataMatrix_Gedanke::N	-221.119689217
dataMatrix_Nest::N	-278.191965109
dataMatrix_Spitze::N	-231.441372897
dataMatrix_Schaden::N	-191.893190555
dataMatrix_Kopf::N	-296.654580134
dataMatrix_verlassen::V	-277.472790287
dataMatrix_schmal::A	-262.728305526
dataMatrix_ploetzlich::ADV	-305.256626191
dataMatrix_damals::ADV	-238.569384126
dataMatrix_lehren::V	-253.170661856
dataMatrix_stricken::V	-281.789993374
dataMatrix_bald::ADV	-247.410166429
dataMatrix_Eichhoernchen::N	-216.69198208
dataMatrix_schaukeln::V	-308.05682771
dataMatrix_Fenster::N	-264.162218771
dataMatrix_Krankheit::N	-252.891954599
dataMatrix_sichaergern::V	-242.21053178
dataMatrix_umkommen::V	-321.158840807
dataMatrix_ansehen::V	-289.68140009
dataMatrix_spielen::V	-247.428053639
dataMatrix_Welt::N	-227.224352236
dataMatrix_zerbrechen::V	-243.35887006
dataMatrix_Mond::N	-205.761323643
dataMatrix_sichsetzen::V	-282.719825285
dataMatrix_Eisen::N	-268.349887094
dataMatrix_suchen::V	-272.664205116
dataMatrix_Muster::N	-218.404556451
dataMatrix_Stoff::N	-232.825654016
dataMatrix_sicherholen::V	-256.00983474
dataMatrix_Freude::N	-208.644345561
dataMatrix_sichwaschen::V	-285.724156473
dataMatrix_das::PRN	-234.197053383
dataMatrix_sauer::A	-294.496784561
dataMatrix_Kirche::N	-290.608676601
dataMatrix_Donner::N	-253.775475721
dataMatrix_reifen::V	-258.833046154
dataMatrix_bitter::A	-249.639738575
dataMatrix_abfahren::V	-192.339914358
dataMatrix_verstehen::V	-243.567282902
dataMatrix_offen::A	-223.871041288
dataMatrix_Staerke::N	-240.147681901
dataMatrix_verfaulen::V	-220.027088983
dataMatrix_aufstehen::V	-301.787399521
dataMatrix_Frau::N	-241.947358889
dataMatrix_Kleidung::N	-234.291142667
dataMatrix_Neuigkeit::N	-220.515916946
dataMatrix_Brett::N	-288.745945653
dataMatrix_schwer::A	-239.182194786
dataMatrix_erkennen::V	-235.176394442
dataMatrix_nass::A	-242.752912373
dataMatrix_geborenwerden::V	-319.426729908
dataMatrix_Ei::N	-259.944728694
dataMatrix_werden::V	-217.316094881
dataMatrix_Bein::N	-263.206504833
dataMatrix_ueberall::ADV	-224.730633886
dataMatrix_streichen::V	-270.207674922
dataMatrix_Kueste::N	-243.414071125
dataMatrix_vorbereiten::V	-303.168322658
dataMatrix_aufbewahren::V	-219.247410186
dataMatrix_bekannt::A	-190.996849217
dataMatrix_Bild::N	-210.651912008
dataMatrix_schmutzig::A	-307.404454383
dataMatrix_Fuchs::N	-353.147783046
dataMatrix_hungrig::A	-224.08718811
dataMatrix_klirren::V	-190.966744212
dataMatrix_Abhang::N	-279.774090372
dataMatrix_Schnee::N	-320.386123375
dataMatrix_fuehren::V	-283.381326055
dataMatrix_Pilz::N	-269.973315485
dataMatrix_stark::A	-287.962983146
dataMatrix_Fell::N	-296.684619098
dataMatrix_rauchen::V	-247.584699411
dataMatrix_Hals::N	-294.241340506
dataMatrix_Magen::N	-286.832723777
dataMatrix_untergehen[Sonne]::V	-294.360976339
dataMatrix_Fisch::N	-320.339441514
dataMatrix_zuruecklassen::V	-297.609505614
dataMatrix_Geld::N	-216.976531911
dataMatrix_Schlinge::N	-291.325956438
dataMatrix_zeichnen::V	-231.782671735
dataMatrix_schwingen::V	-285.095532699
dataMatrix_weggehen::V	-236.806798049
dataMatrix_Ufer::N	-325.145615825
dataMatrix_treiben::V	-298.084255226
dataMatrix_nicht::ADV	-241.354447336
dataMatrix_tanzen::V	-299.030149302
dataMatrix_Weide[Baum]::N	-261.831118196
dataMatrix_ruehren::V	-273.474375562
dataMatrix_Schuld::N	-244.889801204
dataMatrix_Auge::N	-379.478720144
dataMatrix_stoeren::V	-278.512160204
dataMatrix_Gipfel::N	-222.500518192
dataMatrix_Honig::N	-367.689424756
dataMatrix_Bauch::N	-306.26950202
dataMatrix_Ruhe::N	-214.736746841
dataMatrix_Gespraech::N	-258.696680403
dataMatrix_sanft::A	-206.086129805
dataMatrix_dorthin::ADV	-189.629526519
dataMatrix_Klaue::N	-257.320234492
dataMatrix_sichfuerchten::V	-232.461027182
dataMatrix_Busen::N	-301.268589674
dataMatrix_Welle::N	-177.093918916
dataMatrix_Insel::N	-245.104333694
dataMatrix_stehlen::V	-200.456338106
dataMatrix_warten::V	-235.142437012
dataMatrix_rot::A	-313.497453875
dataMatrix_zerstoeren::V	-264.606659417
dataMatrix_reich::A	-264.452798046
dataMatrix_kaemmen::V	-264.017981611
dataMatrix_dritter::A	-271.697879152
dataMatrix_herstellen::V	-283.121915516
dataMatrix_Ehefrau::N	-295.804590553
dataMatrix_lustig::A	-325.274311557
dataMatrix_sechzig::NUM	-449.690165597
dataMatrix_Sack::N	-264.475841399
dataMatrix_wenden::V	-241.868963197
dataMatrix_fern::A	-217.084012802
dataMatrix_Ton::N	-313.961680129
dataMatrix_hart::A	-224.976467413
dataMatrix_Kessel::N	-258.032834587
dataMatrix_Gewalt::N	-168.937853072
dataMatrix_schuetten::V	-247.951110281
dataMatrix_gross::A	-263.213538549
dataMatrix_Himmel::N	-224.566772314
dataMatrix_schleifen::V	-226.125406359
dataMatrix_Suende::N	-226.379940128
dataMatrix_Dienstag::N	-175.001565988
dataMatrix_aergern::V	-236.764999873
dataMatrix_fangen::V	-244.786087843
dataMatrix_Hund::N	-225.415526527
dataMatrix_Bach::N	-227.784135557
dataMatrix_pfeifen::V	-314.121820345
dataMatrix_Alter::N	-262.440469366
dataMatrix_bitten::V	-237.032365827
dataMatrix_Wurm::N	-257.937799968
dataMatrix_Sinn::N	-201.650850554
dataMatrix_Gewicht::N	-274.847438305
dataMatrix_wo::FADV	-171.757974985
dataMatrix_vierzig::NUM	-420.851147771
dataMatrix_Gegenstand::N	-236.00511427
dataMatrix_Bett::N	-282.394549684
dataMatrix_sehr::ADV	-270.94979442
dataMatrix_hierhin::ADV	-258.852286975
dataMatrix_Tee::N	-414.12436126
dataMatrix_Ast::N	-329.232469396
dataMatrix_Brunnen::N	-216.348253825
dataMatrix_nur::ADV	-212.029607824
dataMatrix_billig::A	-242.817061086
dataMatrix_sterben::V	-250.661827017
dataMatrix_arbeiten::V	-249.19837096
dataMatrix_reparieren::V	-269.3130795
dataMatrix_alles::PRN	-262.200639218
dataMatrix_Saat::N	-342.207549959
dataMatrix_spitz::A	-298.716178286
dataMatrix_sichbewegen::V	-260.308838763
dataMatrix_sitzen::V	-307.136035618
dataMatrix_loben::V	-223.054233979
dataMatrix_eilen::V	-286.070959765
dataMatrix_wecken::V	-239.977650259
dataMatrix_weinen::V	-249.397559438
dataMatrix_bewahren::V	-236.995036589
dataMatrix_einmal::ADV	-245.315052211
dataMatrix_vorher::ADV	-274.228554593
dataMatrix_wiegen::V	-230.745321058
dataMatrix_laermen::V	-273.308789815
dataMatrix_neun::NUM	-303.599821244
dataMatrix_werfen::V	-258.044500621
dataMatrix_lange::ADV	-295.141892958
dataMatrix_wehen::V	-287.014516243
dataMatrix_legen::V	-225.460937564
dataMatrix_Messer::N	-367.881841644
dataMatrix_Chef::N	-239.537995159
dataMatrix_wieviel::FNUM	-229.644062026
dataMatrix_vergebens::ADV	-239.362725305
dataMatrix_unten::ADV	-228.11421512
dataMatrix_lecker::A	-232.741831694
dataMatrix_Krieg::N	-282.219233069
dataMatrix_Rinde::N	-213.622508172
dataMatrix_ziehen::V	-261.762509732
dataMatrix_Nadel::N	-354.83194248
dataMatrix_Zaun::N	-238.573067862
dataMatrix_zittern::V	-255.149541869
dataMatrix_retten::V	-306.641898622
dataMatrix_hoeren::V	-352.10713139
dataMatrix_prahlen::V	-220.789744794
dataMatrix_Dezember::N	-229.99574394
dataMatrix_wissen::V	-277.178093831
dataMatrix_regnen::V	-267.728550714
dataMatrix_funkeln::V	-264.736015316
