dataMatrix_danach::ADV	-134.485087126
dataMatrix_Nahrung::N	-156.173643492
dataMatrix_Schaum::N	-99.8213367145
dataMatrix_beruehren::V	-119.048699055
dataMatrix_Tier::N	-157.514470839
dataMatrix_fest::A	-144.322784618
dataMatrix_Spiel::N	-139.225836804
dataMatrix_Wange::N	-161.711403416
dataMatrix_Herz::N	-144.308493795
dataMatrix_bedecken::V	-113.026484083
dataMatrix_klettern::V	-91.8558210415
dataMatrix_gestern::ADV	-129.843742005
dataMatrix_Name::N	-123.444502957
dataMatrix_Nutzen::N	-118.806798308
dataMatrix_eintreten::V	-128.812933352
dataMatrix_gefrieren::V	-145.795067204
dataMatrix_faerben::V	-138.367847933
dataMatrix_Nachricht::N	-124.784209835
dataMatrix_sichruehren::V	-137.926617231
dataMatrix_sauber::A	-137.374608652
dataMatrix_melken::V	-91.4199120915
dataMatrix_Kehle::N	-179.158645369
dataMatrix_Speise::N	-110.677474839
dataMatrix_antreiben::V	-151.313431217
dataMatrix_finden::V	-81.6484006762
dataMatrix_linker::A	-128.200869642
dataMatrix_Fieber::N	-118.842318988
dataMatrix_klingen::V	-116.891186781
dataMatrix_Oberschenkel::N	-108.874633643
dataMatrix_aufgehen[Sonne]::V	-144.46933142
dataMatrix_Schmutz::N	-131.627057244
dataMatrix_Spur::N	-125.710106023
dataMatrix_laeuten::V	-124.760126428
dataMatrix_Geist::N	-108.945179512
dataMatrix_Essen::N	-174.976811903
dataMatrix_zahlen::V	-109.324430647
dataMatrix_Samstag::N	-99.5808768806
dataMatrix_erster::A	-95.6061431949
dataMatrix_rechter::A	-177.595518068
dataMatrix_Kummer::N	-117.850111606
dataMatrix_Tisch::N	-113.408231608
dataMatrix_enden::V	-160.706049546
dataMatrix_schimpfen::V	-119.661696155
dataMatrix_er::PRN	-119.607341654
dataMatrix_reiben::V	-111.342981346
dataMatrix_Stein::N	-134.677075108
dataMatrix_stechen::V	-165.619831967
dataMatrix_teilen::V	-111.995995443
dataMatrix_Raureif::N	-131.963483236
dataMatrix_Gabel::N	-160.936423288
dataMatrix_Stock::N	-133.382078157
dataMatrix_denken::V	-151.296929595
dataMatrix_Elch::N	-126.977615761
dataMatrix_Birke::N	-159.706449835
dataMatrix_husten::V	-110.552144498
dataMatrix_trocknen::V	-122.000984564
dataMatrix_frieren::V	-139.066537682
dataMatrix_wechseln::V	-112.891293185
dataMatrix_fuettern::V	-119.710662196
dataMatrix_hinab::ADV	-150.988575593
dataMatrix_Montag::N	-142.790848511
dataMatrix_Brust::N	-91.7700015886
dataMatrix_Tor::N	-104.282680396
dataMatrix_Abstand::N	-121.876119406
dataMatrix_Last::N	-141.749976466
dataMatrix_Pfad::N	-153.046467315
dataMatrix_stoehnen::V	-179.789249109
dataMatrix_Hemd::N	-94.1487398298
dataMatrix_Adler::N	-126.703550678
dataMatrix_Tanne::N	-155.309615488
dataMatrix_und::CNJ	-116.688465981
dataMatrix_Festland::N	-113.661072411
dataMatrix_du::PRN	-80.7992581876
dataMatrix_lesen::V	-143.320824366
dataMatrix_Abend::N	-125.847182274
dataMatrix_kranksein::V	-166.151036153
dataMatrix_Wind::N	-111.30774528
dataMatrix_hell::A	-137.650336947
dataMatrix_giessen::V	-101.315949431
dataMatrix_geizig::A	-183.626483133
dataMatrix_Fluss::N	-136.304483052
dataMatrix_Kampf::N	-143.912534086
dataMatrix_Maedchen::N	-175.833362763
dataMatrix_schlucken::V	-133.840959882
dataMatrix_Onkel::N	-101.998979542
dataMatrix_aendern::V	-127.752392053
dataMatrix_fuerchten::V	-119.24082929
dataMatrix_stellen::V	-123.330902913
dataMatrix_Wurzel::N	-144.517977194
dataMatrix_geschickt::A	-160.593802022
dataMatrix_Leute::N	-155.21705386
dataMatrix_krankwerden::V	-153.398013097
dataMatrix_Lied::N	-110.081378699
dataMatrix_bleiben::V	-147.750358325
dataMatrix_Knoten::N	-132.054730446
dataMatrix_verderben::V	-121.534093955
dataMatrix_umruehren::V	-98.2126694186
dataMatrix_Traum::N	-95.8083802741
dataMatrix_beenden::V	-163.738345833
dataMatrix_Lehm::N	-115.325624277
dataMatrix_Meister::N	-125.269450955
dataMatrix_fahren::V	-145.795106225
dataMatrix_Grossmutter::N	-139.547206703
dataMatrix_Familie::N	-156.273607595
dataMatrix_grau::A	-110.624756353
dataMatrix_Herde::N	-104.224835037
dataMatrix_November::N	-85.0825695343
dataMatrix_rudern::V	-138.29649219
dataMatrix_Stadt::N	-133.2070781
dataMatrix_drei::NUM	-111.659131231
dataMatrix_Baer::N	-155.646979958
dataMatrix_rueckwaerts::ADV	-131.043135358
dataMatrix_stroemen::V	-129.088347325
dataMatrix_Gesellschaft::N	-147.13809692
dataMatrix_Horn::N	-105.02606743
dataMatrix_Deckel::N	-137.908913376
dataMatrix_roh::A	-121.330442721
dataMatrix_Maus::N	-112.432198022
dataMatrix_Geschmack::N	-89.1121680616
dataMatrix_fliehen::V	-99.3535142812
dataMatrix_Ameise::N	-118.729106617
dataMatrix_Tasche::N	-118.185365115
dataMatrix_fallen::V	-90.8563100298
dataMatrix_Meer::N	-109.137718081
dataMatrix_aufeinmal::ADV	-120.475871386
dataMatrix_abreissen::V	-112.255542999
dataMatrix_Suppe::N	-120.551151706
dataMatrix_ausziehen::V	-142.99597235
dataMatrix_Haken::N	-131.199014516
dataMatrix_schwanken::V	-183.03226218
dataMatrix_Vogel::N	-124.760103896
dataMatrix_Kreis::N	-103.320180006
dataMatrix_Kuckuck::N	-168.374220092
dataMatrix_rund::A	-77.5251407779
dataMatrix_naehen::V	-135.756602154
dataMatrix_sichversammeln::V	-124.727998553
dataMatrix_Quelle::N	-85.5388534923
dataMatrix_Fliege::N	-113.055958463
dataMatrix_Stiefel::N	-129.06159718
dataMatrix_geradeaus::ADV	-146.92271586
dataMatrix_klopfen::V	-147.686514747
dataMatrix_ich::PRN	-104.687370288
dataMatrix_Funke::N	-135.314755595
dataMatrix_Fruehling::N	-125.84422779
dataMatrix_Regal::N	-140.275032374
dataMatrix_Luege::N	-124.285908659
dataMatrix_Rauch::N	-115.489179207
dataMatrix_Sprache::N	-144.800349313
dataMatrix_rechnen::V	-157.842525684
dataMatrix_einwickeln::V	-148.064210362
dataMatrix_vor::PRP	-88.1563199236
dataMatrix_Gott::N	-90.1498344903
dataMatrix_Tropfen::N	-117.876035189
dataMatrix_kehren::V	-117.818060283
dataMatrix_Schwanz::N	-134.261657119
dataMatrix_riechen::V	-144.097741146
dataMatrix_spazierengehen::V	-120.22859074
dataMatrix_flach::A	-128.257832639
dataMatrix_sichschlagen::V	-134.841662591
dataMatrix_beherrschen::V	-132.263413517
dataMatrix_Erzaehlung::N	-101.001695614
dataMatrix_aufhoeren::V	-128.130839842
dataMatrix_Mitte::N	-133.17916349
dataMatrix_Tag::N	-99.757768154
dataMatrix_toeten::V	-120.279551313
dataMatrix_gehen::V	-167.867491682
dataMatrix_Bruecke::N	-114.981983067
dataMatrix_fleissig::A	-122.323527889
dataMatrix_Juli::N	-149.28013619
dataMatrix_verteidigen::V	-116.540957158
dataMatrix_dann::ADV	-124.511812458
dataMatrix_sausen::V	-123.230391253
dataMatrix_Februar::N	-118.650114294
dataMatrix_Staat::N	-108.187530623
dataMatrix_abschneiden::V	-135.445411029
dataMatrix_Ring::N	-139.846365436
dataMatrix_schon::ADV	-126.30376855
dataMatrix_arm::A	-105.971826417
dataMatrix_brausen::V	-125.941224825
dataMatrix_umdrehen::V	-136.407408235
dataMatrix_binden::V	-107.025351687
dataMatrix_Bau::N	-155.781986601
dataMatrix_Sueden::N	-115.335974558
dataMatrix_zaehlen::V	-126.033974379
dataMatrix_Grab::N	-100.535360746
dataMatrix_Leiter::N	-187.463970721
dataMatrix_Wunde::N	-140.215477359
dataMatrix_anzuenden::V	-122.56665822
dataMatrix_Erde::N	-161.710047382
dataMatrix_erscheinen::V	-150.530746435
dataMatrix_scheinen::V	-126.373994068
dataMatrix_Genick::N	-166.92354072
dataMatrix_Farbe::N	-132.781910539
dataMatrix_Woche::N	-110.745643757
dataMatrix_vonhier::ADV	-118.679913733
dataMatrix_Stamm::N	-142.605712322
dataMatrix_wegen::PRP	-92.5788904647
dataMatrix_Hoehe::N	-104.488378896
dataMatrix_verbessern::V	-130.266518275
dataMatrix_so::ADV	-154.67387801
dataMatrix_weich::A	-137.825507387
dataMatrix_taeuschen::V	-158.839339903
dataMatrix_Januar::N	-101.478039516
dataMatrix_breit::A	-117.460215593
dataMatrix_Heu::N	-204.09123171
dataMatrix_Traene::N	-110.394058037
dataMatrix_packen::V	-102.280420002
dataMatrix_sichdrehen::V	-126.219906196
dataMatrix_Tuch::N	-133.71554367
dataMatrix_Luft::N	-109.910689477
dataMatrix_Riemen::N	-144.96875547
dataMatrix_fremd::A	-131.347980278
dataMatrix_Grube::N	-148.789487224
dataMatrix_Fussboden::N	-140.858349131
dataMatrix_Mittwoch::N	-156.832559544
dataMatrix_Mund::N	-116.99986322
dataMatrix_April::N	-144.55601226
dataMatrix_glaenzen::V	-127.494965684
dataMatrix_Regenbogen::N	-127.124803064
dataMatrix_anziehen::V	-130.282871491
dataMatrix_Juni::N	-123.210756643
dataMatrix_fragen::V	-129.251868776
dataMatrix_Grossvater::N	-141.216127859
dataMatrix_lassen::V	-121.852912022
dataMatrix_auswaehlen::V	-130.05325228
dataMatrix_stehen::V	-150.997631002
dataMatrix_Geschaeft::N	-105.608310829
dataMatrix_Berg::N	-113.597256634
dataMatrix_passieren::V	-105.660195046
dataMatrix_druecken::V	-113.02492347
dataMatrix_Gelaechter::N	-111.975782438
dataMatrix_probieren::V	-131.554341587
dataMatrix_Zunge::N	-126.157737817
dataMatrix_Besen::N	-113.828878251
dataMatrix_Kragen::N	-141.596417186
dataMatrix_lieben::V	-141.701886474
dataMatrix_messen::V	-163.905573883
dataMatrix_Schlaf::N	-105.192039105
dataMatrix_Kind::N	-120.509892449
dataMatrix_Beutel::N	-115.664988758
dataMatrix_Arm::N	-158.615188015
dataMatrix_blasen::V	-150.92850273
dataMatrix_verbrennen::V	-166.86358815
dataMatrix_oben::ADV	-155.782796603
dataMatrix_wahr::A	-139.750317883
dataMatrix_Schale::N	-162.282571914
dataMatrix_einschlafen::V	-148.371237605
dataMatrix_Kuh::N	-128.875951432
dataMatrix_zusammen::ADV	-156.624923763
dataMatrix_schreiben::V	-94.1251073952
dataMatrix_einladen::V	-186.129436598
dataMatrix_Strich::N	-166.878261016
dataMatrix_ruetteln::V	-145.217195572
dataMatrix_reichen::V	-101.783792832
dataMatrix_begreifen::V	-110.749854104
dataMatrix_heulen::V	-116.79747035
dataMatrix_Asche::N	-96.8408971967
dataMatrix_Vater::N	-153.037987589
dataMatrix_Dorf::N	-136.607118181
dataMatrix_Pferd::N	-116.571462937
dataMatrix_treten::V	-135.399286415
dataMatrix_erhalten::V	-89.4753968145
dataMatrix_Leben::N	-185.707100588
dataMatrix_Wiese::N	-120.150216029
dataMatrix_bringen::V	-98.5017205492
dataMatrix_Buch::N	-110.047634292
dataMatrix_eins::NUM	-130.968367891
dataMatrix_vorwaerts::ADV	-127.809027946
dataMatrix_Geschenk::N	-88.3936580261
dataMatrix_Gesundheit::N	-136.019399799
dataMatrix_Ware::N	-140.705215787
dataMatrix_besuchen::V	-164.210068064
dataMatrix_Kraft::N	-174.935023035
dataMatrix_wollen::V	-123.918124448
dataMatrix_Stern::N	-100.98956207
dataMatrix_kratzen::V	-128.797678539
dataMatrix_Arzt::N	-82.0987780625
dataMatrix_Schnur::N	-126.377287341
dataMatrix_unter::PRP	-94.9687934444
dataMatrix_sehen::V	-133.658730361
dataMatrix_Gast::N	-124.534055586
dataMatrix_Volk::N	-87.6610882865
dataMatrix_Sonntag::N	-110.531056693
dataMatrix_Fluegel::N	-149.153182223
dataMatrix_Entfernung::N	-70.0948631236
dataMatrix_Hilfe::N	-134.376770427
dataMatrix_Kaelte::N	-131.679766444
dataMatrix_Spaten::N	-94.2601025999
dataMatrix_schlafen::V	-93.4323676767
dataMatrix_Griff::N	-160.064834939
dataMatrix_Preis::N	-139.984133963
dataMatrix_einst::ADV	-93.7978006815
dataMatrix_Ruder::N	-113.652741724
dataMatrix_halten::V	-106.206974337
dataMatrix_erwarten::V	-142.335495472
dataMatrix_Muecke::N	-126.06303272
dataMatrix_Ferse::N	-112.001221999
dataMatrix_Winkel::N	-142.53616037
dataMatrix_brechen::V	-98.624247178
dataMatrix_Getreide::N	-119.816398665
dataMatrix_Loch::N	-105.462615031
dataMatrix_acht::NUM	-158.467963191
dataMatrix_springen::V	-126.65248228
dataMatrix_Hose::N	-124.491887235
dataMatrix_Wort::N	-131.600476956
dataMatrix_schreien::V	-157.94132845
dataMatrix_Dreck::N	-174.675522067
dataMatrix_bewachen::V	-188.927794037
dataMatrix_Tuer::N	-100.940368858
dataMatrix_duenn::A	-182.998283797
dataMatrix_hier::ADV	-125.609751292
dataMatrix_heute::ADV	-128.429108667
dataMatrix_Lippe::N	-123.8505849
dataMatrix_Spiegel::N	-143.775990202
dataMatrix_Schwarm::N	-150.587938882
dataMatrix_Butter::N	-108.733585122
dataMatrix_kriechen::V	-143.970808244
dataMatrix_hundert::NUM	-119.811935016
dataMatrix_zeigen::V	-158.887968548
dataMatrix_kalt::A	-136.469122881
dataMatrix_zwanzig::NUM	-157.915481252
dataMatrix_hauen::V	-128.379505248
dataMatrix_elf::NUM	-126.197846793
dataMatrix_zunehmen::V	-143.480946682
dataMatrix_lachen::V	-165.814381958
dataMatrix_Fuss::N	-114.226570906
dataMatrix_traurig::A	-125.847091944
dataMatrix_Osten::N	-176.055019249
dataMatrix_sieben::NUM	-148.291614857
dataMatrix_drehen::V	-80.6907565936
dataMatrix_Apfel::N	-120.547614265
dataMatrix_wuenschen::V	-128.072061232
dataMatrix_fein::A	-114.696654503
dataMatrix_Wunsch::N	-109.959206521
dataMatrix_Silber::N	-127.262730246
dataMatrix_schmerzen::V	-140.547615433
dataMatrix_kraeftig::A	-180.104524799
dataMatrix_Gehirn::N	-154.01077226
dataMatrix_Sommer::N	-148.834129005
dataMatrix_oel::N	-102.466096281
dataMatrix_lang::A	-156.801013162
dataMatrix_Netz::N	-149.487444144
dataMatrix_bunt::A	-184.923460375
dataMatrix_versinken::V	-133.593976749
dataMatrix_trinken::V	-88.847783715
dataMatrix_Faden::N	-125.183787059
dataMatrix_Wetter::N	-132.209658434
dataMatrix_Wolf::N	-157.475147176
dataMatrix_Schloss::N	-133.558507489
dataMatrix_schleppen::V	-180.053440081
dataMatrix_Stuhl::N	-91.0959739507
dataMatrix_Knochen::N	-137.719464282
dataMatrix_allein::ADV	-122.82320811
dataMatrix_Herbst::N	-146.127031661
dataMatrix_Ellenbogen::N	-155.1861058
dataMatrix_Art::N	-139.769294972
dataMatrix_bezahlen::V	-133.619718291
dataMatrix_belaestigen::V	-187.307552748
dataMatrix_schoen::A	-109.724879104
dataMatrix_Ort::N	-146.596979811
dataMatrix_immer::ADV	-133.453531091
dataMatrix_Korn::N	-147.476885098
dataMatrix_Wald::N	-94.6178424449
dataMatrix_Platte::N	-85.491026531
dataMatrix_stossen::V	-113.231011504
dataMatrix_mitteilen::V	-124.032257938
dataMatrix_Schulter::N	-149.239044025
dataMatrix_Muetze::N	-110.913149163
dataMatrix_Ruecken::N	-122.031432531
dataMatrix_scharf::A	-127.264154977
dataMatrix_Band::N	-116.387550426
dataMatrix_Schaf::N	-110.474826029
dataMatrix_Reichtum::N	-126.432838073
dataMatrix_abnehmen::V	-133.907473091
dataMatrix_Freitag::N	-176.157456401
dataMatrix_jung::A	-131.319043781
dataMatrix_ihr::PRN	-150.572502431
dataMatrix_Fingernagel::N	-121.821842352
dataMatrix_dreissig::NUM	-147.269899705
dataMatrix_Fleisch::N	-110.533580963
dataMatrix_reissen::V	-131.9349656
dataMatrix_Kiste::N	-110.908930703
dataMatrix_durch::PRP	-140.699357457
dataMatrix_faul::A	-135.66503426
dataMatrix_Zeitung::N	-128.232722855
dataMatrix_Feind::N	-121.910767973
dataMatrix_Kamerad::N	-79.8836099051
dataMatrix_beschaedigen::V	-119.236524351
dataMatrix_Tod::N	-105.798487871
dataMatrix_vereinigen::V	-159.748517591
dataMatrix_Schritt::N	-111.49727995
dataMatrix_Brei::N	-141.524595952
dataMatrix_fegen::V	-171.458118652
dataMatrix_Ader::N	-112.961476768
dataMatrix_zweiter::A	-124.600658007
dataMatrix_Stuetze::N	-112.564976102
dataMatrix_wohin::FADV	-98.843115024
dataMatrix_Haelfte::N	-124.798562285
dataMatrix_zudecken::V	-92.6294627234
dataMatrix_waehlen::V	-142.930908611
dataMatrix_hochheben::V	-148.679145799
dataMatrix_gruen::A	-128.507202762
dataMatrix_Seite::N	-149.660266315
dataMatrix_Hitze::N	-184.424542457
dataMatrix_nehmen::V	-126.715384923
dataMatrix_fuenf::NUM	-147.37405279
dataMatrix_Buchstabe::N	-94.7255634747
dataMatrix_Rede::N	-138.20732653
dataMatrix_zerreissen::V	-136.049438389
dataMatrix_Handtuch::N	-157.195890017
dataMatrix_versuchen::V	-108.569280204
dataMatrix_Laus::N	-126.996780942
dataMatrix_tausend::NUM	-125.379871248
dataMatrix_verschieden::A	-138.901454294
dataMatrix_anderer::A	-116.36982402
dataMatrix_Gold::N	-95.482844315
dataMatrix_Sand::N	-105.932641752
dataMatrix_Hase::N	-132.971893379
dataMatrix_Regen::N	-91.6768133428
dataMatrix_brennen::V	-143.279852543
dataMatrix_bemerken::V	-149.474637876
dataMatrix_Leber::N	-137.229088583
dataMatrix_Wahrheit::N	-164.687418717
dataMatrix_anhalten::V	-107.874808227
dataMatrix_glatt::A	-119.757097656
dataMatrix_dunkel::A	-160.244196208
dataMatrix_sagen::V	-122.520584685
dataMatrix_Land::N	-123.689432523
dataMatrix_Ecke::N	-101.305567071
dataMatrix_Strasse::N	-151.153823585
dataMatrix_boese::A	-144.589198914
dataMatrix_Gang::N	-135.647839137
dataMatrix_fuenfzig::NUM	-125.705377179
dataMatrix_Kiefer[Anatomie]::N	-168.390721679
dataMatrix_Kreuz::N	-99.1741386397
dataMatrix_Kiefer[Baum]::N	-105.839480124
dataMatrix_Bulle::N	-109.887133964
dataMatrix_Gedanke::N	-164.047232797
dataMatrix_Nest::N	-142.662582065
dataMatrix_Spitze::N	-125.410306068
dataMatrix_Schaden::N	-112.95976142
dataMatrix_Kopf::N	-97.667179832
dataMatrix_verlassen::V	-130.790802263
dataMatrix_schmal::A	-126.559398558
dataMatrix_Gegend::N	-99.7728402981
dataMatrix_Feuer::N	-124.786342547
dataMatrix_Salz::N	-118.032627984
dataMatrix_Moor::N	-141.760571306
dataMatrix_ankommen::V	-103.199787563
dataMatrix_jetzt::ADV	-122.068647708
dataMatrix_Stroemung::N	-129.455862201
dataMatrix_schmuecken::V	-154.453543656
dataMatrix_oft::ADV	-115.090788922
dataMatrix_Stimme::N	-134.584134918
dataMatrix_sicherheben::V	-106.11750341
dataMatrix_Zeichen::N	-104.546956199
dataMatrix_Linie::N	-98.1764018873
dataMatrix_fassen::V	-135.8525926
dataMatrix_Stirn::N	-104.915811022
dataMatrix_August::N	-93.2873156965
dataMatrix_letzter::A	-126.367162808
dataMatrix_Nacht::N	-105.487497991
dataMatrix_zwoelf::NUM	-133.925616167
dataMatrix_Knie::N	-128.732092057
dataMatrix_wir::PRN	-140.280329395
dataMatrix_Tochter::N	-161.938667576
dataMatrix_Tasse::N	-157.861981336
dataMatrix_zuhoeren::V	-128.575071216
dataMatrix_schwarz::A	-113.493141618
dataMatrix_frisch::A	-108.275272124
dataMatrix_Raetsel::N	-145.502096199
dataMatrix_Schatten::N	-153.252207879
dataMatrix_uebersetzen::V	-131.642770507
dataMatrix_blind::A	-128.61893621
dataMatrix_Schmerz::N	-132.967997254
dataMatrix_Unglueck::N	-169.344558094
dataMatrix_Reihe::N	-173.980786216
dataMatrix_morgen::ADV	-107.464990769
dataMatrix_schieben::V	-160.547645347
dataMatrix_malen::V	-124.812344738
dataMatrix_lecken::V	-131.920547494
dataMatrix_nah::A	-143.4851156
dataMatrix_besitzen::V	-150.610555412
dataMatrix_Gans::N	-140.114104424
dataMatrix_Brief::N	-152.871228573
dataMatrix_Pfeil::N	-139.956951562
dataMatrix_erkennen::V	-118.023143165
dataMatrix_nass::A	-164.295396991
dataMatrix_geborenwerden::V	-163.218502179
dataMatrix_Ei::N	-132.572991212
dataMatrix_werden::V	-103.115117734
dataMatrix_Bein::N	-122.035842832
dataMatrix_ueberall::ADV	-134.983860666
dataMatrix_streichen::V	-150.807172654
dataMatrix_Kueste::N	-150.390712643
dataMatrix_vorbereiten::V	-118.011399737
dataMatrix_aufbewahren::V	-133.458411163
dataMatrix_bekannt::A	-112.942868494
dataMatrix_Bild::N	-80.3713335193
dataMatrix_schmutzig::A	-166.85439071
dataMatrix_Fuchs::N	-163.407612019
dataMatrix_hungrig::A	-95.9912720195
dataMatrix_klirren::V	-156.758430224
dataMatrix_Abhang::N	-108.91466562
dataMatrix_Schnee::N	-144.783778489
dataMatrix_fuehren::V	-114.230295256
dataMatrix_Pilz::N	-100.177036983
dataMatrix_stark::A	-173.509690681
dataMatrix_Fell::N	-111.336934924
dataMatrix_rauchen::V	-130.53633866
dataMatrix_Hals::N	-149.044923127
dataMatrix_Magen::N	-156.877225221
dataMatrix_untergehen[Sonne]::V	-119.262194223
dataMatrix_Fisch::N	-127.360622762
dataMatrix_zuruecklassen::V	-97.2831179122
dataMatrix_Geld::N	-139.192574773
dataMatrix_Schlinge::N	-100.733753464
dataMatrix_zeichnen::V	-175.624342777
dataMatrix_schwingen::V	-167.936722784
dataMatrix_weggehen::V	-133.688175491
dataMatrix_Ufer::N	-100.325407962
dataMatrix_treiben::V	-116.058705868
dataMatrix_nicht::ADV	-120.801999405
dataMatrix_tanzen::V	-138.396700286
dataMatrix_Weide[Baum]::N	-132.193110858
dataMatrix_ruehren::V	-136.094163818
dataMatrix_Schuld::N	-120.968646052
dataMatrix_Auge::N	-83.0194336931
dataMatrix_stoeren::V	-124.442700061
dataMatrix_Gipfel::N	-140.628228013
dataMatrix_Honig::N	-98.5475980879
dataMatrix_Bauch::N	-119.875085797
dataMatrix_Ruhe::N	-142.205373609
dataMatrix_Gespraech::N	-168.79974605
dataMatrix_sanft::A	-160.396647953
dataMatrix_dorthin::ADV	-146.003243628
dataMatrix_Klaue::N	-108.20026995
dataMatrix_sichfuerchten::V	-117.34379226
dataMatrix_Busen::N	-137.712686945
dataMatrix_Welle::N	-132.355173974
dataMatrix_Insel::N	-137.966068794
dataMatrix_stehlen::V	-130.134282647
dataMatrix_warten::V	-172.734333704
dataMatrix_rot::A	-84.2677712129
dataMatrix_zerstoeren::V	-114.342306163
dataMatrix_reich::A	-87.8566831728
dataMatrix_kaemmen::V	-116.393112907
dataMatrix_dritter::A	-138.567418069
dataMatrix_herstellen::V	-146.733643216
dataMatrix_Ehefrau::N	-110.073178
dataMatrix_lustig::A	-117.748467316
dataMatrix_sechzig::NUM	-141.075625455
dataMatrix_Sack::N	-126.128066853
dataMatrix_wenden::V	-122.967878767
dataMatrix_fern::A	-103.475517923
dataMatrix_Ton::N	-125.337171492
dataMatrix_hart::A	-124.571289122
dataMatrix_Kessel::N	-110.159154845
dataMatrix_Gewalt::N	-103.319267576
dataMatrix_schuetten::V	-138.990661118
dataMatrix_gross::A	-176.923460352
dataMatrix_Himmel::N	-133.875710274
dataMatrix_schleifen::V	-119.652479039
dataMatrix_Suende::N	-152.94982265
dataMatrix_Dienstag::N	-87.8156785592
dataMatrix_aergern::V	-145.789159469
dataMatrix_fangen::V	-147.346141536
dataMatrix_Hund::N	-132.223751611
dataMatrix_Bach::N	-115.232166039
dataMatrix_pfeifen::V	-102.763744892
dataMatrix_Alter::N	-139.288158977
dataMatrix_bitten::V	-143.615898313
dataMatrix_Wurm::N	-153.410611187
dataMatrix_Sinn::N	-125.445466194
dataMatrix_Gewicht::N	-181.342802536
dataMatrix_wo::FADV	-128.907271434
dataMatrix_vierzig::NUM	-136.146258246
dataMatrix_Gegenstand::N	-105.500724889
dataMatrix_Bett::N	-135.629174491
dataMatrix_sehr::ADV	-151.985633439
dataMatrix_hierhin::ADV	-96.5050515953
dataMatrix_Tee::N	-137.472914647
dataMatrix_Ast::N	-121.991865989
dataMatrix_Brunnen::N	-113.249053104
dataMatrix_nur::ADV	-124.363214464
dataMatrix_billig::A	-88.1166121009
dataMatrix_sterben::V	-120.501483495
dataMatrix_arbeiten::V	-129.370128418
dataMatrix_reparieren::V	-136.601903001
dataMatrix_alles::PRN	-109.298990936
dataMatrix_Saat::N	-95.7251486806
dataMatrix_spitz::A	-149.031004877
dataMatrix_sichbewegen::V	-140.201569877
dataMatrix_sitzen::V	-142.194978425
dataMatrix_loben::V	-103.05242565
dataMatrix_eilen::V	-114.114033623
dataMatrix_wecken::V	-173.974325965
dataMatrix_weinen::V	-116.677774364
dataMatrix_bewahren::V	-132.542528869
dataMatrix_einmal::ADV	-167.209414413
dataMatrix_vorher::ADV	-157.426722745
dataMatrix_wiegen::V	-99.6843499062
dataMatrix_laermen::V	-134.097333387
dataMatrix_neun::NUM	-159.571821658
dataMatrix_werfen::V	-144.173868496
dataMatrix_lange::ADV	-160.691185755
dataMatrix_wehen::V	-147.190341463
dataMatrix_legen::V	-121.084267355
dataMatrix_Messer::N	-99.2472235263
dataMatrix_Chef::N	-107.592830083
dataMatrix_wieviel::FNUM	-151.42157538
dataMatrix_vergebens::ADV	-95.3917031944
dataMatrix_unten::ADV	-125.689981519
dataMatrix_lecker::A	-162.631784218
dataMatrix_Krieg::N	-149.21213444
dataMatrix_Rinde::N	-126.573616572
dataMatrix_ziehen::V	-102.964609176
dataMatrix_Nadel::N	-82.6061846773
dataMatrix_Zaun::N	-169.732598571
dataMatrix_zittern::V	-142.075657771
dataMatrix_retten::V	-129.607030972
dataMatrix_hoeren::V	-121.53599093
dataMatrix_prahlen::V	-142.174565713
dataMatrix_Dezember::N	-155.074321984
dataMatrix_wissen::V	-148.30688708
dataMatrix_regnen::V	-110.524071376
dataMatrix_funkeln::V	-197.769589761
dataMatrix_verschwinden::V	-140.439723316
dataMatrix_hueten::V	-156.561777065
dataMatrix_zwei::NUM	-105.892353331
dataMatrix_faulen::V	-133.109291081
dataMatrix_niemals::ADV	-182.473409042
dataMatrix_siegen::V	-175.013140532
dataMatrix_sichbeeilen::V	-107.674787104
dataMatrix_Lehrer::N	-113.401181569
dataMatrix_machen::V	-101.438906842
dataMatrix_klug::A	-125.770690367
dataMatrix_Spinne::N	-156.895334007
dataMatrix_weiss::A	-114.993918181
dataMatrix_zurueck::ADV	-121.500016548
dataMatrix_oder::CNJ	-137.969595993
dataMatrix_Knopf::N	-149.388103996
dataMatrix_fett::A	-117.119569443
dataMatrix_Gewehr::N	-137.555964387
dataMatrix_spaeter::ADV	-117.474603147
dataMatrix_kuehl::A	-163.572920733
dataMatrix_klein::A	-145.260847581
dataMatrix_Schluss::N	-151.886242518
dataMatrix_Weg::N	-169.116825073
dataMatrix_Blut::N	-134.211527408
dataMatrix_tun::V	-134.464226304
dataMatrix_blau::A	-147.75186362
dataMatrix_Laenge::N	-116.57404777
dataMatrix_laufen::V	-132.382863384
dataMatrix_Schwein::N	-112.19113801
dataMatrix_Wasser::N	-95.6625963797
dataMatrix_Wolle::N	-96.0721510681
dataMatrix_Nagel::N	-83.8364574995
dataMatrix_was::FPRN	-129.236337046
dataMatrix_anbinden::V	-167.417645717
dataMatrix_aufwachen::V	-124.209624454
dataMatrix_rauschen::V	-127.20205877
dataMatrix_Hoehle::N	-141.854422385
dataMatrix_Dach::N	-145.984274454
dataMatrix_heben::V	-171.757076438
dataMatrix_dort::ADV	-144.266113398
dataMatrix_Laden::N	-87.7075633248
dataMatrix_trocken::A	-122.830924777
dataMatrix_Nabel::N	-110.172248547
dataMatrix_Stab::N	-123.338933267
dataMatrix_hinfallen::V	-133.994237334
dataMatrix_Teil::N	-132.671760255
dataMatrix_Ende::N	-89.9000221118
dataMatrix_Koenig::N	-97.5148852776
dataMatrix_lernen::V	-121.776854727
dataMatrix_Hand::N	-126.448630899
dataMatrix_Gedaechtnis::N	-141.735995747
dataMatrix_Bogen[Waffe]::N	-131.394704104
dataMatrix_Ehemann::N	-146.090626351
dataMatrix_schreiten::V	-154.769931056
dataMatrix_Kralle::N	-114.700244612
dataMatrix_siebzig::NUM	-153.98670131
dataMatrix_Glas::N	-109.156938773
dataMatrix_suess::A	-89.1340449709
dataMatrix_Laut::N	-119.799576382
dataMatrix_achtzig::NUM	-124.605242153
dataMatrix_oeffnen::V	-142.938304562
dataMatrix_Schwan::N	-95.121990534
dataMatrix_Haut::N	-113.105663788
dataMatrix_Grund::N	-113.43785544
dataMatrix_Nase::N	-96.7962796992
dataMatrix_sichunterhalten::V	-114.415650017
dataMatrix_Sonne::N	-179.236670687
dataMatrix_Winter::N	-90.3641714276
dataMatrix_Mittag::N	-112.305436697
dataMatrix_donnern::V	-126.689582648
dataMatrix_schlimm::A	-145.312374567
dataMatrix_Westen::N	-148.227057894
dataMatrix_dumm::A	-161.702623341
dataMatrix_Handflaeche::N	-110.727320772
dataMatrix_Sehne::N	-124.197954483
dataMatrix_versprechen::V	-158.408679073
dataMatrix_koennen::V	-147.459219096
dataMatrix_Arznei::N	-121.716952535
dataMatrix_abwischen::V	-118.916641751
dataMatrix_schiessen::V	-138.680254514
dataMatrix_Donnerstag::N	-117.335071693
dataMatrix_kaum::ADV	-115.652598402
dataMatrix_sammeln::V	-110.098841816
dataMatrix_Mutter::N	-99.720445156
dataMatrix_Baum::N	-100.925023202
dataMatrix_genesen::V	-111.756723814
dataMatrix_rennen::V	-150.159356704
dataMatrix_Ofen::N	-130.475618101
dataMatrix_Mensch::N	-192.464324184
dataMatrix_Puppe::N	-103.423672872
dataMatrix_fliegen::V	-122.160961137
dataMatrix_Barsch::N	-116.769886592
dataMatrix_anschauen::V	-139.114354095
dataMatrix_braten::V	-187.91058973
dataMatrix_teuer::A	-107.054160661
dataMatrix_Weide::N	-115.084671123
dataMatrix_haengen::V	-167.999287333
dataMatrix_verbinden::V	-129.405081207
dataMatrix_Tante::N	-112.975677191
dataMatrix_Verstand::N	-131.093742359
dataMatrix_klingeln::V	-122.368096171
dataMatrix_sprechen::V	-133.296669902
dataMatrix_muedewerden::V	-114.352058799
dataMatrix_Monat::N	-171.043855907
dataMatrix_Figur::N	-81.5157993651
dataMatrix_tragen::V	-146.785253198
dataMatrix_Kinn::N	-129.722846607
dataMatrix_fuehlen::V	-90.9455009916
dataMatrix_ertragen::V	-131.705286329
dataMatrix_Wiege::N	-98.705548476
dataMatrix_gelingen::V	-147.656774108
dataMatrix_Anzahl::N	-136.964785857
dataMatrix_dick[Gegenstand]::A	-135.935470015
dataMatrix_Schwester::N	-100.022505454
dataMatrix_schuetteln::V	-174.172138426
dataMatrix_Schnurrbart::N	-145.638684187
dataMatrix_tauen::V	-162.361388696
dataMatrix_Koerper::N	-126.209990904
dataMatrix_moegen::V	-151.558698546
dataMatrix_reden::V	-128.494004935
dataMatrix_Bart::N	-122.579150734
dataMatrix_hineingehen::V	-96.8136637228
dataMatrix_beissen::V	-110.056021102
dataMatrix_Decke::N	-107.685118217
dataMatrix_treffen::V	-171.1245259
dataMatrix_Rohr::N	-129.327608516
dataMatrix_hinter::PRP	-116.138377793
dataMatrix_Hunger::N	-121.043705928
dataMatrix_Geschirr::N	-101.508566321
dataMatrix_Holz::N	-155.243002058
dataMatrix_fliessen::V	-111.3226485
dataMatrix_Milch::N	-124.492472467
dataMatrix_reinigen::V	-145.459933639
dataMatrix_fischen::V	-155.584598938
dataMatrix_glauben::V	-132.714519898
dataMatrix_leben::V	-168.648439617
dataMatrix_verbergen::V	-116.809961519
dataMatrix_Norden::N	-117.47628012
dataMatrix_Angelegenheit::N	-119.394181375
dataMatrix_Haufen::N	-119.953437202
dataMatrix_Zweig::N	-112.932017859
dataMatrix_beruehmt::A	-123.018514394
dataMatrix_kochen::V	-116.788523073
dataMatrix_Kraehe::N	-102.804111882
dataMatrix_backen::V	-147.539435105
dataMatrix_Sohn::N	-85.3871016747
dataMatrix_Arbeit::N	-183.641998536
dataMatrix_warm::A	-124.724935652
dataMatrix_zwischen::PRP	-140.673827486
dataMatrix_Kranich::N	-126.446800695
dataMatrix_taub::A	-116.691442108
dataMatrix_Lagerfeuer::N	-133.128390151
dataMatrix_Kissen::N	-126.847880903
dataMatrix_einwenig::ADV	-122.364613578
dataMatrix_schliessen::V	-107.150986057
dataMatrix_Maerchen::N	-96.2994043165
dataMatrix_Topf::N	-114.467496986
dataMatrix_geschlossen::A	-104.431058059
dataMatrix_Boden::N	-172.439631918
dataMatrix_zehn::NUM	-136.651830115
dataMatrix_baden::V	-122.161124488
dataMatrix_Schuh::N	-117.942883139
dataMatrix_steigen::V	-150.81146037
dataMatrix_Maerz::N	-111.067489551
dataMatrix_ehemalig::A	-151.944989772
dataMatrix_bekommen::V	-135.861064764
dataMatrix_vier::NUM	-132.934803462
dataMatrix_sichanziehen::V	-149.436924311
dataMatrix_Zahn::N	-104.179129669
dataMatrix_Nebel::N	-169.668868312
dataMatrix_hinzufuegen::V	-185.298897145
dataMatrix_Falle::N	-154.995708881
dataMatrix_Freund::N	-183.014132278
dataMatrix_scheinen[Sonne]::V	-151.07258443
dataMatrix_Huhn::N	-146.529706569
dataMatrix_fluechten::V	-193.939913887
dataMatrix_jagen::V	-148.270243314
dataMatrix_Loeffel::N	-107.778349366
dataMatrix_See::N	-117.639687091
dataMatrix_Morgen::N	-142.685584838
dataMatrix_erzaehlen::V	-152.709728434
dataMatrix_beginnen::V	-120.943848757
dataMatrix_stumpf::A	-83.0595787035
dataMatrix_betruegen::V	-180.526033226
dataMatrix_lebendig::A	-128.767634725
dataMatrix_Zeh::N	-123.860918015
dataMatrix_Haus::N	-127.003770842
dataMatrix_Mai::N	-161.000834595
dataMatrix_sechs::NUM	-106.975450131
dataMatrix_Staub::N	-103.678070733
dataMatrix_Arbeiter::N	-137.797711365
dataMatrix_lieb::A	-153.052031503
dataMatrix_noch::ADV	-87.7627994116
dataMatrix_singen::V	-166.725814262
dataMatrix_bellen::V	-99.0622551416
dataMatrix_zurueckkommen::V	-98.1939473774
dataMatrix_sicherinnernan::V	-137.72132577
dataMatrix_Eis::N	-128.884275809
dataMatrix_wachsen::V	-143.865295454
dataMatrix_Ruf::N	-113.207971959
dataMatrix_Hahn::N	-87.5470682355
dataMatrix_waschen::V	-108.968849456
dataMatrix_Blatt::N	-126.038094615
dataMatrix_Leine::N	-112.771937398
dataMatrix_vernehmen::V	-113.053965427
dataMatrix_Wolke::N	-125.688606675
dataMatrix_manchmal::ADV	-175.800257513
dataMatrix_ploetzlich::ADV	-158.099536656
dataMatrix_damals::ADV	-128.869170467
dataMatrix_lehren::V	-134.391004309
dataMatrix_stricken::V	-136.52980623
dataMatrix_bald::ADV	-188.865433503
dataMatrix_Eichhoernchen::N	-148.79577707
dataMatrix_schaukeln::V	-113.145829468
dataMatrix_Fenster::N	-174.492951518
dataMatrix_Krankheit::N	-200.298991672
dataMatrix_sichaergern::V	-132.916046995
dataMatrix_umkommen::V	-80.2210968592
dataMatrix_ansehen::V	-128.604548321
dataMatrix_spielen::V	-191.807009229
dataMatrix_Welt::N	-145.101283925
dataMatrix_zerbrechen::V	-117.035759244
dataMatrix_Mond::N	-169.961795112
dataMatrix_sichsetzen::V	-134.215692861
dataMatrix_Eisen::N	-114.257781021
dataMatrix_suchen::V	-179.208643485
dataMatrix_Muster::N	-124.419153204
dataMatrix_Stoff::N	-100.194217886
dataMatrix_sicherholen::V	-125.258553708
dataMatrix_Freude::N	-135.727043581
dataMatrix_sichwaschen::V	-88.5830885443
dataMatrix_das::PRN	-99.3017828045
dataMatrix_sauer::A	-144.99386015
dataMatrix_Kirche::N	-96.0131415914
dataMatrix_Donner::N	-139.349189054
dataMatrix_reifen::V	-124.718135778
dataMatrix_bitter::A	-135.073095737
dataMatrix_abfahren::V	-136.503051237
dataMatrix_verstehen::V	-117.581821864
dataMatrix_offen::A	-113.70227217
dataMatrix_Staerke::N	-152.298786264
dataMatrix_verfaulen::V	-122.888051719
dataMatrix_aufstehen::V	-136.171461771
dataMatrix_Frau::N	-160.2711376
dataMatrix_Kleidung::N	-156.113179114
dataMatrix_Neuigkeit::N	-136.496730124
dataMatrix_Brett::N	-147.516455685
dataMatrix_schwer::A	-107.639338762
dataMatrix_Glueck::N	-130.340187986
dataMatrix_schlecht::A	-149.895846995
dataMatrix_Stueck::N	-118.756394869
dataMatrix_Scheibe::N	-97.8643822467
dataMatrix_Buendel::N	-120.18093305
dataMatrix_geraten::V	-106.023728066
dataMatrix_biegen::V	-111.522252753
dataMatrix_Beere::N	-112.897822609
dataMatrix_Platz::N	-110.265092505
dataMatrix_vergehen::V	-136.158614577
dataMatrix_Fehler::N	-144.535972182
dataMatrix_hacken::V	-126.341295879
dataMatrix_zuerst::ADV	-135.507620314
dataMatrix_Stange::N	-127.574802363
dataMatrix_kleben::V	-121.62004783
dataMatrix_wie::FADV	-120.478996251
dataMatrix_Leder::N	-110.897340882
dataMatrix_Brot::N	-124.658599685
dataMatrix_Kamm::N	-142.775162458
dataMatrix_Eimer::N	-127.176764486
dataMatrix_Zwiebel::N	-91.1467476474
dataMatrix_Groesse::N	-165.518074919
dataMatrix_feucht::A	-142.302485734
dataMatrix_schuetzen::V	-157.475563685
dataMatrix_setzen::V	-135.606582895
dataMatrix_Sache::N	-110.933381921
dataMatrix_neunzig::NUM	-124.545189178
dataMatrix_Oktober::N	-73.0020341243
dataMatrix_gelb::A	-103.647668774
dataMatrix_Schmetterling::N	-165.166374062
dataMatrix_heiss::A	-135.686199715
dataMatrix_sie::PRN	-98.2222592621
dataMatrix_Feder::N	-103.270248423
dataMatrix_aermel::N	-121.06346254
dataMatrix_schwimmen::V	-152.651056068
dataMatrix_Junge::N	-138.811343704
dataMatrix_Finger::N	-108.387554159
dataMatrix_neben::PRP	-104.25205445
dataMatrix_kuessen::V	-137.666806184
dataMatrix_Nagel[Anatomie]::N	-136.946642223
dataMatrix_behindern::V	-183.296916348
dataMatrix_wieder::ADV	-127.633061894
dataMatrix_Jahr::N	-137.260407054
dataMatrix_Frost::N	-178.314727101
dataMatrix_tauchen::V	-130.940742992
dataMatrix_vergessen::V	-144.040119929
dataMatrix_schneiden::V	-134.326880299
dataMatrix_atmen::V	-155.951803219
dataMatrix_essen::V	-121.414718123
dataMatrix_Menge::N	-110.50039298
dataMatrix_Kohle::N	-149.192664784
dataMatrix_September::N	-126.447984592
dataMatrix_fallenlassen::V	-125.213565629
dataMatrix_Zeit::N	-125.295107476
dataMatrix_Ente::N	-100.051744557
dataMatrix_Anhoehe::N	-120.935601503
dataMatrix_krank::A	-129.36094773
dataMatrix_Haar::N	-115.834059747
dataMatrix_rufen::V	-140.493534962
dataMatrix_graben::V	-128.238633931
dataMatrix_aufheben::V	-115.319584202
dataMatrix_Atem::N	-147.178441762
dataMatrix_gut::A	-144.3072879
dataMatrix_unterrichten::V	-161.680619621
dataMatrix_nennen::V	-125.828843097
dataMatrix_schmelzen::V	-123.050109881
dataMatrix_sieden::V	-135.679487884
dataMatrix_Katze::N	-110.228327416
dataMatrix_sinken::V	-125.529845638
dataMatrix_zubereiten::V	-149.671949731
dataMatrix_Huegel::N	-138.262695185
dataMatrix_sichtrennen::V	-137.821815877
dataMatrix_dicht::A	-111.761855409
dataMatrix_leer::A	-104.918875021
dataMatrix_dies::PRN	-108.7283286
dataMatrix_kommen::V	-135.074359704
dataMatrix_verlieren::V	-114.279193392
dataMatrix_Schaufel::N	-122.809055139
dataMatrix_Gesicht::N	-110.179007067
dataMatrix_Geruch::N	-131.750487696
dataMatrix_schenken::V	-134.485059007
dataMatrix_Rand::N	-136.619206502
dataMatrix_schlank::A	-123.614705928
dataMatrix_reif::A	-184.257683107
dataMatrix_Lust::N	-140.675321678
dataMatrix_Macht::N	-109.975660558
dataMatrix_Boot::N	-147.294510691
dataMatrix_nackt::A	-165.784421161
dataMatrix_huebsch::A	-139.179332149
dataMatrix_schlagen::V	-145.447213291
dataMatrix_Eule::N	-133.685474069
dataMatrix_neu::A	-112.850116864
dataMatrix_Schlange[Tier]::N	-105.554828419
dataMatrix_geben::V	-112.084254377
dataMatrix_Laerm::N	-169.628383496
dataMatrix_beugen::V	-93.0675836489
dataMatrix_anfangen::V	-114.771936634
dataMatrix_aufhaengen::V	-131.775209985
dataMatrix_Bruder::N	-145.223949278
dataMatrix_pfluecken::V	-143.292584435
dataMatrix_schwenken::V	-127.392344865
dataMatrix_wertvoll::A	-123.830699593
dataMatrix_Hecht::N	-89.3309794162
dataMatrix_aufziehen::V	-107.402481129
dataMatrix_verkaufen::V	-105.376150886
dataMatrix_liegen::V	-154.246025159
dataMatrix_Grenze::N	-107.085912295
dataMatrix_voll::A	-142.071593501
dataMatrix_Sumpf::N	-122.808476506
dataMatrix_sofort::ADV	-103.656579933
dataMatrix_schwach::A	-117.550438952
dataMatrix_fuellen::V	-130.107069791
dataMatrix_kurz::A	-104.274226236
dataMatrix_Heim::N	-86.7730711494
dataMatrix_Blume::N	-116.381785317
dataMatrix_Schlitten::N	-151.538222643
dataMatrix_warum::FADV	-169.232579168
dataMatrix_alt::A	-116.041525286
dataMatrix_zusehensein::V	-111.643156555
dataMatrix_hinauf::ADV	-146.517431788
dataMatrix_Mann::N	-179.534638026
dataMatrix_Eltern::N	-145.287894087
dataMatrix_leiten::V	-101.755819096
dataMatrix_wer::FPRN	-99.7081939956
dataMatrix_Bucht::N	-128.345149833
dataMatrix_spuelen::V	-94.1789149972
dataMatrix_Guertel::N	-108.732738601
dataMatrix_Ski::N	-79.5248079909
dataMatrix_ergreifen::V	-127.791868777
dataMatrix_bauen::V	-150.484675161
dataMatrix_kaufen::V	-73.285923004
dataMatrix_richtig::A	-137.578368123
dataMatrix_wohnen::V	-119.885860233
dataMatrix_stecken::V	-157.832565479
dataMatrix_schicken::V	-105.653805376
dataMatrix_Gras::N	-149.129056679
dataMatrix_Ohr::N	-132.650201271
dataMatrix_Fett::N	-135.130959283
dataMatrix_Licht::N	-157.073288003
dataMatrix_alt[Lebewesen]::A	-159.547268479
dataMatrix_verstecken::V	-176.969815129
dataMatrix_Kante::N	-116.971898253
