dataMatrix_danach::ADV	-268.650744321
dataMatrix_Nahrung::N	-329.696054849
dataMatrix_Schaum::N	-238.179921394
dataMatrix_beruehren::V	-320.556857838
dataMatrix_Tier::N	-293.848612476
dataMatrix_fest::A	-313.866806997
dataMatrix_Spiel::N	-338.309180726
dataMatrix_Wange::N	-259.509742096
dataMatrix_Herz::N	-251.775274324
dataMatrix_bedecken::V	-320.036670402
dataMatrix_klettern::V	-356.07579311
dataMatrix_gestern::ADV	-259.032057548
dataMatrix_Name::N	-189.157770658
dataMatrix_Nutzen::N	-199.813072785
dataMatrix_eintreten::V	-289.291290246
dataMatrix_gefrieren::V	-358.952658753
dataMatrix_faerben::V	-285.521743493
dataMatrix_Nachricht::N	-254.218002859
dataMatrix_sichruehren::V	-332.801844742
dataMatrix_sauber::A	-274.136201906
dataMatrix_melken::V	-220.405545899
dataMatrix_Kehle::N	-256.215127556
dataMatrix_Speise::N	-268.906896584
dataMatrix_antreiben::V	-320.420540304
dataMatrix_finden::V	-281.530820497
dataMatrix_linker::A	-249.841262374
dataMatrix_Fieber::N	-244.113475618
dataMatrix_klingen::V	-321.955885064
dataMatrix_Oberschenkel::N	-241.460153099
dataMatrix_aufgehen[Sonne]::V	-312.885562258
dataMatrix_Schmutz::N	-360.76226028
dataMatrix_Spur::N	-291.242667036
dataMatrix_laeuten::V	-291.728733313
dataMatrix_Geist::N	-253.694430335
dataMatrix_Essen::N	-302.511792668
dataMatrix_zahlen::V	-263.656274349
dataMatrix_Samstag::N	-217.937327544
dataMatrix_erster::A	-307.510017739
dataMatrix_rechter::A	-308.4934833
dataMatrix_Kummer::N	-247.381590761
dataMatrix_Tisch::N	-193.564895875
dataMatrix_enden::V	-314.915167163
dataMatrix_schimpfen::V	-344.36575599
dataMatrix_er::PRN	-170.421956125
dataMatrix_reiben::V	-278.887529346
dataMatrix_Stein::N	-191.522918216
dataMatrix_stechen::V	-334.993429092
dataMatrix_teilen::V	-234.434998135
dataMatrix_Raureif::N	-315.187408697
dataMatrix_Gabel::N	-266.74815232
dataMatrix_Stock::N	-255.594062319
dataMatrix_denken::V	-287.265021525
dataMatrix_Elch::N	-269.812793773
dataMatrix_Birke::N	-220.672276367
dataMatrix_husten::V	-228.091326001
dataMatrix_trocknen::V	-336.625725881
dataMatrix_frieren::V	-327.069200612
dataMatrix_wechseln::V	-315.965988418
dataMatrix_fuettern::V	-282.941523597
dataMatrix_hinab::ADV	-281.040215164
dataMatrix_Montag::N	-248.687166788
dataMatrix_Brust::N	-279.880181509
dataMatrix_Tor::N	-258.368379992
dataMatrix_Abstand::N	-245.905083053
dataMatrix_Last::N	-253.409429545
dataMatrix_Pfad::N	-287.488267326
dataMatrix_stoehnen::V	-340.096624438
dataMatrix_Hemd::N	-297.11071844
dataMatrix_Adler::N	-275.109288457
dataMatrix_Tanne::N	-282.657237691
dataMatrix_und::CNJ	-201.252283336
dataMatrix_Festland::N	-228.751242585
dataMatrix_du::PRN	-181.484614702
dataMatrix_lesen::V	-233.570215702
dataMatrix_Abend::N	-260.764227317
dataMatrix_kranksein::V	-338.940747066
dataMatrix_Wind::N	-265.665235721
dataMatrix_hell::A	-312.204606265
dataMatrix_giessen::V	-245.041999536
dataMatrix_geizig::A	-358.329544437
dataMatrix_Fluss::N	-290.14125402
dataMatrix_Kampf::N	-320.974832549
dataMatrix_Maedchen::N	-369.694774866
dataMatrix_schlucken::V	-306.293827748
dataMatrix_Onkel::N	-317.67573753
dataMatrix_aendern::V	-287.984459658
dataMatrix_fuerchten::V	-236.299179559
dataMatrix_stellen::V	-275.883224866
dataMatrix_Wurzel::N	-273.135586538
dataMatrix_geschickt::A	-362.91003962
dataMatrix_Leute::N	-318.955167925
dataMatrix_krankwerden::V	-419.619975451
dataMatrix_Lied::N	-214.184951944
dataMatrix_bleiben::V	-297.226749633
dataMatrix_Knoten::N	-278.455341343
dataMatrix_verderben::V	-350.471272805
dataMatrix_umruehren::V	-313.679836457
dataMatrix_Traum::N	-232.29358263
dataMatrix_beenden::V	-271.173950066
dataMatrix_blasen::V	-275.010598048
dataMatrix_stehen::V	-275.952003701
dataMatrix_verbrennen::V	-272.338804813
dataMatrix_hueten::V	-270.980768745
dataMatrix_erhalten::V	-355.613068156
dataMatrix_zwei::NUM	-207.596057899
dataMatrix_faulen::V	-264.051142775
dataMatrix_Staat::N	-190.642634979
dataMatrix_niemals::ADV	-250.481609087
dataMatrix_siegen::V	-354.293035104
dataMatrix_Kuh::N	-243.122360775
dataMatrix_zusammen::ADV	-377.648666368
dataMatrix_schreiben::V	-263.045689419
dataMatrix_Meister::N	-238.34448362
dataMatrix_Grossmutter::N	-294.951797362
dataMatrix_grau::A	-262.797812944
dataMatrix_November::N	-247.850910645
dataMatrix_Stadt::N	-235.806541439
dataMatrix_Baer::N	-271.436215714
dataMatrix_stroemen::V	-298.186208502
dataMatrix_Horn::N	-320.523962368
dataMatrix_roh::A	-229.376066669
dataMatrix_Geschmack::N	-242.851235694
dataMatrix_Ameise::N	-242.981712149
dataMatrix_fallen::V	-283.689977201
dataMatrix_aufeinmal::ADV	-326.884086014
dataMatrix_Suppe::N	-272.886198674
dataMatrix_Haken::N	-244.486955017
dataMatrix_Vogel::N	-354.845000591
dataMatrix_Kuckuck::N	-274.117330775
dataMatrix_sichversammeln::V	-346.456119632
dataMatrix_Fliege::N	-306.890102544
dataMatrix_geradeaus::ADV	-335.797055572
dataMatrix_ich::PRN	-175.728224561
dataMatrix_Regal::N	-244.963124663
dataMatrix_Rauch::N	-220.686029773
dataMatrix_rechnen::V	-332.742306399
dataMatrix_vor::PRP	-262.895491056
dataMatrix_Tropfen::N	-246.226744855
dataMatrix_Schwanz::N	-326.853845057
dataMatrix_spazierengehen::V	-319.604823168
dataMatrix_sichschlagen::V	-284.680762112
dataMatrix_Erzaehlung::N	-347.394091035
dataMatrix_Mitte::N	-295.803299027
dataMatrix_Tag::N	-214.060458916
dataMatrix_gehen::V	-241.625821605
dataMatrix_fleissig::A	-296.488143598
dataMatrix_verteidigen::V	-295.985399124
dataMatrix_sausen::V	-299.566235134
dataMatrix_Pferd::N	-206.176626589
dataMatrix_Ring::N	-289.687042738
dataMatrix_arm::A	-254.728388268
dataMatrix_umdrehen::V	-350.76808254
dataMatrix_Bau::N	-306.067563669
dataMatrix_zaehlen::V	-277.148991493
dataMatrix_Leiter::N	-267.73353427
dataMatrix_anzuenden::V	-308.271741188
dataMatrix_erscheinen::V	-345.014430199
dataMatrix_Genick::N	-321.558294932
dataMatrix_Woche::N	-174.98059294
dataMatrix_Stamm::N	-263.85276571
dataMatrix_Hoehe::N	-265.567631801
dataMatrix_weich::A	-296.830680967
dataMatrix_Januar::N	-285.26410347
dataMatrix_Heu::N	-201.839395726
dataMatrix_packen::V	-297.137425328
dataMatrix_Tuch::N	-274.988596191
dataMatrix_Weg::N	-259.140625779
dataMatrix_Grube::N	-273.009262288
dataMatrix_Blut::N	-135.87449991
dataMatrix_April::N	-315.428808874
dataMatrix_Regenbogen::N	-363.331519184
dataMatrix_tun::V	-272.909658347
dataMatrix_Grossvater::N	-367.520026582
dataMatrix_auswaehlen::V	-291.693418308
dataMatrix_Berg::N	-224.185032484
dataMatrix_druecken::V	-258.380572993
dataMatrix_probieren::V	-296.889851309
dataMatrix_Besen::N	-308.208201931
dataMatrix_lieben::V	-362.371715422
dataMatrix_Schlaf::N	-211.361709243
dataMatrix_Beutel::N	-287.065330679
dataMatrix_Geschenk::N	-297.476254805
dataMatrix_Gesundheit::N	-288.33013832
dataMatrix_heben::V	-353.213596285
dataMatrix_Arzt::N	-204.369639768
dataMatrix_dort::ADV	-291.592245306
dataMatrix_Laden::N	-245.884228101
dataMatrix_trocken::A	-281.525841839
dataMatrix_Nabel::N	-160.647935952
dataMatrix_Stab::N	-255.204676214
dataMatrix_hinfallen::V	-337.007756219
dataMatrix_Teil::N	-238.365306855
dataMatrix_Ende::N	-306.398915608
dataMatrix_kratzen::V	-326.320865965
dataMatrix_Hilfe::N	-255.093594871
dataMatrix_Kaelte::N	-327.948945272
dataMatrix_Spaten::N	-271.206601964
dataMatrix_schlafen::V	-285.603684534
dataMatrix_Griff::N	-307.823742776
dataMatrix_Preis::N	-186.575110286
dataMatrix_einst::ADV	-374.729001765
dataMatrix_damals::ADV	-279.935413244
dataMatrix_siebzig::NUM	-289.551002708
dataMatrix_wenden::V	-347.225168313
dataMatrix_erwarten::V	-245.159447335
dataMatrix_Muecke::N	-266.405611551
dataMatrix_Laut::N	-224.242502894
dataMatrix_achtzig::NUM	-285.250762015
dataMatrix_oeffnen::V	-277.148672847
dataMatrix_Schwan::N	-269.415090276
dataMatrix_Leben::N	-229.872411929
dataMatrix_Grund::N	-261.24887876
dataMatrix_Nase::N	-226.282122796
dataMatrix_sichunterhalten::V	-367.787005998
dataMatrix_Sonne::N	-238.877340501
dataMatrix_Kraft::N	-225.420442699
dataMatrix_Mittag::N	-305.08779723
dataMatrix_donnern::V	-288.376597025
dataMatrix_schlimm::A	-301.34307592
dataMatrix_Westen::N	-286.795581722
dataMatrix_dumm::A	-272.510011444
dataMatrix_Handflaeche::N	-255.311757364
dataMatrix_Hecht::N	-254.047532281
dataMatrix_versinken::V	-329.943522533
dataMatrix_einladen::V	-335.700459247
dataMatrix_Strich::N	-280.507172388
dataMatrix_weiss::A	-265.357253876
dataMatrix_zurueck::ADV	-298.153383836
dataMatrix_oder::CNJ	-182.031903947
dataMatrix_Knopf::N	-243.628166064
dataMatrix_fett::A	-319.867754486
dataMatrix_Gewehr::N	-237.754651703
dataMatrix_machen::V	-290.048355665
dataMatrix_aufwachen::V	-368.930857009
dataMatrix_Hoehle::N	-332.098652902
dataMatrix_Stern::N	-227.965049794
dataMatrix_fragen::V	-320.24568491
dataMatrix_waschen::V	-234.040872636
dataMatrix_Laenge::N	-294.68933359
dataMatrix_laufen::V	-326.842335438
dataMatrix_manchmal::ADV	-402.006177223
dataMatrix_Haut::N	-233.544078738
dataMatrix_Ei::N	-268.889568167
dataMatrix_kleben::V	-281.809196504
dataMatrix_Baum::N	-202.881013615
dataMatrix_Bach::N	-288.203365128
dataMatrix_geben::V	-259.437069413
dataMatrix_aufziehen::V	-358.023060205
dataMatrix_Hose::N	-249.844697314
dataMatrix_Wort::N	-251.733323352
dataMatrix_Dreck::N	-335.376278456
dataMatrix_bewachen::V	-317.286236865
dataMatrix_Tuer::N	-192.760644771
dataMatrix_duenn::A	-342.154701074
dataMatrix_heute::ADV	-283.396206457
dataMatrix_Lippe::N	-255.657182815
dataMatrix_Spiegel::N	-303.111245306
dataMatrix_Lehm::N	-236.686288411
dataMatrix_Butter::N	-252.892231164
dataMatrix_kriechen::V	-307.843537295
dataMatrix_Pilz::N	-292.957566145
dataMatrix_zeigen::V	-273.784216404
dataMatrix_kalt::A	-308.656318044
dataMatrix_zwanzig::NUM	-238.247006554
dataMatrix_hauen::V	-274.403776263
dataMatrix_genesen::V	-378.989252426
dataMatrix_rennen::V	-356.909351354
dataMatrix_Ofen::N	-268.326890571
dataMatrix_Mensch::N	-252.496725347
dataMatrix_Puppe::N	-214.155824594
dataMatrix_fliegen::V	-254.162738288
dataMatrix_Barsch::N	-202.513685501
dataMatrix_anschauen::V	-392.213667943
dataMatrix_braten::V	-335.138671834
dataMatrix_teuer::A	-327.095778037
dataMatrix_Weide::N	-307.57492465
dataMatrix_haengen::V	-307.410563554
dataMatrix_verbinden::V	-319.776255082
dataMatrix_Tante::N	-240.297920209
dataMatrix_Verstand::N	-260.933760715
dataMatrix_klingeln::V	-299.490947816
dataMatrix_sprechen::V	-323.40407498
dataMatrix_muedewerden::V	-322.097009039
dataMatrix_Monat::N	-216.448663763
dataMatrix_Figur::N	-266.732338188
dataMatrix_tragen::V	-290.46939245
dataMatrix_trinken::V	-259.225919253
dataMatrix_Faden::N	-218.990919163
dataMatrix_Wetter::N	-297.695968988
dataMatrix_Wolf::N	-250.900571452
dataMatrix_Schloss::N	-285.915140877
dataMatrix_schleppen::V	-273.19921787
dataMatrix_Stuhl::N	-317.032796373
dataMatrix_Knochen::N	-285.530534608
dataMatrix_allein::ADV	-259.736049351
dataMatrix_Herbst::N	-255.482825378
dataMatrix_Ellenbogen::N	-288.616791831
dataMatrix_Art::N	-202.395036322
dataMatrix_sicherinnernan::V	-290.846329428
dataMatrix_belaestigen::V	-390.200906229
dataMatrix_schoen::A	-315.65258336
dataMatrix_Ort::N	-251.685169046
dataMatrix_immer::ADV	-294.239892842
dataMatrix_Korn::N	-238.538698769
dataMatrix_Wald::N	-315.630126315
dataMatrix_Platte::N	-233.501850883
dataMatrix_stossen::V	-307.115149569
dataMatrix_mitteilen::V	-320.153854765
dataMatrix_Schulter::N	-325.52625667
dataMatrix_Muetze::N	-225.757332683
dataMatrix_Ruecken::N	-251.103821695
dataMatrix_scharf::A	-293.814756855
dataMatrix_Band::N	-189.120481825
dataMatrix_Schaf::N	-255.041083104
dataMatrix_Reichtum::N	-259.334569473
dataMatrix_abnehmen::V	-263.361500764
dataMatrix_Freitag::N	-258.594933354
dataMatrix_Angelegenheit::N	-272.897249299
dataMatrix_Haufen::N	-314.178421683
dataMatrix_Zweig::N	-239.766073972
dataMatrix_beruehmt::A	-217.515797481
dataMatrix_kochen::V	-393.617430992
dataMatrix_Kraehe::N	-256.837266904
dataMatrix_backen::V	-307.151603668
dataMatrix_Sohn::N	-291.76257586
dataMatrix_Arbeit::N	-312.430995877
dataMatrix_warm::A	-262.321576233
dataMatrix_zwischen::PRP	-247.760864084
dataMatrix_Kranich::N	-184.20169464
dataMatrix_taub::A	-223.742452961
dataMatrix_Lagerfeuer::N	-272.818451449
dataMatrix_Kissen::N	-281.259054206
dataMatrix_einwenig::ADV	-331.978252434
dataMatrix_schliessen::V	-342.180689039
dataMatrix_Maerchen::N	-352.089196214
dataMatrix_lieb::A	-268.399620483
dataMatrix_geschlossen::A	-242.30888412
dataMatrix_Boden::N	-289.093183782
dataMatrix_zehn::NUM	-168.696614512
dataMatrix_baden::V	-326.337956583
dataMatrix_Schuh::N	-229.529074696
dataMatrix_steigen::V	-301.937833467
dataMatrix_Maerz::N	-317.958394493
dataMatrix_ehemalig::A	-324.746713359
dataMatrix_bekommen::V	-343.7877656
dataMatrix_vier::NUM	-191.275555646
dataMatrix_Gang::N	-292.576606413
dataMatrix_wollen::V	-324.038306833
dataMatrix_Nebel::N	-348.101316962
dataMatrix_hinzufuegen::V	-327.966396499
dataMatrix_Falle::N	-307.75737893
dataMatrix_Freund::N	-292.903742152
dataMatrix_scheinen[Sonne]::V	-297.626507227
dataMatrix_Huhn::N	-224.396759058
dataMatrix_fluechten::V	-339.276413644
dataMatrix_jagen::V	-228.134749072
dataMatrix_Loeffel::N	-264.679555597
dataMatrix_See::N	-206.773668471
dataMatrix_Morgen::N	-252.903515555
dataMatrix_erzaehlen::V	-355.171039292
dataMatrix_beginnen::V	-260.372159842
dataMatrix_stumpf::A	-323.867932108
dataMatrix_betruegen::V	-373.785737973
dataMatrix_lebendig::A	-273.765747022
dataMatrix_anhalten::V	-306.890979728
dataMatrix_glatt::A	-289.146808406
dataMatrix_dunkel::A	-252.965307605
dataMatrix_sagen::V	-265.987701701
dataMatrix_Land::N	-260.444437421
dataMatrix_Ecke::N	-288.944561627
dataMatrix_Strasse::N	-242.399852196
dataMatrix_boese::A	-351.53516291
dataMatrix_sichanziehen::V	-305.721347777
dataMatrix_fuenfzig::NUM	-290.671041702
dataMatrix_Kiefer[Anatomie]::N	-276.350353608
dataMatrix_Kreuz::N	-169.772409275
dataMatrix_Kiefer[Baum]::N	-195.863416395
dataMatrix_Bulle::N	-233.33127888
dataMatrix_Gedanke::N	-256.374491811
dataMatrix_Ruf::N	-257.010692597
dataMatrix_Spitze::N	-293.272242874
dataMatrix_Leine::N	-268.144480071
dataMatrix_vernehmen::V	-312.423825299
dataMatrix_Wolke::N	-228.597190982
dataMatrix_Gegend::N	-336.055751245
dataMatrix_Salz::N	-254.207313183
dataMatrix_Moor::N	-283.055731963
dataMatrix_ankommen::V	-290.686527628
dataMatrix_jetzt::ADV	-217.985044084
dataMatrix_Stroemung::N	-263.358743838
dataMatrix_schmuecken::V	-303.775525177
dataMatrix_oft::ADV	-333.204993652
dataMatrix_Stimme::N	-196.167876506
dataMatrix_sicherheben::V	-274.852952316
dataMatrix_Zeichen::N	-236.664678544
dataMatrix_Linie::N	-191.604137561
dataMatrix_fassen::V	-231.678546217
dataMatrix_Stirn::N	-294.143891991
dataMatrix_August::N	-249.851890651
dataMatrix_letzter::A	-277.119607786
dataMatrix_Nacht::N	-219.632551825
dataMatrix_zwoelf::NUM	-287.205049259
dataMatrix_Knie::N	-249.403540393
dataMatrix_wir::PRN	-194.579712067
dataMatrix_Tochter::N	-307.080468256
dataMatrix_Tasse::N	-240.656355846
dataMatrix_zuhoeren::V	-294.840952665
dataMatrix_schwarz::A	-295.265663411
dataMatrix_frisch::A	-213.184213621
dataMatrix_Raetsel::N	-301.714471783
dataMatrix_Schatten::N	-308.848299857
dataMatrix_uebersetzen::V	-285.205467162
dataMatrix_blind::A	-286.774806256
dataMatrix_Schmerz::N	-258.990179243
dataMatrix_Unglueck::N	-285.219120943
dataMatrix_Reihe::N	-230.998259581
dataMatrix_morgen::ADV	-324.545124908
dataMatrix_schieben::V	-278.063958921
dataMatrix_malen::V	-233.794801533
dataMatrix_lecken::V	-247.290637641
dataMatrix_nah::A	-265.296857244
dataMatrix_besitzen::V	-270.874061081
dataMatrix_Gans::N	-296.860679857
dataMatrix_Brief::N	-218.630213326
dataMatrix_Glueck::N	-233.668596422
dataMatrix_schlecht::A	-355.359845688
dataMatrix_Stueck::N	-273.475606528
dataMatrix_Scheibe::N	-300.049170225
dataMatrix_werden::V	-294.615500583
dataMatrix_Bein::N	-242.919083748
dataMatrix_ueberall::ADV	-266.916534205
dataMatrix_streichen::V	-288.403279988
dataMatrix_Kueste::N	-321.438456675
dataMatrix_vorbereiten::V	-278.526160955
dataMatrix_aufbewahren::V	-291.475311102
dataMatrix_hundert::NUM	-242.630977962
dataMatrix_Bild::N	-239.825725201
dataMatrix_schmutzig::A	-360.190237816
dataMatrix_wie::FADV	-246.618609532
dataMatrix_Leder::N	-199.978189739
dataMatrix_Brot::N	-187.884926987
dataMatrix_Kamm::N	-236.558581861
dataMatrix_zunehmen::V	-303.825418575
dataMatrix_fuehren::V	-318.432291518
dataMatrix_Norden::N	-275.28985385
dataMatrix_stark::A	-346.319698715
dataMatrix_Fell::N	-313.091646771
dataMatrix_rauchen::V	-257.403196762
dataMatrix_Hals::N	-233.54751245
dataMatrix_Magen::N	-258.635246595
dataMatrix_untergehen[Sonne]::V	-314.666881004
dataMatrix_Fisch::N	-232.683364363
dataMatrix_zuruecklassen::V	-329.950617674
dataMatrix_Geld::N	-286.052588098
dataMatrix_sie::PRN	-186.920602674
dataMatrix_Feder::N	-304.408936586
dataMatrix_aermel::N	-263.914681663
dataMatrix_schwimmen::V	-330.633175198
dataMatrix_Junge::N	-355.558372687
dataMatrix_Finger::N	-192.349723138
dataMatrix_neben::PRP	-358.351502318
dataMatrix_kuessen::V	-349.439634299
dataMatrix_Nagel[Anatomie]::N	-261.965089395
dataMatrix_behindern::V	-336.503130227
dataMatrix_wieder::ADV	-235.779129313
dataMatrix_Jahr::N	-218.466487905
dataMatrix_Frost::N	-240.874108727
dataMatrix_tauchen::V	-309.096022437
dataMatrix_vergessen::V	-298.929230237
dataMatrix_Ruhe::N	-297.19638938
dataMatrix_Gespraech::N	-321.333408477
dataMatrix_sanft::A	-317.743831819
dataMatrix_dorthin::ADV	-304.025141535
dataMatrix_Klaue::N	-281.35588234
dataMatrix_sichfuerchten::V	-339.308387973
dataMatrix_Busen::N	-287.656982995
dataMatrix_Welle::N	-240.883192002
dataMatrix_Insel::N	-213.458148174
dataMatrix_stehlen::V	-205.87768492
dataMatrix_warten::V	-310.877210265
dataMatrix_rot::A	-228.872782279
dataMatrix_zerstoeren::V	-320.661771437
dataMatrix_reich::A	-268.354947002
dataMatrix_kaemmen::V	-273.213760654
dataMatrix_dritter::A	-253.845031533
dataMatrix_herstellen::V	-339.839910493
dataMatrix_Ehefrau::N	-312.138912765
dataMatrix_lustig::A	-310.72174774
dataMatrix_sechzig::NUM	-259.716768785
dataMatrix_Sack::N	-204.473288755
dataMatrix_Spinne::N	-305.063254304
dataMatrix_fern::A	-270.49905462
dataMatrix_Ton::N	-324.407573649
dataMatrix_hart::A	-280.182757577
dataMatrix_dicht::A	-237.046665352
dataMatrix_leer::A	-273.257720537
dataMatrix_dies::PRN	-185.412546182
dataMatrix_kommen::V	-257.803420382
dataMatrix_verlieren::V	-261.605427775
dataMatrix_Schaufel::N	-337.589411806
dataMatrix_Gesicht::N	-270.148107313
dataMatrix_Geruch::N	-319.829084742
dataMatrix_schenken::V	-356.406169764
dataMatrix_Rand::N	-324.878564903
dataMatrix_schlank::A	-325.169849959
dataMatrix_pfeifen::V	-290.351858758
dataMatrix_Alter::N	-279.842679849
dataMatrix_Boot::N	-326.377172433
dataMatrix_nackt::A	-272.937643178
dataMatrix_huebsch::A	-369.606700523
dataMatrix_schlagen::V	-271.149598268
dataMatrix_Eule::N	-293.809166832
dataMatrix_neu::A	-217.453669209
dataMatrix_Schlange[Tier]::N	-224.413168907
dataMatrix_sehr::ADV	-343.155639808
dataMatrix_hierhin::ADV	-288.092659368
dataMatrix_Tee::N	-378.901177248
dataMatrix_Ast::N	-247.915483608
dataMatrix_Brunnen::N	-244.324589012
dataMatrix_nur::ADV	-293.094627749
dataMatrix_billig::A	-298.77578692
dataMatrix_sterben::V	-215.537127736
dataMatrix_arbeiten::V	-276.368442629
dataMatrix_reparieren::V	-324.801963299
dataMatrix_verkaufen::V	-250.774310812
dataMatrix_liegen::V	-339.474350392
dataMatrix_Grenze::N	-297.719366946
dataMatrix_voll::A	-238.379082937
dataMatrix_Sumpf::N	-271.16707551
dataMatrix_sofort::ADV	-344.047404632
dataMatrix_schwach::A	-297.256294358
dataMatrix_weinen::V	-239.505147114
dataMatrix_bewahren::V	-288.910702462
dataMatrix_einmal::ADV	-258.448608954
dataMatrix_vorher::ADV	-315.107751761
dataMatrix_wiegen::V	-350.88802498
dataMatrix_laermen::V	-349.514664945
dataMatrix_neun::NUM	-270.100319364
dataMatrix_werfen::V	-276.338204178
dataMatrix_lange::ADV	-249.150485577
dataMatrix_wehen::V	-324.25439507
dataMatrix_legen::V	-254.923718608
dataMatrix_Messer::N	-221.990085575
dataMatrix_Chef::N	-305.527697382
dataMatrix_wieviel::FNUM	-261.389295391
dataMatrix_vergebens::ADV	-294.99672734
dataMatrix_unten::ADV	-289.745648161
dataMatrix_lecker::A	-310.219971867
dataMatrix_Krieg::N	-264.015232234
dataMatrix_Rinde::N	-317.76269302
dataMatrix_ziehen::V	-241.42633305
dataMatrix_Nadel::N	-205.673723317
dataMatrix_Zaun::N	-315.14847929
dataMatrix_zittern::V	-310.174342211
dataMatrix_retten::V	-276.640661476
dataMatrix_hoeren::V	-285.075704535
dataMatrix_prahlen::V	-334.929331743
dataMatrix_Dezember::N	-240.729104057
dataMatrix_alt[Lebewesen]::A	-298.554626142
dataMatrix_verstecken::V	-304.473743286
dataMatrix_Kante::N	-263.779443406
dataMatrix_naehen::V	-219.246887222
dataMatrix_nennen::V	-248.568389959
dataMatrix_klein::A	-335.935459497
dataMatrix_so::ADV	-286.566636972
dataMatrix_oben::ADV	-286.243340794
dataMatrix_wahr::A	-273.915865818
dataMatrix_spaeter::ADV	-300.07306655
dataMatrix_Schale::N	-293.185411209
dataMatrix_einschlafen::V	-330.060422645
dataMatrix_Fruehling::N	-306.357213979
dataMatrix_sichbeeilen::V	-362.104745061
dataMatrix_Lehrer::N	-310.439554496
dataMatrix_Schwarm::N	-243.771648829
dataMatrix_fahren::V	-377.577024822
dataMatrix_Familie::N	-239.341698267
dataMatrix_Herde::N	-283.441868947
dataMatrix_rudern::V	-310.304393183
dataMatrix_drei::NUM	-259.964645316
dataMatrix_rueckwaerts::ADV	-287.611730913
dataMatrix_Gesellschaft::N	-219.178543094
dataMatrix_Deckel::N	-291.717716427
dataMatrix_Maus::N	-272.548936726
dataMatrix_fliehen::V	-252.907235285
dataMatrix_Tasche::N	-231.979068878
dataMatrix_Meer::N	-260.785396955
dataMatrix_abreissen::V	-335.019503904
dataMatrix_ausziehen::V	-313.109503581
dataMatrix_schwanken::V	-343.676755203
dataMatrix_Kreis::N	-222.552686033
dataMatrix_rund::A	-322.567978216
dataMatrix_Quelle::N	-302.512164077
dataMatrix_Stiefel::N	-197.039389299
dataMatrix_klopfen::V	-310.758140882
dataMatrix_Funke::N	-271.316759173
dataMatrix_Asche::N	-260.524881753
dataMatrix_Sprache::N	-275.743914891
dataMatrix_einwickeln::V	-295.01471515
dataMatrix_Gott::N	-226.32066544
dataMatrix_kehren::V	-266.078491056
dataMatrix_riechen::V	-302.30363948
dataMatrix_flach::A	-236.084997167
dataMatrix_beherrschen::V	-206.06330955
dataMatrix_aufhoeren::V	-299.861124674
dataMatrix_lachen::V	-252.852053222
dataMatrix_toeten::V	-323.133322105
dataMatrix_Bruecke::N	-290.072014101
dataMatrix_Juli::N	-244.589079613
dataMatrix_dann::ADV	-314.751327063
dataMatrix_Februar::N	-220.032380344
dataMatrix_abschneiden::V	-323.267269386
dataMatrix_schon::ADV	-226.488339207
dataMatrix_brausen::V	-390.394155842
dataMatrix_binden::V	-300.478373626
dataMatrix_Sueden::N	-248.096806722
dataMatrix_Grab::N	-255.550864561
dataMatrix_Wunde::N	-318.617067241
dataMatrix_Erde::N	-231.521786521
dataMatrix_scheinen::V	-266.883812239
dataMatrix_Farbe::N	-222.627022154
dataMatrix_vonhier::ADV	-288.94395321
dataMatrix_wegen::PRP	-261.840466666
dataMatrix_verbessern::V	-348.57381213
dataMatrix_taeuschen::V	-376.172874453
dataMatrix_breit::A	-237.801539185
dataMatrix_Traene::N	-282.388260818
dataMatrix_sichdrehen::V	-308.252756746
dataMatrix_Luft::N	-233.711698524
dataMatrix_fremd::A	-286.099789715
dataMatrix_Wiese::N	-266.944492119
dataMatrix_Dach::N	-250.506944259
dataMatrix_glaenzen::V	-318.029967455
dataMatrix_anziehen::V	-306.40719708
dataMatrix_blau::A	-289.957619218
dataMatrix_lassen::V	-270.069407147
dataMatrix_Geschaeft::N	-225.636418853
dataMatrix_passieren::V	-307.103521809
dataMatrix_Gelaechter::N	-270.690396896
dataMatrix_Zunge::N	-219.567194019
dataMatrix_Kragen::N	-283.241703145
dataMatrix_messen::V	-307.980340787
dataMatrix_Kind::N	-307.635040566
dataMatrix_Arm::N	-275.781999379
dataMatrix_Schwein::N	-246.261538001
dataMatrix_Wasser::N	-223.840882165
dataMatrix_Wolle::N	-243.094130664
dataMatrix_Nagel::N	-283.263372773
dataMatrix_was::FPRN	-217.227801059
dataMatrix_unter::PRP	-259.268152994
dataMatrix_sehen::V	-238.97338436
dataMatrix_Gast::N	-276.707976017
dataMatrix_Volk::N	-222.963675896
dataMatrix_Sonntag::N	-274.211066055
dataMatrix_Fluegel::N	-262.208720212
dataMatrix_Entfernung::N	-252.362916269
dataMatrix_bekannt::A	-329.059262481
dataMatrix_lernen::V	-328.242509351
dataMatrix_Hand::N	-240.439473715
dataMatrix_Gedaechtnis::N	-278.509050202
dataMatrix_Bogen[Waffe]::N	-195.962494297
dataMatrix_Ehemann::N	-336.311009941
dataMatrix_schreiten::V	-305.84028386
dataMatrix_Kralle::N	-217.376087887
dataMatrix_Ruder::N	-258.762270933
dataMatrix_halten::V	-282.383337994
dataMatrix_Kessel::N	-233.012464993
dataMatrix_suess::A	-246.616571931
dataMatrix_Zahn::N	-189.835445416
dataMatrix_Ferse::N	-297.86138359
dataMatrix_Winkel::N	-257.598377657
dataMatrix_Schluss::N	-271.306147202
dataMatrix_Getreide::N	-281.702744449
dataMatrix_Loch::N	-264.206760038
dataMatrix_acht::NUM	-219.39005149
dataMatrix_Ware::N	-238.502775534
dataMatrix_anbinden::V	-296.800219101
dataMatrix_klug::A	-332.64840287
dataMatrix_ruetteln::V	-253.725639573
dataMatrix_reichen::V	-303.362609234
dataMatrix_begreifen::V	-332.320158793
dataMatrix_heulen::V	-264.756478209
dataMatrix_Luege::N	-267.975362861
dataMatrix_Vater::N	-210.191630872
dataMatrix_Dorf::N	-261.612711718
dataMatrix_treten::V	-276.865437646
dataMatrix_Riemen::N	-243.417281937
dataMatrix_Mittwoch::N	-223.272998036
dataMatrix_Juni::N	-274.501967412
dataMatrix_besuchen::V	-309.80537127
dataMatrix_rauschen::V	-209.888339442
dataMatrix_Fussboden::N	-315.364486192
dataMatrix_bringen::V	-275.019616717
dataMatrix_Buch::N	-190.958733528
dataMatrix_eins::NUM	-238.80233666
dataMatrix_vorwaerts::ADV	-293.435035946
dataMatrix_Pfeil::N	-284.110840054
dataMatrix_Schnur::N	-263.953340225
dataMatrix_Zeh::N	-258.444316822
dataMatrix_Koenig::N	-206.63090986
dataMatrix_Schlinge::N	-313.013407791
dataMatrix_Glas::N	-235.08880214
dataMatrix_bitten::V	-335.407751763
dataMatrix_brechen::V	-264.742129627
dataMatrix_springen::V	-252.445224808
dataMatrix_schneiden::V	-303.224015777
dataMatrix_schreien::V	-350.139654362
dataMatrix_wissen::V	-264.058264546
dataMatrix_Fehler::N	-293.901390222
dataMatrix_fuellen::V	-254.136589246
dataMatrix_hier::ADV	-263.198162382
dataMatrix_Sehne::N	-263.864438644
dataMatrix_versprechen::V	-305.463656965
dataMatrix_koennen::V	-315.393712408
dataMatrix_Arznei::N	-216.69487044
dataMatrix_abwischen::V	-324.482811869
dataMatrix_schiessen::V	-319.953369696
dataMatrix_Donnerstag::N	-267.293390916
dataMatrix_kaum::ADV	-359.098360904
dataMatrix_sammeln::V	-339.707829573
dataMatrix_Mutter::N	-214.923790064
dataMatrix_elf::NUM	-282.144395156
dataMatrix_Mund::N	-280.478461993
dataMatrix_kuehl::A	-325.837439705
dataMatrix_Fuss::N	-217.931715988
dataMatrix_traurig::A	-335.046961507
dataMatrix_Osten::N	-317.060365013
dataMatrix_sieben::NUM	-240.201948532
dataMatrix_drehen::V	-337.80038043
dataMatrix_Apfel::N	-211.706358176
dataMatrix_wuenschen::V	-236.876359391
dataMatrix_fein::A	-258.344273296
dataMatrix_Wunsch::N	-272.787625602
dataMatrix_Silber::N	-203.794573717
dataMatrix_schmerzen::V	-276.279989595
dataMatrix_kraeftig::A	-399.195940166
dataMatrix_Gehirn::N	-306.999689291
dataMatrix_Leber::N	-275.025536487
dataMatrix_oel::N	-197.649202734
dataMatrix_lang::A	-268.197395981
dataMatrix_Netz::N	-244.073495191
dataMatrix_bunt::A	-340.366907232
dataMatrix_Kinn::N	-293.768220483
dataMatrix_fuehlen::V	-356.925781224
dataMatrix_ertragen::V	-253.727613905
dataMatrix_Wiege::N	-282.789160077
dataMatrix_gelingen::V	-283.547601372
dataMatrix_Anzahl::N	-262.844112085
dataMatrix_dick[Gegenstand]::A	-280.72234384
dataMatrix_Schwester::N	-317.242801118
dataMatrix_schuetteln::V	-330.3222478
dataMatrix_Schnurrbart::N	-282.323949173
dataMatrix_tauen::V	-253.715442506
dataMatrix_Koerper::N	-293.853653318
dataMatrix_moegen::V	-341.464488406
dataMatrix_reden::V	-329.209067227
dataMatrix_Bart::N	-206.718188363
dataMatrix_hineingehen::V	-261.726538099
dataMatrix_beissen::V	-289.155712654
dataMatrix_Decke::N	-265.453885933
dataMatrix_treffen::V	-329.92589403
dataMatrix_Rohr::N	-236.690146246
dataMatrix_hinter::PRP	-263.612610552
dataMatrix_Hunger::N	-306.128022559
dataMatrix_Geschirr::N	-310.157607725
dataMatrix_Holz::N	-282.243392452
dataMatrix_fliessen::V	-274.726342772
dataMatrix_Milch::N	-175.704363084
dataMatrix_reinigen::V	-278.425543588
dataMatrix_fischen::V	-351.586370957
dataMatrix_glauben::V	-278.277603902
dataMatrix_leben::V	-264.141645249
dataMatrix_verbergen::V	-292.842662648
dataMatrix_jung::A	-317.116377735
dataMatrix_ihr::PRN	-242.893221955
dataMatrix_Fingernagel::N	-236.628472246
dataMatrix_dreissig::NUM	-306.172643877
dataMatrix_Fleisch::N	-248.526259493
dataMatrix_reissen::V	-288.04744005
dataMatrix_Kiste::N	-261.533225096
dataMatrix_durch::PRP	-244.396930506
dataMatrix_faul::A	-265.286983605
dataMatrix_Zeitung::N	-228.999578549
dataMatrix_Schaden::N	-261.706309474
dataMatrix_Kamerad::N	-276.564103354
dataMatrix_beschaedigen::V	-309.868434923
dataMatrix_Tod::N	-255.223991798
dataMatrix_vereinigen::V	-343.510241935
dataMatrix_Schritt::N	-277.212094969
dataMatrix_Brei::N	-262.106288202
dataMatrix_fegen::V	-293.855961598
dataMatrix_Ader::N	-305.809311297
dataMatrix_zweiter::A	-253.042092025
dataMatrix_Stuetze::N	-297.127118137
dataMatrix_wohin::FADV	-263.343768601
dataMatrix_Haelfte::N	-222.002219304
dataMatrix_noch::ADV	-279.891525951
dataMatrix_waehlen::V	-313.561331631
dataMatrix_hochheben::V	-286.733335871
dataMatrix_gruen::A	-256.494437826
dataMatrix_Seite::N	-315.99338185
dataMatrix_Hitze::N	-286.631655473
dataMatrix_nehmen::V	-250.91134501
dataMatrix_fuenf::NUM	-242.312012628
dataMatrix_Buchstabe::N	-224.183387303
dataMatrix_Rede::N	-319.660219391
dataMatrix_zerreissen::V	-355.86838816
dataMatrix_Handtuch::N	-278.983527655
dataMatrix_versuchen::V	-272.424721148
dataMatrix_Laus::N	-188.763595667
dataMatrix_tausend::NUM	-190.380096975
dataMatrix_verschieden::A	-314.824247042
dataMatrix_anderer::A	-228.473005612
dataMatrix_Gold::N	-238.290285182
dataMatrix_Sand::N	-243.677713044
dataMatrix_Hase::N	-210.581826649
dataMatrix_Regen::N	-195.657020865
dataMatrix_brennen::V	-342.284859747
dataMatrix_bemerken::V	-331.781282125
dataMatrix_Sommer::N	-239.233942298
dataMatrix_Wahrheit::N	-279.717019654
dataMatrix_Haus::N	-254.343684048
dataMatrix_Mai::N	-427.317089645
dataMatrix_sechs::NUM	-157.998876739
dataMatrix_Staub::N	-215.897538259
dataMatrix_Arbeiter::N	-307.650348902
dataMatrix_Topf::N	-286.297884781
dataMatrix_zudecken::V	-275.826081816
dataMatrix_singen::V	-264.226964663
dataMatrix_bellen::V	-344.765712615
dataMatrix_zurueckkommen::V	-339.523301475
dataMatrix_bezahlen::V	-244.212241012
dataMatrix_Eis::N	-230.938944068
dataMatrix_wachsen::V	-269.656696159
dataMatrix_Nest::N	-215.365959615
dataMatrix_Hahn::N	-243.529871238
dataMatrix_ploetzlich::ADV	-284.113910306
dataMatrix_Blatt::N	-211.69962657
dataMatrix_Kopf::N	-195.419991821
dataMatrix_verlassen::V	-227.976891722
dataMatrix_schmal::A	-332.259588917
dataMatrix_Feuer::N	-217.85921269
dataMatrix_lehren::V	-326.387474367
dataMatrix_stricken::V	-262.740573587
dataMatrix_bald::ADV	-365.425108863
dataMatrix_Eichhoernchen::N	-265.851648299
dataMatrix_schaukeln::V	-328.688690253
dataMatrix_Fenster::N	-270.906569463
dataMatrix_Krankheit::N	-341.060593848
dataMatrix_sichaergern::V	-333.698455726
dataMatrix_umkommen::V	-287.892290123
dataMatrix_ansehen::V	-330.125222333
dataMatrix_spielen::V	-311.365207881
dataMatrix_Welt::N	-264.295509665
dataMatrix_zerbrechen::V	-324.567254741
dataMatrix_Mond::N	-229.210072624
dataMatrix_sichsetzen::V	-363.86593322
dataMatrix_Eisen::N	-175.589035482
dataMatrix_suchen::V	-307.427838498
dataMatrix_Muster::N	-233.216642494
dataMatrix_Stoff::N	-228.945220015
dataMatrix_sicherholen::V	-390.884716838
dataMatrix_Freude::N	-337.750197867
dataMatrix_sichwaschen::V	-318.112918589
dataMatrix_das::PRN	-251.422791574
dataMatrix_sauer::A	-302.71214955
dataMatrix_Kirche::N	-262.101307968
dataMatrix_Donner::N	-292.615562906
dataMatrix_reifen::V	-275.637984152
dataMatrix_bitter::A	-271.106397221
dataMatrix_abfahren::V	-286.263100727
dataMatrix_verstehen::V	-328.3154969
dataMatrix_offen::A	-272.138309766
dataMatrix_Staerke::N	-277.855712046
dataMatrix_verfaulen::V	-326.706265456
dataMatrix_aufstehen::V	-317.830499671
dataMatrix_Frau::N	-311.971996459
dataMatrix_Kleidung::N	-356.559995063
dataMatrix_Neuigkeit::N	-277.342138762
dataMatrix_Brett::N	-254.50132735
dataMatrix_schwer::A	-240.775142375
dataMatrix_erkennen::V	-294.076970567
dataMatrix_nass::A	-268.227203897
dataMatrix_geborenwerden::V	-280.414604908
dataMatrix_Buendel::N	-258.486834394
dataMatrix_geraten::V	-245.738659736
dataMatrix_biegen::V	-352.148328467
dataMatrix_Beere::N	-282.037968487
dataMatrix_Platz::N	-255.41383172
dataMatrix_vergehen::V	-314.445789462
dataMatrix_Winter::N	-266.434230369
dataMatrix_hacken::V	-262.35879866
dataMatrix_zuerst::ADV	-336.913233108
dataMatrix_Stange::N	-295.656982256
dataMatrix_Fuchs::N	-291.6196615
dataMatrix_hungrig::A	-386.517079916
dataMatrix_klirren::V	-295.401901035
dataMatrix_Abhang::N	-319.183259495
dataMatrix_Schnee::N	-245.57485477
dataMatrix_Eimer::N	-258.591091728
dataMatrix_Zwiebel::N	-253.651798755
dataMatrix_Groesse::N	-258.488775605
dataMatrix_feucht::A	-297.821944479
dataMatrix_schuetzen::V	-335.42796936
dataMatrix_setzen::V	-243.306828324
dataMatrix_Sache::N	-317.689652492
dataMatrix_neunzig::NUM	-279.334556408
dataMatrix_Oktober::N	-259.955452861
dataMatrix_gelb::A	-308.609401258
dataMatrix_Schmetterling::N	-321.990294572
dataMatrix_heiss::A	-307.966579195
dataMatrix_zeichnen::V	-339.2673332
dataMatrix_schwingen::V	-351.73164312
dataMatrix_weggehen::V	-307.04540983
dataMatrix_Ufer::N	-273.817680493
dataMatrix_treiben::V	-318.060442855
dataMatrix_nicht::ADV	-262.096281356
dataMatrix_tanzen::V	-228.788424454
dataMatrix_Weide[Baum]::N	-260.995298165
dataMatrix_ruehren::V	-319.667527454
dataMatrix_Schuld::N	-298.789207277
dataMatrix_Auge::N	-228.110300815
dataMatrix_stoeren::V	-322.418051618
dataMatrix_Gipfel::N	-276.094551683
dataMatrix_Honig::N	-138.275053515
dataMatrix_Bauch::N	-279.729648438
dataMatrix_atmen::V	-289.316153203
dataMatrix_essen::V	-240.648743699
dataMatrix_Menge::N	-255.745825007
dataMatrix_Kohle::N	-220.134212887
dataMatrix_September::N	-199.410045547
dataMatrix_fallenlassen::V	-346.420097919
dataMatrix_Zeit::N	-209.138712649
dataMatrix_Ente::N	-254.349405029
dataMatrix_Anhoehe::N	-299.562208079
dataMatrix_krank::A	-334.800542991
dataMatrix_Haar::N	-234.467733355
dataMatrix_rufen::V	-318.272601169
dataMatrix_graben::V	-254.976127648
dataMatrix_aufheben::V	-310.674891884
dataMatrix_Atem::N	-305.475948377
dataMatrix_gut::A	-309.434935423
dataMatrix_unterrichten::V	-334.544216014
dataMatrix_verschwinden::V	-291.991325736
dataMatrix_schmelzen::V	-272.321773625
dataMatrix_sieden::V	-287.926653228
dataMatrix_Katze::N	-194.84522038
dataMatrix_sinken::V	-333.730052659
dataMatrix_zubereiten::V	-294.067727998
dataMatrix_Huegel::N	-356.431651732
dataMatrix_sichtrennen::V	-303.140432654
dataMatrix_Gewalt::N	-236.831288475
dataMatrix_schuetten::V	-288.345261786
dataMatrix_gross::A	-297.974334696
dataMatrix_Himmel::N	-268.235821446
dataMatrix_schleifen::V	-284.275572069
dataMatrix_Suende::N	-230.95817509
dataMatrix_Dienstag::N	-199.490087429
dataMatrix_aergern::V	-343.44944981
dataMatrix_fangen::V	-285.59784308
dataMatrix_Hund::N	-251.276242594
dataMatrix_reif::A	-326.221130171
dataMatrix_Lust::N	-313.494415018
dataMatrix_Macht::N	-217.284864334
dataMatrix_Wurm::N	-290.614901039
dataMatrix_Sinn::N	-269.293674469
dataMatrix_Gewicht::N	-275.07671689
dataMatrix_wo::FADV	-226.768392434
dataMatrix_vierzig::NUM	-236.237561983
dataMatrix_Gegenstand::N	-233.851046241
dataMatrix_Bett::N	-304.647114452
dataMatrix_Laerm::N	-327.553830076
dataMatrix_beugen::V	-387.176994683
dataMatrix_anfangen::V	-302.437308877
dataMatrix_aufhaengen::V	-285.087890984
dataMatrix_Bruder::N	-247.024184366
dataMatrix_pfluecken::V	-335.353201459
dataMatrix_schwenken::V	-330.590883817
dataMatrix_wertvoll::A	-335.334291369
dataMatrix_Feind::N	-257.176345291
dataMatrix_alles::PRN	-242.296825665
dataMatrix_Saat::N	-246.142863445
dataMatrix_spitz::A	-343.023059571
dataMatrix_sichbewegen::V	-300.340255549
dataMatrix_sitzen::V	-314.890960819
dataMatrix_loben::V	-341.992328308
dataMatrix_eilen::V	-340.079039342
dataMatrix_wecken::V	-333.865332266
dataMatrix_kurz::A	-273.173114031
dataMatrix_Heim::N	-249.927603224
dataMatrix_Blume::N	-176.925467151
dataMatrix_Schlitten::N	-312.199978927
dataMatrix_warum::FADV	-268.698534463
dataMatrix_alt::A	-333.224983016
dataMatrix_zusehensein::V	-343.748015788
dataMatrix_hinauf::ADV	-285.694885361
dataMatrix_Mann::N	-219.10204783
dataMatrix_Eltern::N	-274.0979766
dataMatrix_leiten::V	-350.389915337
dataMatrix_wer::FPRN	-229.560011468
dataMatrix_Bucht::N	-262.24333486
dataMatrix_spuelen::V	-300.580064963
dataMatrix_Guertel::N	-275.614461921
dataMatrix_Ski::N	-207.472843906
dataMatrix_ergreifen::V	-372.284793886
dataMatrix_bauen::V	-340.866834391
dataMatrix_kaufen::V	-323.223783601
dataMatrix_richtig::A	-239.470245042
dataMatrix_wohnen::V	-344.971823636
dataMatrix_stecken::V	-234.456121859
dataMatrix_schicken::V	-330.790396309
dataMatrix_Gras::N	-208.381141741
dataMatrix_Ohr::N	-208.152941354
dataMatrix_Fett::N	-273.017410299
dataMatrix_Licht::N	-296.547833501
dataMatrix_regnen::V	-303.459939765
dataMatrix_funkeln::V	-391.687832211
