distanceMatrixNW_bellen::V+allTrees	-127.687919617
distanceMatrixNW_beißen::V+allTrees	-114.253355802
distanceMatrixNW_schwanken::V+allTrees	-122.259327472
distanceMatrixNW_einwickeln::V+allTrees	-79.6573759592
distanceMatrixNW_fliehen::V+allTrees	-104.858974342
distanceMatrixNW_Gesellschaft::N+allTrees	-94.0509530296
distanceMatrixNW_reich::A+allTrees	-100.852025183
distanceMatrixNW_spazierengehen::V+allTrees	-135.973712711
distanceMatrixNW_Sommer::N+allTrees	-93.4181428465
distanceMatrixNW_Wolle::N+allTrees	-108.696714467
distanceMatrixNW_blasen::V+allTrees	-72.5615865056
distanceMatrixNW_Bild::N+allTrees	-94.5970660092
distanceMatrixNW_erzählen::V+allTrees	-115.385752684
distanceMatrixNW_Dienstag::N+allTrees	-122.474394849
distanceMatrixNW_Speise::N+allTrees	-73.8547711597
distanceMatrixNW_zählen::V+allTrees	-118.27023385
distanceMatrixNW_küssen::V+allTrees	-89.3366669463
distanceMatrixNW_Frau::N+allTrees	-120.223275602
distanceMatrixNW_Land::N+allTrees	-139.889745755
distanceMatrixNW_hacken::V+allTrees	-115.360940498
distanceMatrixNW_werden::V+allTrees	-93.5998770004
distanceMatrixNW_Suppe::N+allTrees	-188.341160017
distanceMatrixNW_blind::A+allTrees	-109.452249896
distanceMatrixNW_nicht::ADV+allTrees	-87.9389699583
distanceMatrixNW_reiben::V+allTrees	-122.503270616
distanceMatrixNW_Nahrung::N+allTrees	-136.053503025
distanceMatrixNW_Ehefrau::N+allTrees	-150.251831157
distanceMatrixNW_noch::ADV+allTrees	-109.865454202
distanceMatrixNW_Gold::N+allTrees	-108.508183463
distanceMatrixNW_Frost::N+allTrees	-104.366975539
distanceMatrixNW_WeideBaum::N+allTrees	-98.4334667695
distanceMatrixNW_belästigen::V+allTrees	-87.4482011359
distanceMatrixNW_Luft::N+allTrees	-69.0879641171
distanceMatrixNW_riechen::V+allTrees	-148.705849195
distanceMatrixNW_Entfernung::N+allTrees	-105.347871163
distanceMatrixNW_Schmutz::N+allTrees	-162.656429081
distanceMatrixNW_Stück::N+allTrees	-145.487325976
distanceMatrixNW_Laden::N+allTrees	-77.3050860253
distanceMatrixNW_Hund::N+allTrees	-121.245335332
distanceMatrixNW_zunehmen::V+allTrees	-156.318113289
distanceMatrixNW_stellen::V+allTrees	-104.898975769
distanceMatrixNW_Ohr::N+allTrees	-114.360870107
distanceMatrixNW_können::V+allTrees	-105.428159834
distanceMatrixNW_frisch::A+allTrees	-118.538011599
distanceMatrixNW_nah::A+allTrees	-108.619529265
distanceMatrixNW_neun::NUM+allTrees	-100.676102061
distanceMatrixNW_Moor::N+allTrees	-90.5130102495
distanceMatrixNW_vierzig::NUM+allTrees	-89.5668241569
distanceMatrixNW_treiben::V+allTrees	-120.479503774
distanceMatrixNW_Rede::N+allTrees	-115.925617532
distanceMatrixNW_SchlangeTier::N+allTrees	-87.8935209141
distanceMatrixNW_Wiese::N+allTrees	-73.416991866
distanceMatrixNW_ehemalig::A+allTrees	-122.195229916
distanceMatrixNW_verstecken::V+allTrees	-114.645924242
distanceMatrixNW_spielen::V+allTrees	-85.9978756563
distanceMatrixNW_weinen::V+allTrees	-101.992281849
distanceMatrixNW_heben::V+allTrees	-114.691307971
distanceMatrixNW_Buchstabe::N+allTrees	-124.326334714
distanceMatrixNW_zudecken::V+allTrees	-115.227794735
distanceMatrixNW_Handfläche::N+allTrees	-95.6648596275
distanceMatrixNW_schlafen::V+allTrees	-110.621089913
distanceMatrixNW_Geschmack::N+allTrees	-91.4355891399
distanceMatrixNW_dünn::A+allTrees	-101.53633748
distanceMatrixNW_Preis::N+allTrees	-96.9769957291
distanceMatrixNW_Band::N+allTrees	-118.789891728
distanceMatrixNW_zwei::NUM+allTrees	-106.873493354
distanceMatrixNW_Kissen::N+allTrees	-118.469768328
distanceMatrixNW_atmen::V+allTrees	-103.138718648
distanceMatrixNW_Griff::N+allTrees	-96.1942713845
distanceMatrixNW_Februar::N+allTrees	-162.463185004
distanceMatrixNW_hinab::ADV+allTrees	-149.686174103
distanceMatrixNW_Stab::N+allTrees	-105.783534932
distanceMatrixNW_Schatten::N+allTrees	-112.400198356
distanceMatrixNW_Schuld::N+allTrees	-92.7965152617
distanceMatrixNW_schreiben::V+allTrees	-108.931404693
distanceMatrixNW_Lehrer::N+allTrees	-105.124715225
distanceMatrixNW_Tochter::N+allTrees	-116.813157842
distanceMatrixNW_schleppen::V+allTrees	-93.247645294
distanceMatrixNW_wohin::FADV+allTrees	-95.9486115791
distanceMatrixNW_letzter::A+allTrees	-124.722334144
distanceMatrixNW_Schaufel::N+allTrees	-118.686711354
distanceMatrixNW_Ruhe::N+allTrees	-127.645719522
distanceMatrixNW_aufgehenSonne::V+allTrees	-104.999226374
distanceMatrixNW_Kamerad::N+allTrees	-152.871974971
distanceMatrixNW_Angelegenheit::N+allTrees	-95.3818590419
distanceMatrixNW_Tasse::N+allTrees	-110.628188135
distanceMatrixNW_dritter::A+allTrees	-120.008857707
distanceMatrixNW_hängen::V+allTrees	-128.726359762
distanceMatrixNW_wegen::PRP+allTrees	-100.71556037
distanceMatrixNW_Familie::N+allTrees	-117.076532266
distanceMatrixNW_kriechen::V+allTrees	-109.40614724
distanceMatrixNW_Ruf::N+allTrees	-86.39569857
distanceMatrixNW_Stuhl::N+allTrees	-165.293872079
distanceMatrixNW_Hose::N+allTrees	-77.9758139223
distanceMatrixNW_fassen::V+allTrees	-127.770764423
distanceMatrixNW_Geschirr::N+allTrees	-110.243140637
distanceMatrixNW_Elch::N+allTrees	-117.560911551
distanceMatrixNW_schwer::A+allTrees	-105.918476345
distanceMatrixNW_Arbeiter::N+allTrees	-103.026254356
distanceMatrixNW_Wolke::N+allTrees	-107.719039067
distanceMatrixNW_zurückkommen::V+allTrees	-103.317281646
distanceMatrixNW_sichdrehen::V+allTrees	-103.314004294
distanceMatrixNW_Essen::N+allTrees	-118.762365288
distanceMatrixNW_hinter::PRP+allTrees	-135.139798961
distanceMatrixNW_Ecke::N+allTrees	-136.652853302
distanceMatrixNW_heulen::V+allTrees	-65.8472109014
distanceMatrixNW_schwach::A+allTrees	-121.357283555
distanceMatrixNW_schlimm::A+allTrees	-158.5226359
distanceMatrixNW_Netz::N+allTrees	-129.557093262
distanceMatrixNW_hell::A+allTrees	-123.982312182
distanceMatrixNW_hinzufügen::V+allTrees	-113.40298218
distanceMatrixNW_Zweig::N+allTrees	-114.666094632
distanceMatrixNW_husten::V+allTrees	-123.918062299
distanceMatrixNW_Flügel::N+allTrees	-112.20728014
distanceMatrixNW_abfahren::V+allTrees	-170.169789366
distanceMatrixNW_wo::FADV+allTrees	-106.189515905
distanceMatrixNW_Ellenbogen::N+allTrees	-108.86124579
distanceMatrixNW_wie::FADV+allTrees	-118.404756469
distanceMatrixNW_Schwarm::N+allTrees	-111.959057659
distanceMatrixNW_Schwanz::N+allTrees	-125.977639941
distanceMatrixNW_Feder::N+allTrees	-121.358689703
distanceMatrixNW_erhalten::V+allTrees	-83.9471443434
distanceMatrixNW_Ton::N+allTrees	-120.252896221
distanceMatrixNW_Sehne::N+allTrees	-134.727211434
distanceMatrixNW_Freund::N+allTrees	-93.541575199
distanceMatrixNW_sichsetzen::V+allTrees	-81.4599087852
distanceMatrixNW_gelingen::V+allTrees	-104.230528376
distanceMatrixNW_Katze::N+allTrees	-87.5870589471
distanceMatrixNW_schicken::V+allTrees	-84.7125530704
distanceMatrixNW_wieviel::FNUM+allTrees	-93.6085822967
distanceMatrixNW_Gesundheit::N+allTrees	-91.9661987227
distanceMatrixNW_leiten::V+allTrees	-80.0136432377
distanceMatrixNW_Glas::N+allTrees	-88.8521177334
distanceMatrixNW_Hemd::N+allTrees	-143.021183689
distanceMatrixNW_acht::NUM+allTrees	-86.682759517
distanceMatrixNW_zittern::V+allTrees	-83.6596341541
distanceMatrixNW_Wunsch::N+allTrees	-101.048901095
distanceMatrixNW_Kummer::N+allTrees	-95.0688269059
distanceMatrixNW_fahren::V+allTrees	-108.652345746
distanceMatrixNW_fünfzig::NUM+allTrees	-86.5354477905
distanceMatrixNW_Butter::N+allTrees	-95.6683241997
distanceMatrixNW_Gang::N+allTrees	-125.618462708
distanceMatrixNW_schlank::A+allTrees	-117.172595336
distanceMatrixNW_nähen::V+allTrees	-103.807964692
distanceMatrixNW_verbrennen::V+allTrees	-143.029028501
distanceMatrixNW_Name::N+allTrees	-91.9178756877
distanceMatrixNW_Huhn::N+allTrees	-86.4039667799
distanceMatrixNW_Leiter::N+allTrees	-113.0115208
distanceMatrixNW_fliegen::V+allTrees	-127.501531756
distanceMatrixNW_bitten::V+allTrees	-94.4562838829
distanceMatrixNW_heute::ADV+allTrees	-76.1495993605
distanceMatrixNW_Ende::N+allTrees	-149.772237814
distanceMatrixNW_vonhier::ADV+allTrees	-101.21492734
distanceMatrixNW_gießen::V+allTrees	-99.3366712126
distanceMatrixNW_verschwinden::V+allTrees	-93.3938228948
distanceMatrixNW_kratzen::V+allTrees	-98.3215716783
distanceMatrixNW_machen::V+allTrees	-135.980765267
distanceMatrixNW_loben::V+allTrees	-81.0765295024
distanceMatrixNW_steigen::V+allTrees	-118.227945264
distanceMatrixNW_Platz::N+allTrees	-144.489822251
distanceMatrixNW_lassen::V+allTrees	-63.3767669449
distanceMatrixNW_sicherholen::V+allTrees	-146.185848908
distanceMatrixNW_Sinn::N+allTrees	-111.132419342
distanceMatrixNW_einwenig::ADV+allTrees	-153.267747828
distanceMatrixNW_Hals::N+allTrees	-110.093130371
distanceMatrixNW_Mittag::N+allTrees	-118.039671873
distanceMatrixNW_verlieren::V+allTrees	-87.1952577939
distanceMatrixNW_Deckel::N+allTrees	-64.9745318132
distanceMatrixNW_Mensch::N+allTrees	-104.86610571
distanceMatrixNW_Lagerfeuer::N+allTrees	-122.757750359
distanceMatrixNW_Haus::N+allTrees	-109.80421503
distanceMatrixNW_Stärke::N+allTrees	-130.86996725
distanceMatrixNW_ihr::PRN+allTrees	-120.052456366
distanceMatrixNW_Arbeit::N+allTrees	-101.697402845
distanceMatrixNW_kalt::A+allTrees	-128.377508104
distanceMatrixNW_Sand::N+allTrees	-112.082519313
distanceMatrixNW_Woche::N+allTrees	-84.6651837148
distanceMatrixNW_Neuigkeit::N+allTrees	-89.0224265788
distanceMatrixNW_Tag::N+allTrees	-93.0422617638
distanceMatrixNW_Spitze::N+allTrees	-84.215555569
distanceMatrixNW_wohnen::V+allTrees	-119.178348751
distanceMatrixNW_verbergen::V+allTrees	-137.149416203
distanceMatrixNW_Krieg::N+allTrees	-90.8431688839
distanceMatrixNW_zurück::ADV+allTrees	-112.314297122
distanceMatrixNW_Raureif::N+allTrees	-138.789159814
distanceMatrixNW_Laut::N+allTrees	-127.334301614
distanceMatrixNW_Hand::N+allTrees	-105.234617962
distanceMatrixNW_Chef::N+allTrees	-109.287475082
distanceMatrixNW_kurz::A+allTrees	-134.350916188
distanceMatrixNW_vorbereiten::V+allTrees	-72.9648051563
distanceMatrixNW_Genick::N+allTrees	-101.287945261
distanceMatrixNW_Tropfen::N+allTrees	-112.893979357
distanceMatrixNW_ertragen::V+allTrees	-70.5241264582
distanceMatrixNW_Staat::N+allTrees	-75.4306061217
distanceMatrixNW_trocken::A+allTrees	-109.791568781
distanceMatrixNW_Brief::N+allTrees	-115.338996843
distanceMatrixNW_fürchten::V+allTrees	-110.573180864
distanceMatrixNW_Mai::N+allTrees	-173.646549735
distanceMatrixNW_Geschenk::N+allTrees	-97.8134973333
distanceMatrixNW_Lehm::N+allTrees	-96.5017326458
distanceMatrixNW_wieder::ADV+allTrees	-147.462934222
distanceMatrixNW_pfeifen::V+allTrees	-155.308683603
distanceMatrixNW_vergehen::V+allTrees	-124.127612723
distanceMatrixNW_Ehemann::N+allTrees	-95.241260832
distanceMatrixNW_Großmutter::N+allTrees	-105.164035774
distanceMatrixNW_warten::V+allTrees	-127.736540823
distanceMatrixNW_Freude::N+allTrees	-100.121633067
distanceMatrixNW_Farbe::N+allTrees	-90.8499069272
distanceMatrixNW_blau::A+allTrees	-68.8875488195
distanceMatrixNW_dumm::A+allTrees	-125.364531999
distanceMatrixNW_sieben::NUM+allTrees	-100.997784102
distanceMatrixNW_geborenwerden::V+allTrees	-96.9043090031
distanceMatrixNW_hüten::V+allTrees	-113.787204218
distanceMatrixNW_Sonntag::N+allTrees	-93.3667354906
distanceMatrixNW_verlassen::V+allTrees	-94.3053104938
distanceMatrixNW_Schaum::N+allTrees	-70.2536380727
distanceMatrixNW_Sohn::N+allTrees	-82.0189862422
distanceMatrixNW_Bauch::N+allTrees	-133.55208343
distanceMatrixNW_Alter::N+allTrees	-67.8032631374
distanceMatrixNW_Zeit::N+allTrees	-86.7694168434
distanceMatrixNW_führen::V+allTrees	-117.712278305
distanceMatrixNW_vor::PRP+allTrees	-98.9838462852
distanceMatrixNW_Schwein::N+allTrees	-67.6653390933
distanceMatrixNW_dies::PRN+allTrees	-87.4547575902
distanceMatrixNW_Größe::N+allTrees	-114.156143633
distanceMatrixNW_Knopf::N+allTrees	-96.4909689846
distanceMatrixNW_Frühling::N+allTrees	-90.4226904824
distanceMatrixNW_Kessel::N+allTrees	-73.262498281
distanceMatrixNW_hungrig::A+allTrees	-123.087322052
distanceMatrixNW_hundert::NUM+allTrees	-97.230744076
distanceMatrixNW_tauen::V+allTrees	-143.62289826
distanceMatrixNW_bedecken::V+allTrees	-93.33097587
distanceMatrixNW_bewahren::V+allTrees	-127.289959385
distanceMatrixNW_Spinne::N+allTrees	-126.435944612
distanceMatrixNW_Art::N+allTrees	-77.6489044809
distanceMatrixNW_schleifen::V+allTrees	-135.386668887
distanceMatrixNW_Fluss::N+allTrees	-137.63433897
distanceMatrixNW_lustig::A+allTrees	-150.306757011
distanceMatrixNW_aufbewahren::V+allTrees	-120.218910591
distanceMatrixNW_zeigen::V+allTrees	-119.77241903
distanceMatrixNW_erkennen::V+allTrees	-64.8204328747
distanceMatrixNW_so::ADV+allTrees	-91.5495326651
distanceMatrixNW_Haut::N+allTrees	-74.3754017015
distanceMatrixNW_Oktober::N+allTrees	-194.026236394
distanceMatrixNW_achtzig::NUM+allTrees	-86.3708042184
distanceMatrixNW_lecker::A+allTrees	-107.947957894
distanceMatrixNW_verschieden::A+allTrees	-144.795431204
distanceMatrixNW_Insel::N+allTrees	-94.9646486053
distanceMatrixNW_Topf::N+allTrees	-128.104704194
distanceMatrixNW_nass::A+allTrees	-118.954754862
distanceMatrixNW_Hunger::N+allTrees	-82.853921022
distanceMatrixNW_Mädchen::N+allTrees	-108.540271255
distanceMatrixNW_Schwester::N+allTrees	-109.045295243
distanceMatrixNW_Licht::N+allTrees	-79.0734126712
distanceMatrixNW_sagen::V+allTrees	-103.609687378
distanceMatrixNW_treten::V+allTrees	-104.890907426
distanceMatrixNW_klingen::V+allTrees	-124.837161666
distanceMatrixNW_Kopf::N+allTrees	-105.356905999
distanceMatrixNW_kehren::V+allTrees	-110.328359898
distanceMatrixNW_beenden::V+allTrees	-79.3196027246
distanceMatrixNW_Hitze::N+allTrees	-105.947493599
distanceMatrixNW_Meister::N+allTrees	-165.300012848
distanceMatrixNW_werfen::V+allTrees	-142.356269633
distanceMatrixNW_feucht::A+allTrees	-127.418217482
distanceMatrixNW_Feind::N+allTrees	-96.2842822742
distanceMatrixNW_sinken::V+allTrees	-123.461951951
distanceMatrixNW_zwölf::NUM+allTrees	-92.6275396451
distanceMatrixNW_rühren::V+allTrees	-86.6686914781
distanceMatrixNW_wer::FPRN+allTrees	-98.4352528805
distanceMatrixNW_schieben::V+allTrees	-94.9216935664
distanceMatrixNW_Winter::N+allTrees	-97.3818560414
distanceMatrixNW_Krankheit::N+allTrees	-94.8690977904
distanceMatrixNW_Anhöhe::N+allTrees	-123.6984426
distanceMatrixNW_Ofen::N+allTrees	-99.1260492155
distanceMatrixNW_einst::ADV+allTrees	-123.212918264
distanceMatrixNW_reinigen::V+allTrees	-94.6492741574
distanceMatrixNW_tanzen::V+allTrees	-108.546383402
distanceMatrixNW_geizig::A+allTrees	-142.582974775
distanceMatrixNW_abwischen::V+allTrees	-129.223397023
distanceMatrixNW_jagen::V+allTrees	-104.197802297
distanceMatrixNW_Kuh::N+allTrees	-98.9320935817
distanceMatrixNW_Messer::N+allTrees	-77.0765302543
distanceMatrixNW_Zunge::N+allTrees	-78.9957314802
distanceMatrixNW_fischen::V+allTrees	-91.0268878626
distanceMatrixNW_Gespräch::N+allTrees	-136.411116156
distanceMatrixNW_hauen::V+allTrees	-99.957891246
distanceMatrixNW_Loch::N+allTrees	-90.1748703473
distanceMatrixNW_schmutzig::A+allTrees	-148.970042506
distanceMatrixNW_Schlaf::N+allTrees	-89.8340144469
distanceMatrixNW_abnehmen::V+allTrees	-94.9239919819
distanceMatrixNW_Verstand::N+allTrees	-108.706755803
distanceMatrixNW_Grab::N+allTrees	-90.7486460852
distanceMatrixNW_wünschen::V+allTrees	-81.5393202097
distanceMatrixNW_lebendig::A+allTrees	-88.3783369803
distanceMatrixNW_Leute::N+allTrees	-92.8791117909
distanceMatrixNW_Last::N+allTrees	-90.9057539799
distanceMatrixNW_umrühren::V+allTrees	-87.300306178
distanceMatrixNW_kaufen::V+allTrees	-119.995630084
distanceMatrixNW_Geist::N+allTrees	-86.3194016931
distanceMatrixNW_braten::V+allTrees	-110.713516338
distanceMatrixNW_KieferBaum::N+allTrees	-96.885962772
distanceMatrixNW_fangen::V+allTrees	-102.183829427
distanceMatrixNW_linker::A+allTrees	-97.1454147729
distanceMatrixNW_Osten::N+allTrees	-105.870919145
distanceMatrixNW_Zahn::N+allTrees	-116.72583631
distanceMatrixNW_sanft::A+allTrees	-103.565243105
distanceMatrixNW_Norden::N+allTrees	-118.273079909
distanceMatrixNW_schmelzen::V+allTrees	-82.5299467812
distanceMatrixNW_schlucken::V+allTrees	-137.516869731
distanceMatrixNW_versprechen::V+allTrees	-93.7537768778
distanceMatrixNW_taub::A+allTrees	-77.4465578933
distanceMatrixNW_Ader::N+allTrees	-75.4879515933
distanceMatrixNW_rund::A+allTrees	-120.497087658
distanceMatrixNW_Hügel::N+allTrees	-127.641717576
distanceMatrixNW_trocknen::V+allTrees	-126.072691529
distanceMatrixNW_Vater::N+allTrees	-125.021859712
distanceMatrixNW_bemerken::V+allTrees	-142.346100127
distanceMatrixNW_liegen::V+allTrees	-146.043033655
distanceMatrixNW_Bett::N+allTrees	-113.567477887
distanceMatrixNW_das::PRN+allTrees	-88.1245256906
distanceMatrixNW_Süden::N+allTrees	-107.435104576
distanceMatrixNW_Bein::N+allTrees	-119.874041074
distanceMatrixNW_zahlen::V+allTrees	-113.140303919
distanceMatrixNW_Mitte::N+allTrees	-86.8267185826
distanceMatrixNW_ändern::V+allTrees	-102.495658221
distanceMatrixNW_fleißig::A+allTrees	-131.327451917
distanceMatrixNW_schreiten::V+allTrees	-116.645948472
distanceMatrixNW_aufhängen::V+allTrees	-93.0570486645
distanceMatrixNW_Dezember::N+allTrees	-150.843293274
distanceMatrixNW_niemals::ADV+allTrees	-98.8429222487
distanceMatrixNW_trinken::V+allTrees	-90.9433072955
distanceMatrixNW_Fleisch::N+allTrees	-90.6149077891
distanceMatrixNW_stoßen::V+allTrees	-90.5989336217
distanceMatrixNW_Tor::N+allTrees	-108.238885175
distanceMatrixNW_fremd::A+allTrees	-96.4639758302
distanceMatrixNW_Wiege::N+allTrees	-100.933171042
distanceMatrixNW_Dach::N+allTrees	-119.486510606
distanceMatrixNW_zerstören::V+allTrees	-115.235991721
distanceMatrixNW_leer::A+allTrees	-94.2191096805
distanceMatrixNW_Macht::N+allTrees	-105.767517644
distanceMatrixNW_bitter::A+allTrees	-101.677557817
distanceMatrixNW_Stein::N+allTrees	-92.0150096577
distanceMatrixNW_Weg::N+allTrees	-88.3326700256
distanceMatrixNW_Monat::N+allTrees	-70.6682195834
distanceMatrixNW_Großvater::N+allTrees	-141.713181156
distanceMatrixNW_gut::A+allTrees	-107.754712993
distanceMatrixNW_schwingen::V+allTrees	-162.530088458
distanceMatrixNW_umdrehen::V+allTrees	-132.877100718
distanceMatrixNW_schmücken::V+allTrees	-137.152434562
distanceMatrixNW_Bulle::N+allTrees	-94.0759583013
distanceMatrixNW_brechen::V+allTrees	-127.654977956
distanceMatrixNW_lange::ADV+allTrees	-115.537478738
distanceMatrixNW_tun::V+allTrees	-105.889169689
distanceMatrixNW_lieben::V+allTrees	-107.784771656
distanceMatrixNW_lehren::V+allTrees	-136.568774823
distanceMatrixNW_Lärm::N+allTrees	-162.784754528
distanceMatrixNW_gestern::ADV+allTrees	-96.9684657194
distanceMatrixNW_Ärmel::N+allTrees	-105.129220334
distanceMatrixNW_Tier::N+allTrees	-105.057116618
distanceMatrixNW_reden::V+allTrees	-142.155898145
distanceMatrixNW_Straße::N+allTrees	-105.776957478
distanceMatrixNW_sauber::A+allTrees	-116.68575407
distanceMatrixNW_Gewalt::N+allTrees	-68.9033855127
distanceMatrixNW_klingeln::V+allTrees	-92.0856581771
distanceMatrixNW_sechs::NUM+allTrees	-114.966612591
distanceMatrixNW_Grund::N+allTrees	-60.9485029788
distanceMatrixNW_richtig::A+allTrees	-101.58613837
distanceMatrixNW_Gegend::N+allTrees	-95.7688642299
distanceMatrixNW_Spaten::N+allTrees	-62.5307810462
distanceMatrixNW_Hahn::N+allTrees	-86.9580080132
distanceMatrixNW_geben::V+allTrees	-66.9145518203
distanceMatrixNW_Fingernagel::N+allTrees	-96.9702752427
distanceMatrixNW_Löffel::N+allTrees	-94.0189294535
distanceMatrixNW_plötzlich::ADV+allTrees	-137.865595355
distanceMatrixNW_Donnerstag::N+allTrees	-61.0847290726
distanceMatrixNW_März::N+allTrees	-187.764985608
distanceMatrixNW_Sonne::N+allTrees	-98.9362877592
distanceMatrixNW_spitz::A+allTrees	-111.499619408
distanceMatrixNW_zwanzig::NUM+allTrees	-59.6996755171
distanceMatrixNW_Knochen::N+allTrees	-110.069724947
distanceMatrixNW_Bach::N+allTrees	-152.859461218
distanceMatrixNW_Asche::N+allTrees	-109.041968366
distanceMatrixNW_ergreifen::V+allTrees	-143.978735848
distanceMatrixNW_Fliege::N+allTrees	-88.4655056611
distanceMatrixNW_süß::A+allTrees	-108.108887319
distanceMatrixNW_bleiben::V+allTrees	-105.487335338
distanceMatrixNW_Herz::N+allTrees	-78.9251038813
distanceMatrixNW_alles::PRN+allTrees	-101.498361358
distanceMatrixNW_Fuchs::N+allTrees	-92.3087590841
distanceMatrixNW_hübsch::A+allTrees	-137.205614577
distanceMatrixNW_mitteilen::V+allTrees	-118.65806045
distanceMatrixNW_sterben::V+allTrees	-97.6977217876
distanceMatrixNW_Ort::N+allTrees	-80.6859311929
distanceMatrixNW_zusammen::ADV+allTrees	-119.629212014
distanceMatrixNW_NagelAnatomie::N+allTrees	-101.706948433
distanceMatrixNW_müdewerden::V+allTrees	-116.704797383
distanceMatrixNW_Sünde::N+allTrees	-69.8264672925
distanceMatrixNW_zerreißen::V+allTrees	-122.259160332
distanceMatrixNW_rufen::V+allTrees	-92.3263967465
distanceMatrixNW_altLebewesen::A+allTrees	-111.072291027
distanceMatrixNW_Nacht::N+allTrees	-93.1888255558
distanceMatrixNW_antreiben::V+allTrees	-108.487426565
distanceMatrixNW_Haar::N+allTrees	-102.417688294
distanceMatrixNW_fett::A+allTrees	-103.240577628
distanceMatrixNW_Schale::N+allTrees	-95.4392050505
distanceMatrixNW_Lüge::N+allTrees	-107.080921143
distanceMatrixNW_Kraft::N+allTrees	-93.6258699091
distanceMatrixNW_Herde::N+allTrees	-102.846038776
distanceMatrixNW_drei::NUM+allTrees	-103.599860834
distanceMatrixNW_stark::A+allTrees	-97.5795315733
distanceMatrixNW_dann::ADV+allTrees	-105.650121565
distanceMatrixNW_zerbrechen::V+allTrees	-105.870917799
distanceMatrixNW_Morgen::N+allTrees	-80.7424379922
distanceMatrixNW_Eis::N+allTrees	-102.372900915
distanceMatrixNW_läuten::V+allTrees	-111.441812511
distanceMatrixNW_Vogel::N+allTrees	-84.0557449905
distanceMatrixNW_Mann::N+allTrees	-103.827546276
distanceMatrixNW_ziehen::V+allTrees	-133.018707382
distanceMatrixNW_schimpfen::V+allTrees	-119.938883663
distanceMatrixNW_Salz::N+allTrees	-163.534940774
distanceMatrixNW_rudern::V+allTrees	-133.14508467
distanceMatrixNW_Stiefel::N+allTrees	-88.4882045161
distanceMatrixNW_bekommen::V+allTrees	-93.3676825674
distanceMatrixNW_weich::A+allTrees	-109.950196838
distanceMatrixNW_sprechen::V+allTrees	-133.278909958
distanceMatrixNW_Dorf::N+allTrees	-105.83047046
distanceMatrixNW_schütten::V+allTrees	-82.7061087637
distanceMatrixNW_klirren::V+allTrees	-113.203488753
distanceMatrixNW_Mutter::N+allTrees	-88.7173138228
distanceMatrixNW_schütteln::V+allTrees	-125.78552986
distanceMatrixNW_Eisen::N+allTrees	-92.6461197955
distanceMatrixNW_sitzen::V+allTrees	-83.9728599476
distanceMatrixNW_Oberschenkel::N+allTrees	-135.169234377
distanceMatrixNW_teuer::A+allTrees	-81.8979408981
distanceMatrixNW_Geschäft::N+allTrees	-94.418067175
distanceMatrixNW_Nachricht::N+allTrees	-116.369135707
distanceMatrixNW_Reichtum::N+allTrees	-114.911468366
distanceMatrixNW_Nagel::N+allTrees	-96.7575729336
distanceMatrixNW_Gott::N+allTrees	-88.2576641827
distanceMatrixNW_Gewicht::N+allTrees	-109.975022303
distanceMatrixNW_Fehler::N+allTrees	-106.034405258
distanceMatrixNW_Krähe::N+allTrees	-95.7918058579
distanceMatrixNW_Zeh::N+allTrees	-122.209756019
distanceMatrixNW_dreißig::NUM+allTrees	-86.1841114339
distanceMatrixNW_Schluss::N+allTrees	-67.7316681975
distanceMatrixNW_sicherheben::V+allTrees	-115.620688511
distanceMatrixNW_Schaf::N+allTrees	-89.6509392581
distanceMatrixNW_Leine::N+allTrees	-85.0511545993
distanceMatrixNW_ausziehen::V+allTrees	-147.12461302
distanceMatrixNW_suchen::V+allTrees	-98.3989877388
distanceMatrixNW_oder::CNJ+allTrees	-81.0313120707
distanceMatrixNW_gelb::A+allTrees	-95.8872807199
distanceMatrixNW_Regal::N+allTrees	-122.474437209
distanceMatrixNW_Ware::N+allTrees	-94.6379953504
distanceMatrixNW_August::N+allTrees	-190.472185873
distanceMatrixNW_Pferd::N+allTrees	-74.6117383997
distanceMatrixNW_Haufen::N+allTrees	-97.7075695854
distanceMatrixNW_beschädigen::V+allTrees	-117.260572001
distanceMatrixNW_Tee::N+allTrees	-154.410032836
distanceMatrixNW_essen::V+allTrees	-100.995039162
distanceMatrixNW_aufheben::V+allTrees	-126.775074675
distanceMatrixNW_Heim::N+allTrees	-120.638234792
distanceMatrixNW_Blut::N+allTrees	-108.263740922
distanceMatrixNW_Gras::N+allTrees	-105.136064618
distanceMatrixNW_danach::ADV+allTrees	-103.57933157
distanceMatrixNW_Brücke::N+allTrees	-98.9418321814
distanceMatrixNW_Berg::N+allTrees	-82.91045099
distanceMatrixNW_sichunterhalten::V+allTrees	-89.9569733607
distanceMatrixNW_fließen::V+allTrees	-94.9768260428
distanceMatrixNW_sichbeeilen::V+allTrees	-127.790511285
distanceMatrixNW_scheinenSonne::V+allTrees	-106.319385117
distanceMatrixNW_aufstehen::V+allTrees	-115.440780035
distanceMatrixNW_schreien::V+allTrees	-119.456472368
distanceMatrixNW_Stange::N+allTrees	-85.1911409429
distanceMatrixNW_roh::A+allTrees	-75.2068869873
distanceMatrixNW_arm::A+allTrees	-98.9294745908
distanceMatrixNW_schließen::V+allTrees	-107.296938933
distanceMatrixNW_glatt::A+allTrees	-84.8725191713
distanceMatrixNW_erwarten::V+allTrees	-111.449035489
distanceMatrixNW_geraten::V+allTrees	-124.075994455
distanceMatrixNW_Stoff::N+allTrees	-104.402603106
distanceMatrixNW_Tisch::N+allTrees	-120.686110537
distanceMatrixNW_strömen::V+allTrees	-108.427468319
distanceMatrixNW_Faden::N+allTrees	-89.9114169329
distanceMatrixNW_heiß::A+allTrees	-97.9327357476
distanceMatrixNW_sehr::ADV+allTrees	-158.029648913
distanceMatrixNW_erster::A+allTrees	-86.37033815
distanceMatrixNW_fallen::V+allTrees	-101.428934527
distanceMatrixNW_Bucht::N+allTrees	-107.067151417
distanceMatrixNW_Gipfel::N+allTrees	-114.506856277
distanceMatrixNW_rückwärts::ADV+allTrees	-136.20893622
distanceMatrixNW_verbessern::V+allTrees	-135.263091971
distanceMatrixNW_Zaun::N+allTrees	-107.355250584
distanceMatrixNW_wissen::V+allTrees	-98.4444131423
distanceMatrixNW_sichschlagen::V+allTrees	-114.139505322
distanceMatrixNW_Reihe::N+allTrees	-93.6642127309
distanceMatrixNW_wecken::V+allTrees	-114.741856001
distanceMatrixNW_Rätsel::N+allTrees	-126.541750179
distanceMatrixNW_Arm::N+allTrees	-90.8847927487
distanceMatrixNW_hochheben::V+allTrees	-105.654489644
distanceMatrixNW_schwimmen::V+allTrees	-108.122018823
distanceMatrixNW_reißen::V+allTrees	-136.508960345
distanceMatrixNW_weiß::A+allTrees	-136.061414856
distanceMatrixNW_wahr::A+allTrees	-86.7260215797
distanceMatrixNW_Schmerz::N+allTrees	-85.4516607702
distanceMatrixNW_Decke::N+allTrees	-91.8316143562
distanceMatrixNW_Erde::N+allTrees	-98.9910798232
distanceMatrixNW_lärmen::V+allTrees	-143.460447057
distanceMatrixNW_Ski::N+allTrees	-91.085165195
distanceMatrixNW_Heu::N+allTrees	-104.800421129
distanceMatrixNW_malen::V+allTrees	-93.7862247243
distanceMatrixNW_Nabel::N+allTrees	-68.0194351361
distanceMatrixNW_fühlen::V+allTrees	-123.93774864
distanceMatrixNW_kühl::A+allTrees	-89.1637306031
distanceMatrixNW_Stock::N+allTrees	-114.30049858
distanceMatrixNW_Juli::N+allTrees	-178.518965285
distanceMatrixNW_rennen::V+allTrees	-121.034298375
distanceMatrixNW_wählen::V+allTrees	-127.963923713
distanceMatrixNW_Atem::N+allTrees	-86.1150252985
distanceMatrixNW_bezahlen::V+allTrees	-78.8479341913
distanceMatrixNW_Sache::N+allTrees	-86.0020164246
distanceMatrixNW_neu::A+allTrees	-94.0725002113
distanceMatrixNW_färben::V+allTrees	-97.8017687787
distanceMatrixNW_täuschen::V+allTrees	-147.896113047
distanceMatrixNW_Brust::N+allTrees	-101.805854746
distanceMatrixNW_berühmt::A+allTrees	-85.9408343918
distanceMatrixNW_hierhin::ADV+allTrees	-111.365201199
distanceMatrixNW_Fell::N+allTrees	-110.09386721
distanceMatrixNW_fünf::NUM+allTrees	-88.1645045142
distanceMatrixNW_Pfad::N+allTrees	-82.2835675162
distanceMatrixNW_Buch::N+allTrees	-117.952721426
distanceMatrixNW_Grube::N+allTrees	-87.5355318721
distanceMatrixNW_Lust::N+allTrees	-72.1281453083
distanceMatrixNW_Stirn::N+allTrees	-92.6139726461
distanceMatrixNW_Figur::N+allTrees	-110.351778419
distanceMatrixNW_groß::A+allTrees	-99.2407601842
distanceMatrixNW_Gedanke::N+allTrees	-103.474387627
distanceMatrixNW_Höhle::N+allTrees	-82.1940152011
distanceMatrixNW_besuchen::V+allTrees	-145.795190582
distanceMatrixNW_Montag::N+allTrees	-102.978027809
distanceMatrixNW_schaukeln::V+allTrees	-124.472622475
distanceMatrixNW_verderben::V+allTrees	-127.057911362
distanceMatrixNW_sichtrennen::V+allTrees	-81.1420611229
distanceMatrixNW_Gans::N+allTrees	-102.029682611
distanceMatrixNW_Boot::N+allTrees	-89.5356051687
distanceMatrixNW_Freitag::N+allTrees	-93.6124687901
distanceMatrixNW_Blatt::N+allTrees	-89.3009336958
distanceMatrixNW_Gelächter::N+allTrees	-96.5885482457
distanceMatrixNW_prahlen::V+allTrees	-101.915099598
distanceMatrixNW_König::N+allTrees	-67.8874467398
distanceMatrixNW_geradeaus::ADV+allTrees	-100.865007952
distanceMatrixNW_schlagen::V+allTrees	-118.634013864
distanceMatrixNW_klein::A+allTrees	-133.778360102
distanceMatrixNW_kommen::V+allTrees	-95.2824950377
distanceMatrixNW_Fett::N+allTrees	-106.046909053
distanceMatrixNW_schmerzen::V+allTrees	-102.021519925
distanceMatrixNW_Ameise::N+allTrees	-99.9032207741
distanceMatrixNW_Zeitung::N+allTrees	-121.631691596
distanceMatrixNW_Stütze::N+allTrees	-88.5381649222
distanceMatrixNW_damals::ADV+allTrees	-138.678358438
distanceMatrixNW_Kuckuck::N+allTrees	-118.878509764
distanceMatrixNW_unterrichten::V+allTrees	-94.3761140814
distanceMatrixNW_Mücke::N+allTrees	-87.8104481405
distanceMatrixNW_aufeinmal::ADV+allTrees	-122.651093429
distanceMatrixNW_Gehirn::N+allTrees	-116.508553606
distanceMatrixNW_einladen::V+allTrees	-101.706155909
distanceMatrixNW_Rinde::N+allTrees	-128.209729536
distanceMatrixNW_Ente::N+allTrees	-99.9333894239
distanceMatrixNW_bekannt::A+allTrees	-83.8153777866
distanceMatrixNW_Riemen::N+allTrees	-112.643728445
distanceMatrixNW_Schnur::N+allTrees	-96.5656531496
distanceMatrixNW_geschlossen::A+allTrees	-142.139215658
distanceMatrixNW_Sprache::N+allTrees	-93.9902870779
distanceMatrixNW_Schloss::N+allTrees	-85.6312606855
distanceMatrixNW_kämmen::V+allTrees	-115.39690185
distanceMatrixNW_Leber::N+allTrees	-91.7003242039
distanceMatrixNW_fest::A+allTrees	-127.50570374
distanceMatrixNW_scharf::A+allTrees	-130.250883724
distanceMatrixNW_tausend::NUM+allTrees	-81.0229852583
distanceMatrixNW_Lied::N+allTrees	-106.284678475
distanceMatrixNW_Spiel::N+allTrees	-126.789443641
distanceMatrixNW_graben::V+allTrees	-112.784491296
distanceMatrixNW_wollen::V+allTrees	-125.089237161
distanceMatrixNW_anderer::A+allTrees	-93.598049942
distanceMatrixNW_Besen::N+allTrees	-114.580383314
distanceMatrixNW_Sack::N+allTrees	-107.450739086
distanceMatrixNW_stecken::V+allTrees	-93.3618726636
distanceMatrixNW_übersetzen::V+allTrees	-121.045074102
distanceMatrixNW_betrügen::V+allTrees	-134.964780905
distanceMatrixNW_Kralle::N+allTrees	-133.487423663
distanceMatrixNW_besitzen::V+allTrees	-128.893437103
distanceMatrixNW_wertvoll::A+allTrees	-108.659951527
distanceMatrixNW_Arzt::N+allTrees	-87.4115260017
distanceMatrixNW_rütteln::V+allTrees	-143.319906182
distanceMatrixNW_reichen::V+allTrees	-132.377072999
distanceMatrixNW_Herbst::N+allTrees	-115.450829296
distanceMatrixNW_lesen::V+allTrees	-81.5190714632
distanceMatrixNW_sieden::V+allTrees	-82.4099947665
distanceMatrixNW_anziehen::V+allTrees	-76.8795457977
distanceMatrixNW_Gedächtnis::N+allTrees	-83.3005027068
distanceMatrixNW_KieferAnatomie::N+allTrees	-101.629701214
distanceMatrixNW_was::FPRN+allTrees	-64.8848495691
distanceMatrixNW_drücken::V+allTrees	-104.649279614
distanceMatrixNW_Kranich::N+allTrees	-98.9969600022
distanceMatrixNW_Stimme::N+allTrees	-117.227014784
distanceMatrixNW_schön::A+allTrees	-140.895474122
distanceMatrixNW_flach::A+allTrees	-96.4680004177
distanceMatrixNW_ich::PRN+allTrees	-91.1830193728
distanceMatrixNW_neben::PRP+allTrees	-122.873031649
distanceMatrixNW_auswählen::V+allTrees	-94.7525020981
distanceMatrixNW_Muster::N+allTrees	-95.591186821
distanceMatrixNW_Donner::N+allTrees	-93.0068938608
distanceMatrixNW_füllen::V+allTrees	-77.8948264406
distanceMatrixNW_hart::A+allTrees	-89.4737099013
distanceMatrixNW_rauschen::V+allTrees	-75.0840879775
distanceMatrixNW_Tür::N+allTrees	-85.3687333865
distanceMatrixNW_regnen::V+allTrees	-77.3747440701
distanceMatrixNW_Handtuch::N+allTrees	-116.218839239
distanceMatrixNW_töten::V+allTrees	-84.7044263837
distanceMatrixNW_Tanne::N+allTrees	-84.7364083914
distanceMatrixNW_Adler::N+allTrees	-116.172833517
distanceMatrixNW_zehn::NUM+allTrees	-87.2124775226
distanceMatrixNW_Ring::N+allTrees	-98.4083581938
distanceMatrixNW_Rohr::N+allTrees	-123.283918514
distanceMatrixNW_See::N+allTrees	-112.928220206
distanceMatrixNW_glauben::V+allTrees	-130.348183675
distanceMatrixNW_Kinn::N+allTrees	-78.959169318
distanceMatrixNW_vernehmen::V+allTrees	-113.347759756
distanceMatrixNW_Mütze::N+allTrees	-92.1030653452
distanceMatrixNW_weggehen::V+allTrees	-124.898158136
distanceMatrixNW_wachsen::V+allTrees	-86.6089031566
distanceMatrixNW_Strich::N+allTrees	-118.025638571
distanceMatrixNW_anfangen::V+allTrees	-92.269449764
distanceMatrixNW_pflücken::V+allTrees	-76.9437350346
distanceMatrixNW_sichfürchten::V+allTrees	-91.7360313325
distanceMatrixNW_stumpf::A+allTrees	-108.329077006
distanceMatrixNW_alt::A+allTrees	-128.41163489
distanceMatrixNW_lernen::V+allTrees	-101.173047647
distanceMatrixNW_herstellen::V+allTrees	-86.1388261208
distanceMatrixNW_offen::A+allTrees	-96.9464352868
distanceMatrixNW_brausen::V+allTrees	-132.693060378
distanceMatrixNW_Blume::N+allTrees	-106.717950405
distanceMatrixNW_Länge::N+allTrees	-89.2483335669
distanceMatrixNW_Zwiebel::N+allTrees	-99.7845671976
distanceMatrixNW_schlecht::A+allTrees	-79.1849283647
distanceMatrixNW_Beere::N+allTrees	-79.1657635939
distanceMatrixNW_eintreten::V+allTrees	-113.887214818
distanceMatrixNW_klettern::V+allTrees	-94.8450181498
distanceMatrixNW_Schnee::N+allTrees	-93.3568242722
distanceMatrixNW_Küste::N+allTrees	-100.0818538
distanceMatrixNW_bringen::V+allTrees	-99.0080147308
distanceMatrixNW_Ruder::N+allTrees	-125.789031525
distanceMatrixNW_sichrühren::V+allTrees	-137.765589103
distanceMatrixNW_mögen::V+allTrees	-102.482902647
distanceMatrixNW_voll::A+allTrees	-66.1850578422
distanceMatrixNW_Sumpf::N+allTrees	-177.317463156
distanceMatrixNW_Meer::N+allTrees	-111.907717684
distanceMatrixNW_reif::A+allTrees	-146.471278011
distanceMatrixNW_September::N+allTrees	-155.864841836
distanceMatrixNW_Hälfte::N+allTrees	-109.324420459
distanceMatrixNW_Bau::N+allTrees	-100.506773879
distanceMatrixNW_Korn::N+allTrees	-88.4976891553
distanceMatrixNW_öffnen::V+allTrees	-122.229091259
distanceMatrixNW_untergehenSonne::V+allTrees	-96.0452170703
distanceMatrixNW_Puppe::N+allTrees	-89.8951049102
distanceMatrixNW_Bruder::N+allTrees	-138.228855192
distanceMatrixNW_Kiste::N+allTrees	-121.508277008
distanceMatrixNW_Arznei::N+allTrees	-61.6756346599
distanceMatrixNW_klopfen::V+allTrees	-146.773718762
distanceMatrixNW_hinauf::ADV+allTrees	-85.034272567
distanceMatrixNW_verteidigen::V+allTrees	-91.097050106
distanceMatrixNW_drehen::V+allTrees	-140.32857935
distanceMatrixNW_fein::A+allTrees	-85.1749516249
distanceMatrixNW_versinken::V+allTrees	-92.8957120593
distanceMatrixNW_Höhe::N+allTrees	-74.0369550627
distanceMatrixNW_November::N+allTrees	-159.010090172
distanceMatrixNW_Wurzel::N+allTrees	-89.5942385133
distanceMatrixNW_Westen::N+allTrees	-93.1746475989
distanceMatrixNW_Abend::N+allTrees	-88.6359364786
distanceMatrixNW_Nadel::N+allTrees	-114.596565179
distanceMatrixNW_Regenbogen::N+allTrees	-135.826819586
distanceMatrixNW_Anzahl::N+allTrees	-95.3584544536
distanceMatrixNW_Fuß::N+allTrees	-110.312844562
distanceMatrixNW_wechseln::V+allTrees	-116.541900466
distanceMatrixNW_brennen::V+allTrees	-94.1365046736
distanceMatrixNW_Schlinge::N+allTrees	-118.635149353
distanceMatrixNW_fegen::V+allTrees	-150.313609857
distanceMatrixNW_Laus::N+allTrees	-62.098545836
distanceMatrixNW_April::N+allTrees	-178.017927199
distanceMatrixNW_Busen::N+allTrees	-70.8205322916
distanceMatrixNW_Fenster::N+allTrees	-97.1302399578
distanceMatrixNW_Kehle::N+allTrees	-115.724566534
distanceMatrixNW_Brunnen::N+allTrees	-108.143527049
distanceMatrixNW_elf::NUM+allTrees	-75.4825132609
distanceMatrixNW_ärgern::V+allTrees	-136.356342134
distanceMatrixNW_Erzählung::N+allTrees	-111.094978307
distanceMatrixNW_jung::A+allTrees	-98.9401045559
distanceMatrixNW_Jahr::N+allTrees	-70.2787922799
distanceMatrixNW_faul::A+allTrees	-68.5362944312
distanceMatrixNW_behindern::V+allTrees	-145.289597444
distanceMatrixNW_schenken::V+allTrees	-135.254695078
distanceMatrixNW_Teil::N+allTrees	-87.7102092896
distanceMatrixNW_Unglück::N+allTrees	-86.0304960013
distanceMatrixNW_hier::ADV+allTrees	-89.6343537268
distanceMatrixNW_Pilz::N+allTrees	-111.353622159
distanceMatrixNW_sausen::V+allTrees	-139.686488925
distanceMatrixNW_wenden::V+allTrees	-104.065995214
distanceMatrixNW_Onkel::N+allTrees	-140.307647757
distanceMatrixNW_schmal::A+allTrees	-128.157796656
distanceMatrixNW_Funke::N+allTrees	-127.011815295
distanceMatrixNW_stöhnen::V+allTrees	-103.393084353
distanceMatrixNW_Schuh::N+allTrees	-74.7812466421
distanceMatrixNW_Rücken::N+allTrees	-116.629337645
distanceMatrixNW_siebzig::NUM+allTrees	-97.3615096387
distanceMatrixNW_sammeln::V+allTrees	-130.056432565
distanceMatrixNW_reifen::V+allTrees	-93.5275603916
distanceMatrixNW_Körper::N+allTrees	-128.103382282
distanceMatrixNW_Linie::N+allTrees	-161.278329097
distanceMatrixNW_Kirche::N+allTrees	-106.216155493
distanceMatrixNW_wehen::V+allTrees	-90.7060927132
distanceMatrixNW_Juni::N+allTrees	-141.853166233
distanceMatrixNW_Kante::N+allTrees	-134.812959354
distanceMatrixNW_morgen::ADV+allTrees	-132.271754319
distanceMatrixNW_kranksein::V+allTrees	-131.768044732
distanceMatrixNW_Stamm::N+allTrees	-120.57931252
distanceMatrixNW_rauchen::V+allTrees	-76.187115284
distanceMatrixNW_Stern::N+allTrees	-94.0087633736
distanceMatrixNW_tauchen::V+allTrees	-146.753625735
distanceMatrixNW_er::PRN+allTrees	-104.913133964
distanceMatrixNW_stechen::V+allTrees	-98.928447558
distanceMatrixNW_Ei::N+allTrees	-81.237192971
distanceMatrixNW_verfaulen::V+allTrees	-79.8828555065
distanceMatrixNW_Nebel::N+allTrees	-97.9492661476
distanceMatrixNW_Wunde::N+allTrees	-114.888597651
distanceMatrixNW_Samstag::N+allTrees	-101.608566861
distanceMatrixNW_binden::V+allTrees	-98.7374436797
distanceMatrixNW_sehen::V+allTrees	-111.16750486
distanceMatrixNW_anzünden::V+allTrees	-109.688852145
distanceMatrixNW_dort::ADV+allTrees	-127.478459457
distanceMatrixNW_Wahrheit::N+allTrees	-93.9337874349
distanceMatrixNW_probieren::V+allTrees	-101.77521948
distanceMatrixNW_Traum::N+allTrees	-75.2559166079
distanceMatrixNW_Kind::N+allTrees	-112.8428206
distanceMatrixNW_stören::V+allTrees	-110.855791086
distanceMatrixNW_Mond::N+allTrees	-77.9178713241
distanceMatrixNW_sichärgern::V+allTrees	-173.995127591
distanceMatrixNW_Bär::N+allTrees	-92.5527725005
distanceMatrixNW_Honig::N+allTrees	-81.6423263998
distanceMatrixNW_Hase::N+allTrees	-113.876894674
distanceMatrixNW_genesen::V+allTrees	-144.938325971
distanceMatrixNW_Pfeil::N+allTrees	-92.6305280512
distanceMatrixNW_schießen::V+allTrees	-110.780663425
distanceMatrixNW_Brei::N+allTrees	-111.27113618
distanceMatrixNW_denken::V+allTrees	-83.6927115052
distanceMatrixNW_Wolf::N+allTrees	-85.3963962058
distanceMatrixNW_hören::V+allTrees	-95.5724487152
distanceMatrixNW_Eule::N+allTrees	-114.458136937
distanceMatrixNW_Apfel::N+allTrees	-81.8615542418
distanceMatrixNW_BogenWaffe::N+allTrees	-85.7421798193
distanceMatrixNW_lecken::V+allTrees	-67.7016782909
distanceMatrixNW_Bündel::N+allTrees	-78.7895603245
distanceMatrixNW_eins::NUM+allTrees	-105.257828267
distanceMatrixNW_sechzig::NUM+allTrees	-104.540886262
distanceMatrixNW_unter::PRP+allTrees	-111.087320287
distanceMatrixNW_Leben::N+allTrees	-105.858148394
distanceMatrixNW_Schritt::N+allTrees	-95.4473866636
distanceMatrixNW_Stadt::N+allTrees	-105.559836799
distanceMatrixNW_wir::PRN+allTrees	-142.89537957
distanceMatrixNW_schwenken::V+allTrees	-106.913357553
distanceMatrixNW_Gewehr::N+allTrees	-70.1636975766
distanceMatrixNW_kräftig::A+allTrees	-76.2848287678
distanceMatrixNW_erscheinen::V+allTrees	-109.100275567
distanceMatrixNW_rot::A+allTrees	-141.313940065
distanceMatrixNW_Platte::N+allTrees	-121.460480361
distanceMatrixNW_durch::PRP+allTrees	-98.1859216548
distanceMatrixNW_ansehen::V+allTrees	-165.158432798
distanceMatrixNW_Grenze::N+allTrees	-95.6660154428
distanceMatrixNW_böse::A+allTrees	-105.549872289
distanceMatrixNW_Holz::N+allTrees	-136.780017298
distanceMatrixNW_gehen::V+allTrees	-129.121399734
distanceMatrixNW_Regen::N+allTrees	-77.0485191985
distanceMatrixNW_Kampf::N+allTrees	-117.597788833
distanceMatrixNW_fern::A+allTrees	-85.9811726133
distanceMatrixNW_fragen::V+allTrees	-83.1545453595
distanceMatrixNW_reparieren::V+allTrees	-110.199202823
distanceMatrixNW_laufen::V+allTrees	-134.16704161
distanceMatrixNW_Rand::N+allTrees	-81.8739642716
distanceMatrixNW_wiegen::V+allTrees	-133.293486872
distanceMatrixNW_streichen::V+allTrees	-118.068185261
distanceMatrixNW_tragen::V+allTrees	-82.9627780457
distanceMatrixNW_Kamm::N+allTrees	-104.404315945
distanceMatrixNW_Abstand::N+allTrees	-116.230593849
distanceMatrixNW_Märchen::N+allTrees	-80.0837802745
distanceMatrixNW_retten::V+allTrees	-99.531248163
distanceMatrixNW_Auge::N+allTrees	-102.518660222
distanceMatrixNW_Schwan::N+allTrees	-101.82016584
distanceMatrixNW_beugen::V+allTrees	-139.703429537
distanceMatrixNW_sichanziehen::V+allTrees	-85.8184827853
distanceMatrixNW_halten::V+allTrees	-100.227791185
distanceMatrixNW_manchmal::ADV+allTrees	-140.028604011
distanceMatrixNW_neunzig::NUM+allTrees	-106.540946339
distanceMatrixNW_Brett::N+allTrees	-101.093472642
distanceMatrixNW_passieren::V+allTrees	-123.323131682
distanceMatrixNW_legen::V+allTrees	-105.890893988
distanceMatrixNW_nehmen::V+allTrees	-104.614047128
distanceMatrixNW_Klaue::N+allTrees	-112.75511778
distanceMatrixNW_ankommen::V+allTrees	-118.999241616
distanceMatrixNW_geschickt::A+allTrees	-109.461257008
distanceMatrixNW_beherrschen::V+allTrees	-89.3460248195
distanceMatrixNW_Nest::N+allTrees	-131.995932664
distanceMatrixNW_bunt::A+allTrees	-84.2165537661
distanceMatrixNW_später::ADV+allTrees	-91.8593991305
distanceMatrixNW_Fisch::N+allTrees	-110.218197436
distanceMatrixNW_Kreis::N+allTrees	-98.1476397167
distanceMatrixNW_Bart::N+allTrees	-99.8068286228
distanceMatrixNW_schützen::V+allTrees	-89.067624982
distanceMatrixNW_jetzt::ADV+allTrees	-108.976338083
distanceMatrixNW_kleben::V+allTrees	-110.723842512
distanceMatrixNW_enden::V+allTrees	-86.9762173241
distanceMatrixNW_Wald::N+allTrees	-127.311229399
distanceMatrixNW_rechnen::V+allTrees	-75.9477838751
distanceMatrixNW_backen::V+allTrees	-99.15996021
distanceMatrixNW_kaum::ADV+allTrees	-143.444227246
distanceMatrixNW_Magen::N+allTrees	-98.405353928
distanceMatrixNW_überall::ADV+allTrees	-91.643975908
distanceMatrixNW_vorher::ADV+allTrees	-123.537682823
distanceMatrixNW_Abhang::N+allTrees	-115.804182443
distanceMatrixNW_Knoten::N+allTrees	-110.957924394
distanceMatrixNW_dicht::A+allTrees	-98.7768084841
distanceMatrixNW_vorwärts::ADV+allTrees	-109.769452978
distanceMatrixNW_glänzen::V+allTrees	-109.346522089
distanceMatrixNW_Wasser::N+allTrees	-108.494106331
distanceMatrixNW_eilen::V+allTrees	-117.021403177
distanceMatrixNW_Boden::N+allTrees	-101.884348003
distanceMatrixNW_Knie::N+allTrees	-100.501585819
distanceMatrixNW_finden::V+allTrees	-106.366359213
distanceMatrixNW_sichversammeln::V+allTrees	-100.653358427
distanceMatrixNW_dorthin::ADV+allTrees	-97.6197301873
distanceMatrixNW_Quelle::N+allTrees	-74.5641634308
distanceMatrixNW_Welt::N+allTrees	-93.5435803331
distanceMatrixNW_zuhören::V+allTrees	-104.792935254
distanceMatrixNW_siegen::V+allTrees	-123.952200604
distanceMatrixNW_Finger::N+allTrees	-123.392840789
distanceMatrixNW_Dreck::N+allTrees	-152.499785502
distanceMatrixNW_Wort::N+allTrees	-105.469304055
distanceMatrixNW_Ast::N+allTrees	-118.629049947
distanceMatrixNW_Gabel::N+allTrees	-109.321659762
distanceMatrixNW_Nase::N+allTrees	-114.987943374
distanceMatrixNW_Falle::N+allTrees	-131.225346434
distanceMatrixNW_Januar::N+allTrees	-186.157709425
distanceMatrixNW_Mittwoch::N+allTrees	-109.722859792
distanceMatrixNW_Kragen::N+allTrees	-105.288524688
distanceMatrixNW_teilen::V+allTrees	-85.6188970085
distanceMatrixNW_sofort::ADV+allTrees	-126.296346406
distanceMatrixNW_sicherinnernan::V+allTrees	-123.384457637
distanceMatrixNW_Welle::N+allTrees	-107.298928946
distanceMatrixNW_Weide::N+allTrees	-115.822876461
distanceMatrixNW_hinfallen::V+allTrees	-115.686189051
distanceMatrixNW_Hilfe::N+allTrees	-66.4981080932
distanceMatrixNW_zuerst::ADV+allTrees	-96.6803742275
distanceMatrixNW_Scheibe::N+allTrees	-75.2543764696
distanceMatrixNW_verkaufen::V+allTrees	-83.4657041534
distanceMatrixNW_billig::A+allTrees	-129.358521787
distanceMatrixNW_Getreide::N+allTrees	-94.5669869426
distanceMatrixNW_Gürtel::N+allTrees	-107.594832525
distanceMatrixNW_oben::ADV+allTrees	-57.5337518908
distanceMatrixNW_klug::A+allTrees	-131.609978451
distanceMatrixNW_lang::A+allTrees	-136.775827093
distanceMatrixNW_springen::V+allTrees	-98.4332672811
distanceMatrixNW_Saat::N+allTrees	-125.250604864
distanceMatrixNW_Maus::N+allTrees	-110.885764455
distanceMatrixNW_umkommen::V+allTrees	-115.767560412
distanceMatrixNW_anbinden::V+allTrees	-87.5892002987
distanceMatrixNW_setzen::V+allTrees	-124.786863667
distanceMatrixNW_Himmel::N+allTrees	-117.034328198
distanceMatrixNW_zusehensein::V+allTrees	-86.3232567563
distanceMatrixNW_arbeiten::V+allTrees	-110.436351928
distanceMatrixNW_schwarz::A+allTrees	-76.3648942309
distanceMatrixNW_abreißen::V+allTrees	-104.527458072
distanceMatrixNW_und::CNJ+allTrees	-88.1421509811
distanceMatrixNW_schneiden::V+allTrees	-102.973880744
distanceMatrixNW_Beutel::N+allTrees	-125.061642396
distanceMatrixNW_Haken::N+allTrees	-114.873998947
distanceMatrixNW_Glück::N+allTrees	-79.6256008488
distanceMatrixNW_beginnen::V+allTrees	-118.571324814
distanceMatrixNW_verbinden::V+allTrees	-90.9386581868
distanceMatrixNW_sichbewegen::V+allTrees	-95.1997977154
distanceMatrixNW_waschen::V+allTrees	-100.157026258
distanceMatrixNW_faulen::V+allTrees	-109.12960707
distanceMatrixNW_Geld::N+allTrees	-96.4857677622
distanceMatrixNW_nackt::A+allTrees	-90.6808428066
distanceMatrixNW_Kleidung::N+allTrees	-130.869622703
distanceMatrixNW_Mund::N+allTrees	-149.826207489
distanceMatrixNW_grau::A+allTrees	-97.4365053584
distanceMatrixNW_berühren::V+allTrees	-102.276264222
distanceMatrixNW_du::PRN+allTrees	-137.941523042
distanceMatrixNW_Schaden::N+allTrees	-128.621346603
distanceMatrixNW_biegen::V+allTrees	-138.647346675
distanceMatrixNW_flüchten::V+allTrees	-134.949096137
distanceMatrixNW_nennen::V+allTrees	-120.403980891
distanceMatrixNW_leben::V+allTrees	-116.366863502
distanceMatrixNW_breit::A+allTrees	-128.214455397
distanceMatrixNW_hineingehen::V+allTrees	-134.652717041
distanceMatrixNW_krank::A+allTrees	-128.295454674
distanceMatrixNW_Lippe::N+allTrees	-117.369895345
distanceMatrixNW_packen::V+allTrees	-96.5634600619
distanceMatrixNW_stehen::V+allTrees	-95.0910821738
distanceMatrixNW_zubereiten::V+allTrees	-71.2149776234
distanceMatrixNW_Ufer::N+allTrees	-111.21966537
distanceMatrixNW_donnern::V+allTrees	-109.520405741
distanceMatrixNW_einschlafen::V+allTrees	-118.792965831
distanceMatrixNW_warum::FADV+allTrees	-96.2670440238
distanceMatrixNW_Festland::N+allTrees	-118.611335754
distanceMatrixNW_fallenlassen::V+allTrees	-126.679785708
distanceMatrixNW_Schlitten::N+allTrees	-80.9777381985
distanceMatrixNW_funkeln::V+allTrees	-171.281058343
distanceMatrixNW_vereinigen::V+allTrees	-110.437842329
distanceMatrixNW_vergessen::V+allTrees	-109.970940351
distanceMatrixNW_sie::PRN+allTrees	-148.387084294
distanceMatrixNW_Wind::N+allTrees	-107.316193748
distanceMatrixNW_Tuch::N+allTrees	-102.062072581
distanceMatrixNW_Eimer::N+allTrees	-110.206065
distanceMatrixNW_schon::ADV+allTrees	-79.1664835126
distanceMatrixNW_Schnurrbart::N+allTrees	-111.155437103
distanceMatrixNW_sichwaschen::V+allTrees	-103.713052023
distanceMatrixNW_Nutzen::N+allTrees	-65.659313552
distanceMatrixNW_Spur::N+allTrees	-92.5424596127
distanceMatrixNW_Kälte::N+allTrees	-82.2225290068
distanceMatrixNW_unten::ADV+allTrees	-108.203431001
distanceMatrixNW_sauer::A+allTrees	-115.429669357
distanceMatrixNW_baden::V+allTrees	-143.665680905
distanceMatrixNW_immer::ADV+allTrees	-143.837413628
distanceMatrixNW_rechter::A+allTrees	-100.206748148
distanceMatrixNW_begreifen::V+allTrees	-171.831887319
distanceMatrixNW_Spiegel::N+allTrees	-110.061224343
distanceMatrixNW_nur::ADV+allTrees	-129.302922835
distanceMatrixNW_dickGegenstand::A+allTrees	-109.413006848
distanceMatrixNW_Menge::N+allTrees	-94.6639105615
distanceMatrixNW_Hecht::N+allTrees	-92.2499501738
distanceMatrixNW_Milch::N+allTrees	-83.2774485777
distanceMatrixNW_bauen::V+allTrees	-108.584554727
distanceMatrixNW_Fieber::N+allTrees	-122.204368398
distanceMatrixNW_lachen::V+allTrees	-118.821707769
distanceMatrixNW_Schulter::N+allTrees	-114.97173744
distanceMatrixNW_Leder::N+allTrees	-66.181607721
distanceMatrixNW_vier::NUM+allTrees	-122.074161406
distanceMatrixNW_krankwerden::V+allTrees	-122.104591816
distanceMatrixNW_Öl::N+allTrees	-102.771456279
distanceMatrixNW_Volk::N+allTrees	-81.3653848527
distanceMatrixNW_treffen::V+allTrees	-161.692321437
distanceMatrixNW_aufhören::V+allTrees	-90.5031736463
distanceMatrixNW_aufziehen::V+allTrees	-116.768260171
distanceMatrixNW_Gesicht::N+allTrees	-106.933505585
distanceMatrixNW_lieb::A+allTrees	-85.2409871504
distanceMatrixNW_Tasche::N+allTrees	-114.72071775
distanceMatrixNW_Fußboden::N+allTrees	-106.171121981
distanceMatrixNW_Ferse::N+allTrees	-99.9838413897
distanceMatrixNW_Wurm::N+allTrees	-97.9343439181
distanceMatrixNW_zurücklassen::V+allTrees	-104.586842424
distanceMatrixNW_Seite::N+allTrees	-99.0696168125
distanceMatrixNW_frieren::V+allTrees	-106.508417566
distanceMatrixNW_dunkel::A+allTrees	-117.016253698
distanceMatrixNW_Schmetterling::N+allTrees	-105.937688365
distanceMatrixNW_Wange::N+allTrees	-105.325689519
distanceMatrixNW_Gast::N+allTrees	-116.661799232
distanceMatrixNW_vergebens::ADV+allTrees	-111.96025795
distanceMatrixNW_melken::V+allTrees	-76.9618997426
distanceMatrixNW_aufwachen::V+allTrees	-130.962790581
distanceMatrixNW_Birke::N+allTrees	-111.419046487
distanceMatrixNW_anhalten::V+allTrees	-135.441045999
distanceMatrixNW_grün::A+allTrees	-100.607787408
distanceMatrixNW_zwischen::PRP+allTrees	-109.01962109
distanceMatrixNW_Junge::N+allTrees	-113.018364344
distanceMatrixNW_verstehen::V+allTrees	-128.495434257
distanceMatrixNW_gefrieren::V+allTrees	-121.086122605
distanceMatrixNW_Horn::N+allTrees	-145.734962269
distanceMatrixNW_zweiter::A+allTrees	-75.9575692248
distanceMatrixNW_Barsch::N+allTrees	-68.4144641941
distanceMatrixNW_messen::V+allTrees	-75.7374912814
distanceMatrixNW_zeichnen::V+allTrees	-122.524174738
distanceMatrixNW_abschneiden::V+allTrees	-135.031467095
distanceMatrixNW_singen::V+allTrees	-82.8634071812
distanceMatrixNW_Tod::N+allTrees	-79.7900303185
distanceMatrixNW_einmal::ADV+allTrees	-114.403394381
distanceMatrixNW_traurig::A+allTrees	-145.259534846
distanceMatrixNW_Strömung::N+allTrees	-89.7790589857
distanceMatrixNW_kochen::V+allTrees	-96.8519135957
distanceMatrixNW_Eichhörnchen::N+allTrees	-93.6752881814
distanceMatrixNW_stehlen::V+allTrees	-88.5662166462
distanceMatrixNW_Staub::N+allTrees	-90.761994002
distanceMatrixNW_Zeichen::N+allTrees	-61.7315586403
distanceMatrixNW_Kreuz::N+allTrees	-132.692749082
distanceMatrixNW_Brot::N+allTrees	-89.298575841
distanceMatrixNW_Gegenstand::N+allTrees	-133.994446978
distanceMatrixNW_Silber::N+allTrees	-74.0196049313
distanceMatrixNW_Feuer::N+allTrees	-82.540870807
distanceMatrixNW_anschauen::V+allTrees	-163.293581668
distanceMatrixNW_Wetter::N+allTrees	-118.795558133
distanceMatrixNW_Winkel::N+allTrees	-98.585485442
distanceMatrixNW_oft::ADV+allTrees	-137.583470083
distanceMatrixNW_bald::ADV+allTrees	-94.2434060423
distanceMatrixNW_Baum::N+allTrees	-93.4716667882
distanceMatrixNW_Eltern::N+allTrees	-132.572091185
distanceMatrixNW_spülen::V+allTrees	-115.613809373
distanceMatrixNW_Tante::N+allTrees	-86.6000994191
distanceMatrixNW_Geruch::N+allTrees	-106.05320375
distanceMatrixNW_scheinen::V+allTrees	-111.909265392
distanceMatrixNW_Rauch::N+allTrees	-107.797676924
distanceMatrixNW_Kohle::N+allTrees	-89.7041464632
distanceMatrixNW_warm::A+allTrees	-104.362165642
distanceMatrixNW_stricken::V+allTrees	-87.5973994732
distanceMatrixNW_allein::ADV+allTrees	-96.9906513018
distanceMatrixNW_versuchen::V+allTrees	-126.320292901
distanceMatrixNW_bewachen::V+allTrees	-118.978976675
distanceMatrixNW_Träne::N+allTrees	-98.3627517246
distanceMatrixNW_füttern::V+allTrees	-119.003159489
