distanceMatrixLev_rot::A+allTrees	-311.302805737
distanceMatrixLev_sicherheben::V+allTrees	-264.238677709
distanceMatrixLev_Brücke::N+allTrees	-229.931708891
distanceMatrixLev_Wunde::N+allTrees	-236.776455419
distanceMatrixLev_schmal::A+allTrees	-302.119206916
distanceMatrixLev_Fisch::N+allTrees	-207.584234625
distanceMatrixLev_Licht::N+allTrees	-251.612216486
distanceMatrixLev_Stütze::N+allTrees	-264.02127828
distanceMatrixLev_wiegen::V+allTrees	-303.825833752
distanceMatrixLev_Sumpf::N+allTrees	-332.053245961
distanceMatrixLev_er::PRN+allTrees	-238.052789757
distanceMatrixLev_einmal::ADV+allTrees	-320.45901995
distanceMatrixLev_Pilz::N+allTrees	-284.448804012
distanceMatrixLev_ich::PRN+allTrees	-155.270115109
distanceMatrixLev_Ellenbogen::N+allTrees	-339.384145411
distanceMatrixLev_Kamerad::N+allTrees	-291.178775841
distanceMatrixLev_KieferAnatomie::N+allTrees	-360.233195024
distanceMatrixLev_Brot::N+allTrees	-195.907910111
distanceMatrixLev_Schuh::N+allTrees	-196.868012837
distanceMatrixLev_zubereiten::V+allTrees	-261.227110072
distanceMatrixLev_fassen::V+allTrees	-230.234730108
distanceMatrixLev_Rand::N+allTrees	-266.102840108
distanceMatrixLev_reparieren::V+allTrees	-280.806706407
distanceMatrixLev_Spinne::N+allTrees	-333.375220897
distanceMatrixLev_regnen::V+allTrees	-240.043261216
distanceMatrixLev_sicherinnernan::V+allTrees	-306.503729158
distanceMatrixLev_Bauch::N+allTrees	-293.932161144
distanceMatrixLev_vorher::ADV+allTrees	-353.736987721
distanceMatrixLev_bitter::A+allTrees	-291.927187804
distanceMatrixLev_hübsch::A+allTrees	-337.785200791
distanceMatrixLev_weinen::V+allTrees	-263.219370367
distanceMatrixLev_wertvoll::A+allTrees	-269.720191696
distanceMatrixLev_Fieber::N+allTrees	-289.735253288
distanceMatrixLev_Zweig::N+allTrees	-292.897622971
distanceMatrixLev_Öl::N+allTrees	-184.117671558
distanceMatrixLev_abfahren::V+allTrees	-318.877107128
distanceMatrixLev_herstellen::V+allTrees	-280.411691908
distanceMatrixLev_Stiefel::N+allTrees	-187.236507836
distanceMatrixLev_Grube::N+allTrees	-257.523857694
distanceMatrixLev_Großvater::N+allTrees	-288.588540343
distanceMatrixLev_Dorf::N+allTrees	-264.825940875
distanceMatrixLev_binden::V+allTrees	-197.323755968
distanceMatrixLev_Griff::N+allTrees	-254.861321163
distanceMatrixLev_hören::V+allTrees	-193.122298544
distanceMatrixLev_rauschen::V+allTrees	-224.547582717
distanceMatrixLev_schön::A+allTrees	-320.680502078
distanceMatrixLev_Heu::N+allTrees	-255.397945571
distanceMatrixLev_beschädigen::V+allTrees	-307.910266444
distanceMatrixLev_Boot::N+allTrees	-198.12184425
distanceMatrixLev_grau::A+allTrees	-305.285976989
distanceMatrixLev_Ärmel::N+allTrees	-256.340687069
distanceMatrixLev_rufen::V+allTrees	-297.70343824
distanceMatrixLev_klingen::V+allTrees	-265.759317397
distanceMatrixLev_bitten::V+allTrees	-293.595697888
distanceMatrixLev_hierhin::ADV+allTrees	-288.89398046
distanceMatrixLev_fliegen::V+allTrees	-204.889537754
distanceMatrixLev_rennen::V+allTrees	-265.091936032
distanceMatrixLev_Wahrheit::N+allTrees	-277.663915089
distanceMatrixLev_schaukeln::V+allTrees	-320.423069956
distanceMatrixLev_schenken::V+allTrees	-272.985226122
distanceMatrixLev_sieden::V+allTrees	-250.752447078
distanceMatrixLev_trocknen::V+allTrees	-232.254387571
distanceMatrixLev_Nutzen::N+allTrees	-251.344134591
distanceMatrixLev_Gedächtnis::N+allTrees	-276.316263065
distanceMatrixLev_sie::PRN+allTrees	-255.576258806
distanceMatrixLev_Mittwoch::N+allTrees	-169.716865018
distanceMatrixLev_Brust::N+allTrees	-240.054195138
distanceMatrixLev_verteidigen::V+allTrees	-247.961490335
distanceMatrixLev_Gegend::N+allTrees	-321.521083049
distanceMatrixLev_abnehmen::V+allTrees	-283.190847405
distanceMatrixLev_drücken::V+allTrees	-272.128269829
distanceMatrixLev_Kante::N+allTrees	-283.96325083
distanceMatrixLev_erscheinen::V+allTrees	-308.997925477
distanceMatrixLev_Magen::N+allTrees	-273.711001453
distanceMatrixLev_hinauf::ADV+allTrees	-366.268691265
distanceMatrixLev_Luft::N+allTrees	-252.076409564
distanceMatrixLev_schimpfen::V+allTrees	-362.767634751
distanceMatrixLev_warten::V+allTrees	-251.421617505
distanceMatrixLev_Winkel::N+allTrees	-237.250113312
distanceMatrixLev_nah::A+allTrees	-282.960296774
distanceMatrixLev_tragen::V+allTrees	-263.400595112
distanceMatrixLev_Sinn::N+allTrees	-207.608504033
distanceMatrixLev_hinzufügen::V+allTrees	-305.81547181
distanceMatrixLev_Reichtum::N+allTrees	-290.78088546
distanceMatrixLev_teilen::V+allTrees	-210.49362463
distanceMatrixLev_Sack::N+allTrees	-206.708176104
distanceMatrixLev_Haut::N+allTrees	-234.324756467
distanceMatrixLev_zehn::NUM+allTrees	-163.99865047
distanceMatrixLev_Horn::N+allTrees	-195.677255481
distanceMatrixLev_Träne::N+allTrees	-243.263519081
distanceMatrixLev_WeideBaum::N+allTrees	-306.231973633
distanceMatrixLev_König::N+allTrees	-159.435779426
distanceMatrixLev_berühmt::A+allTrees	-302.240924171
distanceMatrixLev_Neuigkeit::N+allTrees	-243.514203344
distanceMatrixLev_März::N+allTrees	-274.256292202
distanceMatrixLev_legen::V+allTrees	-243.312088997
distanceMatrixLev_Ferse::N+allTrees	-281.566196166
distanceMatrixLev_sagen::V+allTrees	-226.126982597
distanceMatrixLev_Ohr::N+allTrees	-241.491695316
distanceMatrixLev_wo::FADV+allTrees	-233.248875075
distanceMatrixLev_Süden::N+allTrees	-282.243428487
distanceMatrixLev_blasen::V+allTrees	-205.386731276
distanceMatrixLev_Fingernagel::N+allTrees	-254.862768521
distanceMatrixLev_spitz::A+allTrees	-346.683424372
distanceMatrixLev_sprechen::V+allTrees	-298.195664677
distanceMatrixLev_Rohr::N+allTrees	-223.019005066
distanceMatrixLev_beginnen::V+allTrees	-245.887661575
distanceMatrixLev_Haken::N+allTrees	-233.818404512
distanceMatrixLev_riechen::V+allTrees	-290.171037465
distanceMatrixLev_sechs::NUM+allTrees	-188.831115029
distanceMatrixLev_gelb::A+allTrees	-253.313120691
distanceMatrixLev_lieb::A+allTrees	-285.726064112
distanceMatrixLev_billig::A+allTrees	-273.930037536
distanceMatrixLev_Osten::N+allTrees	-316.863299159
distanceMatrixLev_nennen::V+allTrees	-190.298566687
distanceMatrixLev_Lied::N+allTrees	-245.647644083
distanceMatrixLev_Bau::N+allTrees	-323.482537254
distanceMatrixLev_Mitte::N+allTrees	-271.532559733
distanceMatrixLev_fischen::V+allTrees	-261.525213446
distanceMatrixLev_Eichhörnchen::N+allTrees	-291.980565237
distanceMatrixLev_fett::A+allTrees	-273.376144814
distanceMatrixLev_Straße::N+allTrees	-272.132620222
distanceMatrixLev_Falle::N+allTrees	-322.845224285
distanceMatrixLev_Wunsch::N+allTrees	-314.310644419
distanceMatrixLev_Kraft::N+allTrees	-222.478770349
distanceMatrixLev_Anzahl::N+allTrees	-252.739844877
distanceMatrixLev_Bruder::N+allTrees	-252.205773779
distanceMatrixLev_Preis::N+allTrees	-169.984072581
distanceMatrixLev_immer::ADV+allTrees	-326.073265462
distanceMatrixLev_retten::V+allTrees	-267.079103885
distanceMatrixLev_anderer::A+allTrees	-283.186544277
distanceMatrixLev_Kampf::N+allTrees	-284.967030575
distanceMatrixLev_Lust::N+allTrees	-328.348277275
distanceMatrixLev_Salz::N+allTrees	-152.539282414
distanceMatrixLev_August::N+allTrees	-235.997595005
distanceMatrixLev_Wetter::N+allTrees	-246.549564422
distanceMatrixLev_Ei::N+allTrees	-260.139349031
distanceMatrixLev_Berg::N+allTrees	-226.226028954
distanceMatrixLev_mögen::V+allTrees	-328.380377222
distanceMatrixLev_stellen::V+allTrees	-250.504250474
distanceMatrixLev_fragen::V+allTrees	-240.269897885
distanceMatrixLev_singen::V+allTrees	-211.242673088
distanceMatrixLev_Holz::N+allTrees	-268.945378098
distanceMatrixLev_Milch::N+allTrees	-205.511757104
distanceMatrixLev_müdewerden::V+allTrees	-336.516789804
distanceMatrixLev_verstecken::V+allTrees	-290.883655737
distanceMatrixLev_Vater::N+allTrees	-156.252253154
distanceMatrixLev_Fußboden::N+allTrees	-269.539440428
distanceMatrixLev_aufeinmal::ADV+allTrees	-400.953050689
distanceMatrixLev_Wolle::N+allTrees	-233.6887479
distanceMatrixLev_kochen::V+allTrees	-239.059588498
distanceMatrixLev_Leute::N+allTrees	-292.374489494
distanceMatrixLev_bewachen::V+allTrees	-281.051623993
distanceMatrixLev_Haar::N+allTrees	-249.22830473
distanceMatrixLev_tun::V+allTrees	-218.629196622
distanceMatrixLev_Bett::N+allTrees	-278.524477146
distanceMatrixLev_Zunge::N+allTrees	-216.486122032
distanceMatrixLev_Decke::N+allTrees	-299.358273253
distanceMatrixLev_überall::ADV+allTrees	-356.840615454
distanceMatrixLev_teuer::A+allTrees	-228.777049143
distanceMatrixLev_Auge::N+allTrees	-196.55630191
distanceMatrixLev_übersetzen::V+allTrees	-231.288419085
distanceMatrixLev_danach::ADV+allTrees	-308.723449776
distanceMatrixLev_glauben::V+allTrees	-177.8909616
distanceMatrixLev_Oktober::N+allTrees	-249.288189703
distanceMatrixLev_küssen::V+allTrees	-282.978602028
distanceMatrixLev_Gast::N+allTrees	-293.797504526
distanceMatrixLev_klug::A+allTrees	-334.149662601
distanceMatrixLev_lieben::V+allTrees	-257.938981175
distanceMatrixLev_sofort::ADV+allTrees	-368.849814749
distanceMatrixLev_NagelAnatomie::N+allTrees	-224.991660818
distanceMatrixLev_Schwester::N+allTrees	-256.213113363
distanceMatrixLev_eilen::V+allTrees	-353.905846303
distanceMatrixLev_Mütze::N+allTrees	-239.559754553
distanceMatrixLev_umdrehen::V+allTrees	-318.853404065
distanceMatrixLev_Hilfe::N+allTrees	-246.639321222
distanceMatrixLev_wollen::V+allTrees	-252.864935248
distanceMatrixLev_Arm::N+allTrees	-225.989454114
distanceMatrixLev_fangen::V+allTrees	-240.470386321
distanceMatrixLev_Fenster::N+allTrees	-263.571501806
distanceMatrixLev_scheinen::V+allTrees	-293.028374215
distanceMatrixLev_eintreten::V+allTrees	-261.184150525
distanceMatrixLev_feucht::A+allTrees	-318.593702639
distanceMatrixLev_Laden::N+allTrees	-186.220659257
distanceMatrixLev_melken::V+allTrees	-171.135601944
distanceMatrixLev_malen::V+allTrees	-212.161982278
distanceMatrixLev_Sonntag::N+allTrees	-250.947872255
distanceMatrixLev_Lärm::N+allTrees	-328.667970096
distanceMatrixLev_Laut::N+allTrees	-271.419349606
distanceMatrixLev_untergehenSonne::V+allTrees	-275.53155922
distanceMatrixLev_rühren::V+allTrees	-282.292523214
distanceMatrixLev_Wasser::N+allTrees	-215.818232526
distanceMatrixLev_Strömung::N+allTrees	-285.072967949
distanceMatrixLev_geradeaus::ADV+allTrees	-383.133037878
distanceMatrixLev_neunzig::NUM+allTrees	-242.365291791
distanceMatrixLev_wachsen::V+allTrees	-264.089612438
distanceMatrixLev_warum::FADV+allTrees	-332.082751234
distanceMatrixLev_Arbeit::N+allTrees	-268.485247291
distanceMatrixLev_Hecht::N+allTrees	-209.429303912
distanceMatrixLev_Tasche::N+allTrees	-214.79982254
distanceMatrixLev_sechzig::NUM+allTrees	-222.887729967
distanceMatrixLev_Netz::N+allTrees	-265.414007716
distanceMatrixLev_streichen::V+allTrees	-255.778178103
distanceMatrixLev_Eisen::N+allTrees	-188.72943671
distanceMatrixLev_Heim::N+allTrees	-230.156941759
distanceMatrixLev_Juli::N+allTrees	-188.56663374
distanceMatrixLev_lebendig::A+allTrees	-219.493358926
distanceMatrixLev_Leder::N+allTrees	-254.522760117
distanceMatrixLev_bekommen::V+allTrees	-199.679101408
distanceMatrixLev_Jahr::N+allTrees	-216.243581371
distanceMatrixLev_vor::PRP+allTrees	-293.880148756
distanceMatrixLev_Kessel::N+allTrees	-192.872194162
distanceMatrixLev_vereinigen::V+allTrees	-272.267341775
distanceMatrixLev_Spiel::N+allTrees	-278.672859641
distanceMatrixLev_flüchten::V+allTrees	-298.010805774
distanceMatrixLev_Topf::N+allTrees	-228.682949058
distanceMatrixLev_reißen::V+allTrees	-333.995557454
distanceMatrixLev_Moor::N+allTrees	-343.35011666
distanceMatrixLev_Morgen::N+allTrees	-269.848254711
distanceMatrixLev_dünn::A+allTrees	-270.908449391
distanceMatrixLev_Mann::N+allTrees	-256.295905791
distanceMatrixLev_treffen::V+allTrees	-280.706482769
distanceMatrixLev_Stock::N+allTrees	-251.359753009
distanceMatrixLev_Fell::N+allTrees	-266.08225739
distanceMatrixLev_Kirche::N+allTrees	-198.629641137
distanceMatrixLev_Kissen::N+allTrees	-281.776671278
distanceMatrixLev_spielen::V+allTrees	-282.122026902
distanceMatrixLev_sichärgern::V+allTrees	-370.451022543
distanceMatrixLev_Küste::N+allTrees	-285.517649593
distanceMatrixLev_pflücken::V+allTrees	-253.468008739
distanceMatrixLev_bedecken::V+allTrees	-257.874908207
distanceMatrixLev_roh::A+allTrees	-273.859699078
distanceMatrixLev_Ader::N+allTrees	-218.353101497
distanceMatrixLev_stricken::V+allTrees	-248.473586529
distanceMatrixLev_Monat::N+allTrees	-159.256435337
distanceMatrixLev_zusammen::ADV+allTrees	-372.44185344
distanceMatrixLev_Dienstag::N+allTrees	-215.083979778
distanceMatrixLev_plötzlich::ADV+allTrees	-355.920900414
distanceMatrixLev_Bart::N+allTrees	-226.717318885
distanceMatrixLev_niemals::ADV+allTrees	-305.071356878
distanceMatrixLev_Ameise::N+allTrees	-246.694492197
distanceMatrixLev_Ecke::N+allTrees	-256.992957793
distanceMatrixLev_Frau::N+allTrees	-284.73479814
distanceMatrixLev_reden::V+allTrees	-322.691259755
distanceMatrixLev_schleppen::V+allTrees	-301.116741602
distanceMatrixLev_Gang::N+allTrees	-302.253804801
distanceMatrixLev_Raureif::N+allTrees	-342.72009788
distanceMatrixLev_Zwiebel::N+allTrees	-236.125690298
distanceMatrixLev_besuchen::V+allTrees	-325.33197661
distanceMatrixLev_Hälfte::N+allTrees	-209.788344062
distanceMatrixLev_Tod::N+allTrees	-186.658293369
distanceMatrixLev_Elch::N+allTrees	-255.14354809
distanceMatrixLev_Ruder::N+allTrees	-278.373988475
distanceMatrixLev_Macht::N+allTrees	-233.068624101
distanceMatrixLev_Oberschenkel::N+allTrees	-270.985811041
distanceMatrixLev_Last::N+allTrees	-277.511319779
distanceMatrixLev_Nadel::N+allTrees	-215.028575205
distanceMatrixLev_Stab::N+allTrees	-279.777768903
distanceMatrixLev_Wurzel::N+allTrees	-247.654075807
distanceMatrixLev_schlafen::V+allTrees	-223.032590667
distanceMatrixLev_Rinde::N+allTrees	-268.068523157
distanceMatrixLev_Herde::N+allTrees	-293.910128098
distanceMatrixLev_Gans::N+allTrees	-200.985693861
distanceMatrixLev_Bach::N+allTrees	-317.378737258
distanceMatrixLev_Mutter::N+allTrees	-128.406138507
distanceMatrixLev_trinken::V+allTrees	-182.165207589
distanceMatrixLev_fest::A+allTrees	-284.871137269
distanceMatrixLev_Freund::N+allTrees	-296.976123565
distanceMatrixLev_schützen::V+allTrees	-285.040265828
distanceMatrixLev_Baum::N+allTrees	-228.994778575
distanceMatrixLev_wissen::V+allTrees	-208.322564466
distanceMatrixLev_Flügel::N+allTrees	-254.171401463
distanceMatrixLev_tauchen::V+allTrees	-277.650988734
distanceMatrixLev_Schmetterling::N+allTrees	-334.4942614
distanceMatrixLev_versinken::V+allTrees	-270.918460058
distanceMatrixLev_Festland::N+allTrees	-256.60138959
distanceMatrixLev_acht::NUM+allTrees	-262.245956806
distanceMatrixLev_geschlossen::A+allTrees	-341.509090323
distanceMatrixLev_Kralle::N+allTrees	-270.949185259
distanceMatrixLev_weggehen::V+allTrees	-287.733414026
distanceMatrixLev_schmelzen::V+allTrees	-215.215280979
distanceMatrixLev_beugen::V+allTrees	-259.155031209
distanceMatrixLev_bezahlen::V+allTrees	-181.363787235
distanceMatrixLev_Schaum::N+allTrees	-198.916932436
distanceMatrixLev_aufwachen::V+allTrees	-346.875850336
distanceMatrixLev_füttern::V+allTrees	-259.177256077
distanceMatrixLev_sitzen::V+allTrees	-230.904498288
distanceMatrixLev_fürchten::V+allTrees	-200.972356863
distanceMatrixLev_Gespräch::N+allTrees	-335.607157493
distanceMatrixLev_Regenbogen::N+allTrees	-394.342190563
distanceMatrixLev_auswählen::V+allTrees	-277.888881693
distanceMatrixLev_Suppe::N+allTrees	-219.870680075
distanceMatrixLev_nackt::A+allTrees	-300.736366987
distanceMatrixLev_bald::ADV+allTrees	-376.70794421
distanceMatrixLev_Puppe::N+allTrees	-234.851112578
distanceMatrixLev_Barsch::N+allTrees	-226.139156522
distanceMatrixLev_taub::A+allTrees	-264.581537927
distanceMatrixLev_Land::N+allTrees	-235.972056301
distanceMatrixLev_vergehen::V+allTrees	-230.286148185
distanceMatrixLev_Feder::N+allTrees	-271.635999893
distanceMatrixLev_fremd::A+allTrees	-333.18090642
distanceMatrixLev_glänzen::V+allTrees	-298.274084263
distanceMatrixLev_stehlen::V+allTrees	-191.395872236
distanceMatrixLev_zwei::NUM+allTrees	-206.802323665
distanceMatrixLev_Funke::N+allTrees	-302.278865458
distanceMatrixLev_schwach::A+allTrees	-312.165736446
distanceMatrixLev_begreifen::V+allTrees	-300.44949102
distanceMatrixLev_Schaufel::N+allTrees	-252.310945427
distanceMatrixLev_Kleidung::N+allTrees	-351.749540497
distanceMatrixLev_Gesundheit::N+allTrees	-269.713206638
distanceMatrixLev_Leine::N+allTrees	-294.193485411
distanceMatrixLev_backen::V+allTrees	-201.69162534
distanceMatrixLev_täuschen::V+allTrees	-327.018710407
distanceMatrixLev_elf::NUM+allTrees	-289.037221185
distanceMatrixLev_Ente::N+allTrees	-259.132501799
distanceMatrixLev_Teil::N+allTrees	-219.449019366
distanceMatrixLev_Höhle::N+allTrees	-288.02583097
distanceMatrixLev_schreien::V+allTrees	-314.585032377
distanceMatrixLev_breit::A+allTrees	-288.473349627
distanceMatrixLev_antreiben::V+allTrees	-338.255103656
distanceMatrixLev_Glas::N+allTrees	-193.405943066
distanceMatrixLev_Leben::N+allTrees	-266.515902369
distanceMatrixLev_wehen::V+allTrees	-224.644840337
distanceMatrixLev_schreiten::V+allTrees	-318.564477695
distanceMatrixLev_Lüge::N+allTrees	-278.292618614
distanceMatrixLev_brechen::V+allTrees	-276.757313982
distanceMatrixLev_Mücke::N+allTrees	-259.641333445
distanceMatrixLev_Volk::N+allTrees	-230.322706683
distanceMatrixLev_führen::V+allTrees	-298.657954844
distanceMatrixLev_Insel::N+allTrees	-235.939191977
distanceMatrixLev_abwischen::V+allTrees	-295.46678251
distanceMatrixLev_Sehne::N+allTrees	-292.817832792
distanceMatrixLev_hinab::ADV+allTrees	-367.233438572
distanceMatrixLev_anfangen::V+allTrees	-240.243301652
distanceMatrixLev_schlank::A+allTrees	-335.752836369
distanceMatrixLev_neun::NUM+allTrees	-249.889235992
distanceMatrixLev_Adler::N+allTrees	-267.738545598
distanceMatrixLev_dicht::A+allTrees	-293.293599982
distanceMatrixLev_morgen::ADV+allTrees	-335.997228196
distanceMatrixLev_hauen::V+allTrees	-264.226817398
distanceMatrixLev_Farbe::N+allTrees	-218.839192403
distanceMatrixLev_kleben::V+allTrees	-259.477856179
distanceMatrixLev_flach::A+allTrees	-249.131424721
distanceMatrixLev_probieren::V+allTrees	-297.974382696
distanceMatrixLev_schießen::V+allTrees	-284.377638916
distanceMatrixLev_blind::A+allTrees	-241.413383244
distanceMatrixLev_spazierengehen::V+allTrees	-328.629367614
distanceMatrixLev_Bucht::N+allTrees	-266.566785195
distanceMatrixLev_Sonne::N+allTrees	-235.411331613
distanceMatrixLev_messen::V+allTrees	-182.320515668
distanceMatrixLev_krankwerden::V+allTrees	-358.71493623
distanceMatrixLev_verderben::V+allTrees	-289.895579762
distanceMatrixLev_packen::V+allTrees	-296.906497147
distanceMatrixLev_Gras::N+allTrees	-262.877061357
distanceMatrixLev_Dezember::N+allTrees	-209.798783957
distanceMatrixLev_vier::NUM+allTrees	-168.834985667
distanceMatrixLev_voll::A+allTrees	-203.869213641
distanceMatrixLev_Anhöhe::N+allTrees	-347.758885476
distanceMatrixLev_Nacht::N+allTrees	-204.250700653
distanceMatrixLev_Hemd::N+allTrees	-266.952138763
distanceMatrixLev_steigen::V+allTrees	-294.373116158
distanceMatrixLev_wegen::PRP+allTrees	-306.287324979
distanceMatrixLev_verlassen::V+allTrees	-271.603649337
distanceMatrixLev_geben::V+allTrees	-134.131906735
distanceMatrixLev_BogenWaffe::N+allTrees	-239.633533976
distanceMatrixLev_ankommen::V+allTrees	-239.673023334
distanceMatrixLev_Feind::N+allTrees	-246.986151523
distanceMatrixLev_lachen::V+allTrees	-235.438068412
distanceMatrixLev_Schluss::N+allTrees	-261.945303425
distanceMatrixLev_Knopf::N+allTrees	-258.194694065
distanceMatrixLev_Handtuch::N+allTrees	-342.478182304
distanceMatrixLev_schwimmen::V+allTrees	-230.269482603
distanceMatrixLev_Ehemann::N+allTrees	-325.477294141
distanceMatrixLev_Schuld::N+allTrees	-271.272785031
distanceMatrixLev_sauer::A+allTrees	-291.94005652
distanceMatrixLev_Nachricht::N+allTrees	-247.337840044
distanceMatrixLev_altLebewesen::A+allTrees	-312.298808256
distanceMatrixLev_aufbewahren::V+allTrees	-323.791026175
distanceMatrixLev_zuerst::ADV+allTrees	-306.686669172
distanceMatrixLev_du::PRN+allTrees	-127.757377991
distanceMatrixLev_fünf::NUM+allTrees	-205.709648984
distanceMatrixLev_Ufer::N+allTrees	-261.82485771
distanceMatrixLev_Welle::N+allTrees	-236.728572378
distanceMatrixLev_Geschäft::N+allTrees	-249.623319633
distanceMatrixLev_kämmen::V+allTrees	-259.711201045
distanceMatrixLev_Nebel::N+allTrees	-334.225871191
distanceMatrixLev_trocken::A+allTrees	-244.784643758
distanceMatrixLev_Stadt::N+allTrees	-171.274505555
distanceMatrixLev_Bein::N+allTrees	-222.807554586
distanceMatrixLev_Tee::N+allTrees	-132.254731943
distanceMatrixLev_Ort::N+allTrees	-219.048321357
distanceMatrixLev_graben::V+allTrees	-249.621187714
distanceMatrixLev_Herz::N+allTrees	-218.394756238
distanceMatrixLev_sichunterhalten::V+allTrees	-340.542376308
distanceMatrixLev_fühlen::V+allTrees	-230.963635298
distanceMatrixLev_Stück::N+allTrees	-246.423800967
distanceMatrixLev_Zaun::N+allTrees	-290.498032955
distanceMatrixLev_rechter::A+allTrees	-295.261916076
distanceMatrixLev_zerreißen::V+allTrees	-326.559818931
distanceMatrixLev_Zeh::N+allTrees	-296.00423731
distanceMatrixLev_Band::N+allTrees	-169.335749519
distanceMatrixLev_Größe::N+allTrees	-251.327060417
distanceMatrixLev_ändern::V+allTrees	-224.881415441
distanceMatrixLev_sinken::V+allTrees	-288.215082477
distanceMatrixLev_Pfad::N+allTrees	-315.679408642
distanceMatrixLev_hinter::PRP+allTrees	-325.757934914
distanceMatrixLev_weiß::A+allTrees	-252.197956029
distanceMatrixLev_aufheben::V+allTrees	-303.103704338
distanceMatrixLev_öffnen::V+allTrees	-236.696597988
distanceMatrixLev_allein::ADV+allTrees	-294.89857815
distanceMatrixLev_Winter::N+allTrees	-200.752884818
distanceMatrixLev_traurig::A+allTrees	-344.833823041
distanceMatrixLev_Hund::N+allTrees	-225.199433028
distanceMatrixLev_rudern::V+allTrees	-304.840923098
distanceMatrixLev_See::N+allTrees	-197.336918548
distanceMatrixLev_arbeiten::V+allTrees	-252.468303519
distanceMatrixLev_Gehirn::N+allTrees	-261.966595478
distanceMatrixLev_schütteln::V+allTrees	-270.391130357
distanceMatrixLev_Schwan::N+allTrees	-244.476151829
distanceMatrixLev_nur::ADV+allTrees	-313.779992295
distanceMatrixLev_Rauch::N+allTrees	-213.429938809
distanceMatrixLev_versuchen::V+allTrees	-278.590136145
distanceMatrixLev_schlecht::A+allTrees	-308.463025316
distanceMatrixLev_lärmen::V+allTrees	-327.290813369
distanceMatrixLev_jung::A+allTrees	-276.197630756
distanceMatrixLev_Spaten::N+allTrees	-207.144934151
distanceMatrixLev_anziehen::V+allTrees	-302.064968366
distanceMatrixLev_laufen::V+allTrees	-274.333262096
distanceMatrixLev_zurück::ADV+allTrees	-330.588737157
distanceMatrixLev_Gewehr::N+allTrees	-236.162146094
distanceMatrixLev_sichdrehen::V+allTrees	-296.529561211
distanceMatrixLev_Stimme::N+allTrees	-262.330095292
distanceMatrixLev_zusehensein::V+allTrees	-261.403989906
distanceMatrixLev_Sprache::N+allTrees	-200.01765094
distanceMatrixLev_Gabel::N+allTrees	-224.051571223
distanceMatrixLev_bunt::A+allTrees	-316.23820647
distanceMatrixLev_mitteilen::V+allTrees	-271.979776946
distanceMatrixLev_zuhören::V+allTrees	-261.233903716
distanceMatrixLev_sichschlagen::V+allTrees	-267.14152041
distanceMatrixLev_Fleisch::N+allTrees	-255.671507287
distanceMatrixLev_wer::FPRN+allTrees	-215.790158936
distanceMatrixLev_Mond::N+allTrees	-201.228300423
distanceMatrixLev_Nabel::N+allTrees	-205.442228737
distanceMatrixLev_Blume::N+allTrees	-278.139829027
distanceMatrixLev_waschen::V+allTrees	-229.264120698
distanceMatrixLev_zeigen::V+allTrees	-274.01015549
distanceMatrixLev_Spitze::N+allTrees	-277.284796647
distanceMatrixLev_Welt::N+allTrees	-207.640045261
distanceMatrixLev_verfaulen::V+allTrees	-251.260174823
distanceMatrixLev_Gedanke::N+allTrees	-250.38640165
distanceMatrixLev_bringen::V+allTrees	-227.998477737
distanceMatrixLev_September::N+allTrees	-223.916839012
distanceMatrixLev_Hand::N+allTrees	-167.90556952
distanceMatrixLev_zerstören::V+allTrees	-334.960278091
distanceMatrixLev_biegen::V+allTrees	-265.241691397
distanceMatrixLev_aufhängen::V+allTrees	-277.563860021
distanceMatrixLev_Stirn::N+allTrees	-301.887748841
distanceMatrixLev_Hose::N+allTrees	-246.973038452
distanceMatrixLev_Ski::N+allTrees	-227.175603595
distanceMatrixLev_aufziehen::V+allTrees	-322.15913499
distanceMatrixLev_kratzen::V+allTrees	-270.040805055
distanceMatrixLev_Traum::N+allTrees	-257.642914406
distanceMatrixLev_Schlinge::N+allTrees	-334.661218805
distanceMatrixLev_erwarten::V+allTrees	-294.331850551
distanceMatrixLev_Wurm::N+allTrees	-269.305177789
distanceMatrixLev_Ende::N+allTrees	-269.323759523
distanceMatrixLev_Handfläche::N+allTrees	-304.010202836
distanceMatrixLev_wenden::V+allTrees	-264.322875927
distanceMatrixLev_beißen::V+allTrees	-215.771101928
distanceMatrixLev_Schnur::N+allTrees	-256.947190266
distanceMatrixLev_sichsetzen::V+allTrees	-230.035968604
distanceMatrixLev_Abend::N+allTrees	-305.427727121
distanceMatrixLev_eins::NUM+allTrees	-173.892840736
distanceMatrixLev_Brunnen::N+allTrees	-219.937658355
distanceMatrixLev_umkommen::V+allTrees	-212.304567857
distanceMatrixLev_Zeit::N+allTrees	-176.758720572
distanceMatrixLev_fließen::V+allTrees	-231.633369052
distanceMatrixLev_wohin::FADV+allTrees	-246.898487992
distanceMatrixLev_Deckel::N+allTrees	-269.565621917
distanceMatrixLev_Westen::N+allTrees	-315.665940654
distanceMatrixLev_zwölf::NUM+allTrees	-248.676346012
distanceMatrixLev_schlucken::V+allTrees	-247.683844192
distanceMatrixLev_manchmal::ADV+allTrees	-428.142309532
distanceMatrixLev_fegen::V+allTrees	-265.558361522
distanceMatrixLev_baden::V+allTrees	-281.060106912
distanceMatrixLev_Abstand::N+allTrees	-279.439915635
distanceMatrixLev_Gewicht::N+allTrees	-299.143187627
distanceMatrixLev_Schmutz::N+allTrees	-354.099391941
distanceMatrixLev_Grenze::N+allTrees	-242.85002655
distanceMatrixLev_Gürtel::N+allTrees	-274.782100577
distanceMatrixLev_vergessen::V+allTrees	-273.063630156
distanceMatrixLev_wählen::V+allTrees	-228.060707962
distanceMatrixLev_Kreis::N+allTrees	-256.114153196
distanceMatrixLev_Kinn::N+allTrees	-290.050902024
distanceMatrixLev_prahlen::V+allTrees	-360.569103321
distanceMatrixLev_frisch::A+allTrees	-219.693478826
distanceMatrixLev_Körper::N+allTrees	-254.336537292
distanceMatrixLev_gelingen::V+allTrees	-262.137709065
distanceMatrixLev_anhalten::V+allTrees	-263.069717299
distanceMatrixLev_verbrennen::V+allTrees	-218.182810832
distanceMatrixLev_Eis::N+allTrees	-190.700814484
distanceMatrixLev_Haus::N+allTrees	-218.997712256
distanceMatrixLev_fallen::V+allTrees	-236.173283509
distanceMatrixLev_Kind::N+allTrees	-325.633693903
distanceMatrixLev_hier::ADV+allTrees	-247.355433029
distanceMatrixLev_zunehmen::V+allTrees	-302.656744316
distanceMatrixLev_damals::ADV+allTrees	-294.708803418
distanceMatrixLev_Beere::N+allTrees	-269.130268767
distanceMatrixLev_Gesellschaft::N+allTrees	-241.869543699
distanceMatrixLev_Lehrer::N+allTrees	-262.496010538
distanceMatrixLev_Rätsel::N+allTrees	-305.416124381
distanceMatrixLev_grün::A+allTrees	-305.359759273
distanceMatrixLev_spülen::V+allTrees	-270.752335062
distanceMatrixLev_Knochen::N+allTrees	-235.647478072
distanceMatrixLev_ehemalig::A+allTrees	-334.881385628
distanceMatrixLev_Schatten::N+allTrees	-296.802721937
distanceMatrixLev_sichbewegen::V+allTrees	-257.973105554
distanceMatrixLev_Regen::N+allTrees	-265.675478495
distanceMatrixLev_Finger::N+allTrees	-266.000368569
distanceMatrixLev_wieder::ADV+allTrees	-316.155165129
distanceMatrixLev_frieren::V+allTrees	-293.65010245
distanceMatrixLev_Tanne::N+allTrees	-237.611160515
distanceMatrixLev_hochheben::V+allTrees	-275.85705097
distanceMatrixLev_Geld::N+allTrees	-269.137509997
distanceMatrixLev_Löffel::N+allTrees	-237.747026508
distanceMatrixLev_schieben::V+allTrees	-295.362597997
distanceMatrixLev_rechnen::V+allTrees	-214.677689816
distanceMatrixLev_betrügen::V+allTrees	-310.480630173
distanceMatrixLev_rauchen::V+allTrees	-238.074004597
distanceMatrixLev_linker::A+allTrees	-264.483287568
distanceMatrixLev_Brei::N+allTrees	-233.266564289
distanceMatrixLev_schon::ADV+allTrees	-218.089436377
distanceMatrixLev_Tag::N+allTrees	-160.26787002
distanceMatrixLev_reiben::V+allTrees	-252.994112652
distanceMatrixLev_wünschen::V+allTrees	-262.750058977
distanceMatrixLev_Gesicht::N+allTrees	-301.684946436
distanceMatrixLev_Kuckuck::N+allTrees	-130.215518377
distanceMatrixLev_Erzählung::N+allTrees	-327.486833257
distanceMatrixLev_unter::PRP+allTrees	-264.741580513
distanceMatrixLev_oft::ADV+allTrees	-338.649596578
distanceMatrixLev_Ruf::N+allTrees	-310.213049407
distanceMatrixLev_Donner::N+allTrees	-276.513711477
distanceMatrixLev_so::ADV+allTrees	-235.710840549
distanceMatrixLev_atmen::V+allTrees	-274.000329082
distanceMatrixLev_Eimer::N+allTrees	-252.762803535
distanceMatrixLev_Woche::N+allTrees	-178.772648163
distanceMatrixLev_Sand::N+allTrees	-288.644490015
distanceMatrixLev_ansehen::V+allTrees	-300.764919448
distanceMatrixLev_Busen::N+allTrees	-276.842815272
distanceMatrixLev_klirren::V+allTrees	-257.343018614
distanceMatrixLev_Hunger::N+allTrees	-273.445245939
distanceMatrixLev_geborenwerden::V+allTrees	-259.027065551
distanceMatrixLev_Wange::N+allTrees	-327.49747838
distanceMatrixLev_fern::A+allTrees	-278.041058454
distanceMatrixLev_hungrig::A+allTrees	-327.047503469
distanceMatrixLev_schwingen::V+allTrees	-316.14321933
distanceMatrixLev_verschwinden::V+allTrees	-267.591262418
distanceMatrixLev_genesen::V+allTrees	-320.449135835
distanceMatrixLev_kalt::A+allTrees	-292.205639908
distanceMatrixLev_Kragen::N+allTrees	-267.105027408
distanceMatrixLev_Kuh::N+allTrees	-192.720843679
distanceMatrixLev_Kiste::N+allTrees	-209.193849633
distanceMatrixLev_ärgern::V+allTrees	-359.762776253
distanceMatrixLev_Seite::N+allTrees	-233.265972877
distanceMatrixLev_Frost::N+allTrees	-328.371531833
distanceMatrixLev_Riemen::N+allTrees	-278.074038479
distanceMatrixLev_Dach::N+allTrees	-310.281951997
distanceMatrixLev_Bild::N+allTrees	-221.469862709
distanceMatrixLev_Schloss::N+allTrees	-218.369588767
distanceMatrixLev_schmücken::V+allTrees	-314.47033447
distanceMatrixLev_Februar::N+allTrees	-224.963200714
distanceMatrixLev_dies::PRN+allTrees	-205.823375159
distanceMatrixLev_denken::V+allTrees	-254.742953018
distanceMatrixLev_Feuer::N+allTrees	-209.553893283
distanceMatrixLev_stöhnen::V+allTrees	-294.30315978
distanceMatrixLev_wechseln::V+allTrees	-293.032525008
distanceMatrixLev_Wiege::N+allTrees	-281.893764054
distanceMatrixLev_Bündel::N+allTrees	-337.565150898
distanceMatrixLev_Grund::N+allTrees	-266.679139218
distanceMatrixLev_faulen::V+allTrees	-266.310260658
distanceMatrixLev_Herbst::N+allTrees	-295.460264662
distanceMatrixLev_Nase::N+allTrees	-223.13079074
distanceMatrixLev_Kamm::N+allTrees	-244.234760303
distanceMatrixLev_Kranich::N+allTrees	-207.410069289
distanceMatrixLev_Norden::N+allTrees	-269.718569655
distanceMatrixLev_brennen::V+allTrees	-187.993943374
distanceMatrixLev_warm::A+allTrees	-297.74860173
distanceMatrixLev_wieviel::FNUM+allTrees	-332.425287564
distanceMatrixLev_Kreuz::N+allTrees	-114.739823758
distanceMatrixLev_Stuhl::N+allTrees	-251.612121172
distanceMatrixLev_strömen::V+allTrees	-279.015753061
distanceMatrixLev_Schnurrbart::N+allTrees	-291.839238988
distanceMatrixLev_Sünde::N+allTrees	-197.163221905
distanceMatrixLev_Chef::N+allTrees	-326.289909012
distanceMatrixLev_fleißig::A+allTrees	-384.326595308
distanceMatrixLev_gut::A+allTrees	-277.571613057
distanceMatrixLev_Alter::N+allTrees	-255.28641629
distanceMatrixLev_pfeifen::V+allTrees	-299.603509514
distanceMatrixLev_lernen::V+allTrees	-261.620274344
distanceMatrixLev_leer::A+allTrees	-269.724748223
distanceMatrixLev_Muster::N+allTrees	-285.876918475
distanceMatrixLev_enden::V+allTrees	-273.548802278
distanceMatrixLev_Atem::N+allTrees	-321.71538565
distanceMatrixLev_Mädchen::N+allTrees	-322.356764421
distanceMatrixLev_fliehen::V+allTrees	-251.952763622
distanceMatrixLev_werfen::V+allTrees	-294.822307604
distanceMatrixLev_sterben::V+allTrees	-196.108796399
distanceMatrixLev_und::CNJ+allTrees	-240.78947735
distanceMatrixLev_Butter::N+allTrees	-228.015227219
distanceMatrixLev_Huhn::N+allTrees	-223.897715892
distanceMatrixLev_Gegenstand::N+allTrees	-273.446183308
distanceMatrixLev_April::N+allTrees	-221.871837821
distanceMatrixLev_gehen::V+allTrees	-155.628249092
distanceMatrixLev_zahlen::V+allTrees	-182.926343899
distanceMatrixLev_Zeichen::N+allTrees	-187.823732228
distanceMatrixLev_verbinden::V+allTrees	-310.237562867
distanceMatrixLev_hundert::NUM+allTrees	-227.491330271
distanceMatrixLev_abschneiden::V+allTrees	-307.595670633
distanceMatrixLev_fahren::V+allTrees	-259.14283709
distanceMatrixLev_kehren::V+allTrees	-280.533972153
distanceMatrixLev_zwischen::PRP+allTrees	-264.661457631
distanceMatrixLev_springen::V+allTrees	-291.77024801
distanceMatrixLev_sichwaschen::V+allTrees	-299.744234737
distanceMatrixLev_kräftig::A+allTrees	-324.006329355
distanceMatrixLev_vorbereiten::V+allTrees	-192.718417032
distanceMatrixLev_klein::A+allTrees	-255.374189665
distanceMatrixLev_Angelegenheit::N+allTrees	-274.526809439
distanceMatrixLev_schwarz::A+allTrees	-268.957122213
distanceMatrixLev_schleifen::V+allTrees	-271.877412361
distanceMatrixLev_Geist::N+allTrees	-268.352489916
distanceMatrixLev_hüten::V+allTrees	-283.53327158
distanceMatrixLev_abreißen::V+allTrees	-332.568152699
distanceMatrixLev_donnern::V+allTrees	-285.663372229
distanceMatrixLev_Montag::N+allTrees	-213.672235966
distanceMatrixLev_Art::N+allTrees	-260.321505758
distanceMatrixLev_Stein::N+allTrees	-239.997265215
distanceMatrixLev_Wiese::N+allTrees	-274.907729449
distanceMatrixLev_Menge::N+allTrees	-244.584252986
distanceMatrixLev_Arbeiter::N+allTrees	-308.728817537
distanceMatrixLev_klingeln::V+allTrees	-254.587046163
distanceMatrixLev_Länge::N+allTrees	-285.05508361
distanceMatrixLev_Gewalt::N+allTrees	-241.299242232
distanceMatrixLev_Hügel::N+allTrees	-316.129558268
distanceMatrixLev_einladen::V+allTrees	-289.616216143
distanceMatrixLev_vergebens::ADV+allTrees	-344.919314312
distanceMatrixLev_heute::ADV+allTrees	-292.295520375
distanceMatrixLev_aufstehen::V+allTrees	-290.304537262
distanceMatrixLev_sichanziehen::V+allTrees	-316.216171947
distanceMatrixLev_Sache::N+allTrees	-261.132064642
distanceMatrixLev_stumpf::A+allTrees	-316.582131127
distanceMatrixLev_umrühren::V+allTrees	-276.764723539
distanceMatrixLev_schütten::V+allTrees	-285.890696593
distanceMatrixLev_Buch::N+allTrees	-171.592675675
distanceMatrixLev_reif::A+allTrees	-306.182390845
distanceMatrixLev_halten::V+allTrees	-217.371033974
distanceMatrixLev_rund::A+allTrees	-300.491952745
distanceMatrixLev_zweiter::A+allTrees	-285.591178052
distanceMatrixLev_wecken::V+allTrees	-262.289915034
distanceMatrixLev_Eltern::N+allTrees	-291.781257597
distanceMatrixLev_sehen::V+allTrees	-211.646286792
distanceMatrixLev_reinigen::V+allTrees	-245.679275571
distanceMatrixLev_schwanken::V+allTrees	-304.466828859
distanceMatrixLev_Schlaf::N+allTrees	-202.866294601
distanceMatrixLev_sichtrennen::V+allTrees	-307.283475876
distanceMatrixLev_kommen::V+allTrees	-189.957309745
distanceMatrixLev_Spiegel::N+allTrees	-237.95506207
distanceMatrixLev_Ehefrau::N+allTrees	-315.772900533
distanceMatrixLev_Nest::N+allTrees	-238.746413543
distanceMatrixLev_scharf::A+allTrees	-300.824892002
distanceMatrixLev_versprechen::V+allTrees	-261.193853335
distanceMatrixLev_Ruhe::N+allTrees	-333.610692724
distanceMatrixLev_lassen::V+allTrees	-234.159457634
distanceMatrixLev_sichbeeilen::V+allTrees	-354.021506051
distanceMatrixLev_stechen::V+allTrees	-271.354620117
distanceMatrixLev_beherrschen::V+allTrees	-240.550861854
distanceMatrixLev_Essen::N+allTrees	-334.484010541
distanceMatrixLev_setzen::V+allTrees	-229.762613581
distanceMatrixLev_treiben::V+allTrees	-287.55485482
distanceMatrixLev_Wolke::N+allTrees	-248.940717669
distanceMatrixLev_gießen::V+allTrees	-261.041278203
distanceMatrixLev_Staat::N+allTrees	-141.830205336
distanceMatrixLev_Kehle::N+allTrees	-254.745248807
distanceMatrixLev_Speise::N+allTrees	-295.692294402
distanceMatrixLev_Stärke::N+allTrees	-291.439409027
distanceMatrixLev_loben::V+allTrees	-270.337472429
distanceMatrixLev_beenden::V+allTrees	-249.118797085
distanceMatrixLev_lecken::V+allTrees	-160.382699882
distanceMatrixLev_Mai::N+allTrees	-306.212939322
distanceMatrixLev_wohnen::V+allTrees	-252.758218156
distanceMatrixLev_Staub::N+allTrees	-213.897179919
distanceMatrixLev_Schwein::N+allTrees	-238.08389791
distanceMatrixLev_alt::A+allTrees	-237.870158401
distanceMatrixLev_schicken::V+allTrees	-257.303561714
distanceMatrixLev_Blut::N+allTrees	-177.521598647
distanceMatrixLev_Gold::N+allTrees	-185.593734193
distanceMatrixLev_verkaufen::V+allTrees	-204.825290443
distanceMatrixLev_Höhe::N+allTrees	-260.632290104
distanceMatrixLev_letzter::A+allTrees	-314.597174829
distanceMatrixLev_Tasse::N+allTrees	-174.720914378
distanceMatrixLev_Bulle::N+allTrees	-206.833840841
distanceMatrixLev_Erde::N+allTrees	-243.950863229
distanceMatrixLev_schwenken::V+allTrees	-236.191962874
distanceMatrixLev_Tier::N+allTrees	-288.176789544
distanceMatrixLev_Saat::N+allTrees	-216.15725582
distanceMatrixLev_Frühling::N+allTrees	-243.123630909
distanceMatrixLev_färben::V+allTrees	-257.435446498
distanceMatrixLev_Sohn::N+allTrees	-203.16153511
distanceMatrixLev_essen::V+allTrees	-196.091651552
distanceMatrixLev_zeichnen::V+allTrees	-226.349572887
distanceMatrixLev_Gipfel::N+allTrees	-321.961934748
distanceMatrixLev_Krieg::N+allTrees	-239.209652132
distanceMatrixLev_Brett::N+allTrees	-243.305943192
distanceMatrixLev_richtig::A+allTrees	-240.052683616
distanceMatrixLev_kurz::A+allTrees	-316.120248157
distanceMatrixLev_sammeln::V+allTrees	-286.898827373
distanceMatrixLev_durch::PRP+allTrees	-303.226138129
distanceMatrixLev_leiten::V+allTrees	-279.146613427
distanceMatrixLev_neben::PRP+allTrees	-342.884595858
distanceMatrixLev_Asche::N+allTrees	-250.271007735
distanceMatrixLev_Januar::N+allTrees	-237.409613883
distanceMatrixLev_Brief::N+allTrees	-232.534952418
distanceMatrixLev_Geschenk::N+allTrees	-285.487349683
distanceMatrixLev_Weide::N+allTrees	-328.213967028
distanceMatrixLev_Eule::N+allTrees	-304.998019589
distanceMatrixLev_klopfen::V+allTrees	-233.289419706
distanceMatrixLev_Großmutter::N+allTrees	-292.899730256
distanceMatrixLev_Schaden::N+allTrees	-232.43163887
distanceMatrixLev_geizig::A+allTrees	-337.420515068
distanceMatrixLev_Boden::N+allTrees	-253.414689395
distanceMatrixLev_Gott::N+allTrees	-182.179373614
distanceMatrixLev_Hase::N+allTrees	-259.525200021
distanceMatrixLev_Pfeil::N+allTrees	-240.035571233
distanceMatrixLev_schreiben::V+allTrees	-195.761651773
distanceMatrixLev_Faden::N+allTrees	-240.420408001
distanceMatrixLev_siebzig::NUM+allTrees	-259.132845253
distanceMatrixLev_zudecken::V+allTrees	-258.501105019
distanceMatrixLev_Hitze::N+allTrees	-319.743709932
distanceMatrixLev_behindern::V+allTrees	-307.785894667
distanceMatrixLev_arm::A+allTrees	-300.818353689
distanceMatrixLev_vonhier::ADV+allTrees	-310.912083508
distanceMatrixLev_scheinenSonne::V+allTrees	-266.151955336
distanceMatrixLev_lesen::V+allTrees	-193.451962139
distanceMatrixLev_klettern::V+allTrees	-283.19736452
distanceMatrixLev_Platte::N+allTrees	-204.710664138
distanceMatrixLev_später::ADV+allTrees	-380.230003003
distanceMatrixLev_zurückkommen::V+allTrees	-347.047790903
distanceMatrixLev_Schaf::N+allTrees	-261.567013102
distanceMatrixLev_Knoten::N+allTrees	-244.220205727
distanceMatrixLev_Katze::N+allTrees	-147.431932403
distanceMatrixLev_vernehmen::V+allTrees	-255.716553504
distanceMatrixLev_alles::PRN+allTrees	-292.386745703
distanceMatrixLev_oder::CNJ+allTrees	-222.155053113
distanceMatrixLev_Ton::N+allTrees	-236.915139348
distanceMatrixLev_Wort::N+allTrees	-289.102622573
distanceMatrixLev_nicht::ADV+allTrees	-228.291725684
distanceMatrixLev_Korn::N+allTrees	-208.041264376
distanceMatrixLev_Tochter::N+allTrees	-260.635902775
distanceMatrixLev_geraten::V+allTrees	-248.417060605
distanceMatrixLev_drei::NUM+allTrees	-198.085827292
distanceMatrixLev_Tropfen::N+allTrees	-246.123983871
distanceMatrixLev_November::N+allTrees	-258.08232717
distanceMatrixLev_bemerken::V+allTrees	-311.238341846
distanceMatrixLev_husten::V+allTrees	-261.808735712
distanceMatrixLev_treten::V+allTrees	-233.694833495
distanceMatrixLev_kriechen::V+allTrees	-318.648373555
distanceMatrixLev_Zeitung::N+allTrees	-193.051184548
distanceMatrixLev_dreißig::NUM+allTrees	-227.224782631
distanceMatrixLev_Schlitten::N+allTrees	-210.335894892
distanceMatrixLev_Fuchs::N+allTrees	-285.474794818
distanceMatrixLev_Juni::N+allTrees	-198.287702933
distanceMatrixLev_siegen::V+allTrees	-255.767972198
distanceMatrixLev_Stange::N+allTrees	-324.346389824
distanceMatrixLev_erster::A+allTrees	-276.09172004
distanceMatrixLev_Arznei::N+allTrees	-209.607869412
distanceMatrixLev_Name::N+allTrees	-157.795927465
distanceMatrixLev_Scheibe::N+allTrees	-258.812537807
distanceMatrixLev_Zahn::N+allTrees	-227.324823947
distanceMatrixLev_anbinden::V+allTrees	-275.720063341
distanceMatrixLev_wir::PRN+allTrees	-158.06548086
distanceMatrixLev_zwanzig::NUM+allTrees	-227.98090839
distanceMatrixLev_anschauen::V+allTrees	-317.200979434
distanceMatrixLev_erzählen::V+allTrees	-288.55488722
distanceMatrixLev_Kopf::N+allTrees	-237.436528989
distanceMatrixLev_Ring::N+allTrees	-287.654259717
distanceMatrixLev_Mittag::N+allTrees	-337.239859438
distanceMatrixLev_fein::A+allTrees	-269.31700326
distanceMatrixLev_töten::V+allTrees	-233.474834107
distanceMatrixLev_Wolf::N+allTrees	-265.628301193
distanceMatrixLev_bekannt::A+allTrees	-269.417288166
distanceMatrixLev_Meer::N+allTrees	-176.431346776
distanceMatrixLev_tauen::V+allTrees	-278.245400993
distanceMatrixLev_kühl::A+allTrees	-290.241387446
distanceMatrixLev_stören::V+allTrees	-320.857621918
distanceMatrixLev_Abhang::N+allTrees	-320.355450112
distanceMatrixLev_Figur::N+allTrees	-226.142733089
distanceMatrixLev_fallenlassen::V+allTrees	-326.238794149
distanceMatrixLev_ihr::PRN+allTrees	-214.62846335
distanceMatrixLev_Schwarm::N+allTrees	-249.781480446
distanceMatrixLev_schlagen::V+allTrees	-262.869140206
distanceMatrixLev_Grab::N+allTrees	-219.788829428
distanceMatrixLev_bauen::V+allTrees	-257.616499041
distanceMatrixLev_SchlangeTier::N+allTrees	-253.561260398
distanceMatrixLev_Tisch::N+allTrees	-167.516269872
distanceMatrixLev_Kummer::N+allTrees	-312.145378464
distanceMatrixLev_anzünden::V+allTrees	-253.244549232
distanceMatrixLev_unterrichten::V+allTrees	-282.920266854
distanceMatrixLev_wie::FADV+allTrees	-310.561552996
distanceMatrixLev_Pferd::N+allTrees	-217.383232174
distanceMatrixLev_Maus::N+allTrees	-270.995821588
distanceMatrixLev_Glück::N+allTrees	-276.761290241
distanceMatrixLev_Haufen::N+allTrees	-294.446185917
distanceMatrixLev_drehen::V+allTrees	-289.231814143
distanceMatrixLev_krank::A+allTrees	-340.47315074
distanceMatrixLev_zittern::V+allTrees	-248.691893536
distanceMatrixLev_Honig::N+allTrees	-149.826440629
distanceMatrixLev_tausend::NUM+allTrees	-146.378420113
distanceMatrixLev_bewahren::V+allTrees	-269.610892126
distanceMatrixLev_Leber::N+allTrees	-220.951689779
distanceMatrixLev_sauber::A+allTrees	-279.490900063
distanceMatrixLev_Schulter::N+allTrees	-322.114131703
distanceMatrixLev_lange::ADV+allTrees	-284.974787953
distanceMatrixLev_offen::A+allTrees	-305.711317817
distanceMatrixLev_dunkel::A+allTrees	-283.512885329
distanceMatrixLev_Ast::N+allTrees	-256.798497361
distanceMatrixLev_gefrieren::V+allTrees	-256.570965553
distanceMatrixLev_belästigen::V+allTrees	-340.429039813
distanceMatrixLev_Nagel::N+allTrees	-250.989525846
distanceMatrixLev_verbergen::V+allTrees	-263.435659182
distanceMatrixLev_noch::ADV+allTrees	-282.096113442
distanceMatrixLev_Blatt::N+allTrees	-245.347836484
distanceMatrixLev_verstehen::V+allTrees	-305.432261863
distanceMatrixLev_sehr::ADV+allTrees	-377.925655075
distanceMatrixLev_Lagerfeuer::N+allTrees	-342.025099644
distanceMatrixLev_Arzt::N+allTrees	-214.944690829
distanceMatrixLev_Junge::N+allTrees	-332.365096526
distanceMatrixLev_Klaue::N+allTrees	-275.157878689
distanceMatrixLev_jetzt::ADV+allTrees	-293.657888584
distanceMatrixLev_Mensch::N+allTrees	-245.146028576
distanceMatrixLev_Schwanz::N+allTrees	-280.498309008
distanceMatrixLev_blau::A+allTrees	-247.254070754
distanceMatrixLev_groß::A+allTrees	-262.585560022
distanceMatrixLev_Entfernung::N+allTrees	-276.524021093
distanceMatrixLev_Freitag::N+allTrees	-211.838505743
distanceMatrixLev_liegen::V+allTrees	-253.511078329
distanceMatrixLev_Onkel::N+allTrees	-277.577003601
distanceMatrixLev_erhalten::V+allTrees	-241.120266439
distanceMatrixLev_verlieren::V+allTrees	-252.563329092
distanceMatrixLev_ertragen::V+allTrees	-242.453864881
distanceMatrixLev_machen::V+allTrees	-228.272395111
distanceMatrixLev_Hals::N+allTrees	-259.711991013
distanceMatrixLev_sichrühren::V+allTrees	-290.342415666
distanceMatrixLev_Tante::N+allTrees	-296.101205453
distanceMatrixLev_vierzig::NUM+allTrees	-281.063665506
distanceMatrixLev_Silber::N+allTrees	-177.622120203
distanceMatrixLev_Kohle::N+allTrees	-230.682901725
distanceMatrixLev_besitzen::V+allTrees	-254.085994473
distanceMatrixLev_böse::A+allTrees	-349.803785783
distanceMatrixLev_Bär::N+allTrees	-253.350116121
distanceMatrixLev_stecken::V+allTrees	-261.218801274
distanceMatrixLev_verschieden::A+allTrees	-361.277788687
distanceMatrixLev_glatt::A+allTrees	-279.980450132
distanceMatrixLev_einschlafen::V+allTrees	-293.416850784
distanceMatrixLev_finden::V+allTrees	-219.676086939
distanceMatrixLev_zählen::V+allTrees	-222.666625903
distanceMatrixLev_Mund::N+allTrees	-245.920316318
distanceMatrixLev_hängen::V+allTrees	-298.579839946
distanceMatrixLev_vorwärts::ADV+allTrees	-325.983477682
distanceMatrixLev_Geruch::N+allTrees	-283.388378012
distanceMatrixLev_Apfel::N+allTrees	-142.330255011
distanceMatrixLev_stark::A+allTrees	-280.619163517
distanceMatrixLev_schmutzig::A+allTrees	-361.763001739
distanceMatrixLev_zurücklassen::V+allTrees	-290.493244498
distanceMatrixLev_Himmel::N+allTrees	-201.658022557
distanceMatrixLev_Geschmack::N+allTrees	-212.787620099
distanceMatrixLev_lehren::V+allTrees	-247.501763647
distanceMatrixLev_rütteln::V+allTrees	-320.480799464
distanceMatrixLev_Schnee::N+allTrees	-217.782906195
distanceMatrixLev_werden::V+allTrees	-180.846348523
distanceMatrixLev_Genick::N+allTrees	-348.669803754
distanceMatrixLev_ausziehen::V+allTrees	-332.302692209
distanceMatrixLev_Sommer::N+allTrees	-230.728524781
distanceMatrixLev_heulen::V+allTrees	-239.295189467
distanceMatrixLev_Buchstabe::N+allTrees	-202.95455709
distanceMatrixLev_einst::ADV+allTrees	-348.205470755
distanceMatrixLev_einwickeln::V+allTrees	-322.569219284
distanceMatrixLev_Lehm::N+allTrees	-267.737505956
distanceMatrixLev_Unglück::N+allTrees	-322.135353633
distanceMatrixLev_Stamm::N+allTrees	-300.196675112
distanceMatrixLev_das::PRN+allTrees	-194.034059823
distanceMatrixLev_unten::ADV+allTrees	-282.842235051
distanceMatrixLev_Ofen::N+allTrees	-235.820302007
distanceMatrixLev_Wind::N+allTrees	-210.755258733
distanceMatrixLev_rückwärts::ADV+allTrees	-358.616975215
distanceMatrixLev_dort::ADV+allTrees	-245.470053451
distanceMatrixLev_Samstag::N+allTrees	-174.231959136
distanceMatrixLev_Rede::N+allTrees	-372.575493474
distanceMatrixLev_Knie::N+allTrees	-281.294695687
distanceMatrixLev_Tuch::N+allTrees	-321.038365414
distanceMatrixLev_geschickt::A+allTrees	-320.278983223
distanceMatrixLev_Getreide::N+allTrees	-278.676965969
distanceMatrixLev_Tür::N+allTrees	-196.816040505
distanceMatrixLev_sichversammeln::V+allTrees	-328.518982903
distanceMatrixLev_berühren::V+allTrees	-249.918712426
distanceMatrixLev_einwenig::ADV+allTrees	-350.699509498
distanceMatrixLev_Loch::N+allTrees	-269.16023602
distanceMatrixLev_lecker::A+allTrees	-308.487680645
distanceMatrixLev_Stoff::N+allTrees	-267.478505301
distanceMatrixLev_oben::ADV+allTrees	-312.942373543
distanceMatrixLev_hinfallen::V+allTrees	-292.983575147
distanceMatrixLev_dann::ADV+allTrees	-277.643299943
distanceMatrixLev_dorthin::ADV+allTrees	-264.038402416
distanceMatrixLev_jagen::V+allTrees	-262.50492283
distanceMatrixLev_Verstand::N+allTrees	-269.264748812
distanceMatrixLev_ziehen::V+allTrees	-246.499606614
distanceMatrixLev_suchen::V+allTrees	-268.702396682
distanceMatrixLev_sichfürchten::V+allTrees	-237.218036395
distanceMatrixLev_Familie::N+allTrees	-246.370152291
distanceMatrixLev_bellen::V+allTrees	-262.940558618
distanceMatrixLev_dickGegenstand::A+allTrees	-281.594955703
distanceMatrixLev_faul::A+allTrees	-300.709594543
distanceMatrixLev_schmerzen::V+allTrees	-284.089164398
distanceMatrixLev_Messer::N+allTrees	-197.556813246
distanceMatrixLev_reich::A+allTrees	-253.47044559
distanceMatrixLev_stoßen::V+allTrees	-304.959240656
distanceMatrixLev_tanzen::V+allTrees	-223.745586638
distanceMatrixLev_sanft::A+allTrees	-358.95517859
distanceMatrixLev_Fuß::N+allTrees	-214.052267362
distanceMatrixLev_nass::A+allTrees	-320.560095817
distanceMatrixLev_Kälte::N+allTrees	-255.252762924
distanceMatrixLev_aufhören::V+allTrees	-264.63040173
distanceMatrixLev_zerbrechen::V+allTrees	-306.434551274
distanceMatrixLev_aufgehenSonne::V+allTrees	-306.844406238
distanceMatrixLev_Dreck::N+allTrees	-349.720383843
distanceMatrixLev_wahr::A+allTrees	-308.376565294
distanceMatrixLev_sieben::NUM+allTrees	-217.053883863
distanceMatrixLev_schließen::V+allTrees	-261.367948471
distanceMatrixLev_Spur::N+allTrees	-300.232107445
distanceMatrixLev_füllen::V+allTrees	-212.637397762
distanceMatrixLev_schlimm::A+allTrees	-346.331548898
distanceMatrixLev_läuten::V+allTrees	-237.997722444
distanceMatrixLev_Leiter::N+allTrees	-304.847283629
distanceMatrixLev_Linie::N+allTrees	-213.637055174
distanceMatrixLev_ergreifen::V+allTrees	-313.269906065
distanceMatrixLev_Gelächter::N+allTrees	-262.039965747
distanceMatrixLev_hacken::V+allTrees	-277.12807439
distanceMatrixLev_Laus::N+allTrees	-174.840000769
distanceMatrixLev_Hahn::N+allTrees	-233.468370787
distanceMatrixLev_achtzig::NUM+allTrees	-275.789995303
distanceMatrixLev_Fluss::N+allTrees	-292.523667162
distanceMatrixLev_Besen::N+allTrees	-299.055395256
distanceMatrixLev_hell::A+allTrees	-286.127825525
distanceMatrixLev_was::FPRN+allTrees	-186.587143208
distanceMatrixLev_nähen::V+allTrees	-225.166991461
distanceMatrixLev_Rücken::N+allTrees	-272.67907638
distanceMatrixLev_leben::V+allTrees	-201.288015989
distanceMatrixLev_Platz::N+allTrees	-253.574233595
distanceMatrixLev_Krähe::N+allTrees	-175.311740256
distanceMatrixLev_fünfzig::NUM+allTrees	-255.633530562
distanceMatrixLev_Märchen::N+allTrees	-312.544869014
distanceMatrixLev_Donnerstag::N+allTrees	-227.635044148
distanceMatrixLev_braten::V+allTrees	-234.084917599
distanceMatrixLev_sicherholen::V+allTrees	-350.5886178
distanceMatrixLev_Tor::N+allTrees	-246.306601839
distanceMatrixLev_Strich::N+allTrees	-269.576667029
distanceMatrixLev_brausen::V+allTrees	-290.440440141
distanceMatrixLev_sausen::V+allTrees	-341.602560561
distanceMatrixLev_Fehler::N+allTrees	-288.959532444
distanceMatrixLev_Meister::N+allTrees	-205.675207225
distanceMatrixLev_schwer::A+allTrees	-296.540694559
distanceMatrixLev_nehmen::V+allTrees	-178.280556335
distanceMatrixLev_bleiben::V+allTrees	-223.405953491
distanceMatrixLev_dumm::A+allTrees	-302.725551201
distanceMatrixLev_heben::V+allTrees	-262.613269774
distanceMatrixLev_Weg::N+allTrees	-224.548689932
distanceMatrixLev_Nahrung::N+allTrees	-330.78362765
distanceMatrixLev_funkeln::V+allTrees	-386.795384224
distanceMatrixLev_Fliege::N+allTrees	-233.813474103
distanceMatrixLev_lang::A+allTrees	-211.832688288
distanceMatrixLev_Schmerz::N+allTrees	-279.636762277
distanceMatrixLev_Birke::N+allTrees	-265.32818787
distanceMatrixLev_Beutel::N+allTrees	-227.947466491
distanceMatrixLev_Reihe::N+allTrees	-222.767496982
distanceMatrixLev_Lippe::N+allTrees	-275.857848282
distanceMatrixLev_dritter::A+allTrees	-251.74128138
distanceMatrixLev_heiß::A+allTrees	-272.125897281
distanceMatrixLev_kaum::ADV+allTrees	-323.476207348
distanceMatrixLev_gestern::ADV+allTrees	-313.011733743
distanceMatrixLev_kranksein::V+allTrees	-347.812067329
distanceMatrixLev_weich::A+allTrees	-270.203907397
distanceMatrixLev_schneiden::V+allTrees	-281.304331055
distanceMatrixLev_reichen::V+allTrees	-194.816786337
distanceMatrixLev_Fett::N+allTrees	-255.828423467
distanceMatrixLev_können::V+allTrees	-214.100375399
distanceMatrixLev_Regal::N+allTrees	-260.366596989
distanceMatrixLev_passieren::V+allTrees	-237.949370874
distanceMatrixLev_reifen::V+allTrees	-238.067753175
distanceMatrixLev_Wald::N+allTrees	-250.878397555
distanceMatrixLev_Vogel::N+allTrees	-251.295503863
distanceMatrixLev_Schritt::N+allTrees	-247.400601522
distanceMatrixLev_hart::A+allTrees	-255.995304913
distanceMatrixLev_verbessern::V+allTrees	-320.480687122
distanceMatrixLev_Geschirr::N+allTrees	-315.441140681
distanceMatrixLev_süß::A+allTrees	-263.895918907
distanceMatrixLev_hineingehen::V+allTrees	-245.51734798
distanceMatrixLev_Quelle::N+allTrees	-302.927885565
distanceMatrixLev_lustig::A+allTrees	-327.662947051
distanceMatrixLev_Schale::N+allTrees	-234.788412713
distanceMatrixLev_Freude::N+allTrees	-305.993401535
distanceMatrixLev_Stern::N+allTrees	-263.666459755
distanceMatrixLev_kaufen::V+allTrees	-215.352043323
distanceMatrixLev_erkennen::V+allTrees	-213.265681095
distanceMatrixLev_KieferBaum::N+allTrees	-234.775442912
distanceMatrixLev_stehen::V+allTrees	-219.944872341
distanceMatrixLev_neu::A+allTrees	-223.494892098
distanceMatrixLev_Krankheit::N+allTrees	-334.896617884
distanceMatrixLev_Ware::N+allTrees	-238.754402195
