distanceMatrixNW_bellen::V+allTrees	-279.146659366
distanceMatrixNW_beißen::V+allTrees	-188.758298481
distanceMatrixNW_schwanken::V+allTrees	-329.96155729
distanceMatrixNW_einwickeln::V+allTrees	-305.578092922
distanceMatrixNW_fliehen::V+allTrees	-238.79244146
distanceMatrixNW_Gesellschaft::N+allTrees	-198.878461588
distanceMatrixNW_reich::A+allTrees	-262.166514445
distanceMatrixNW_spazierengehen::V+allTrees	-331.60158523
distanceMatrixNW_Sommer::N+allTrees	-207.483255895
distanceMatrixNW_Wolle::N+allTrees	-192.922417838
distanceMatrixNW_blasen::V+allTrees	-145.052375055
distanceMatrixNW_Bild::N+allTrees	-234.150873784
distanceMatrixNW_erzählen::V+allTrees	-302.711452037
distanceMatrixNW_Dienstag::N+allTrees	-249.224345554
distanceMatrixNW_Speise::N+allTrees	-250.324279856
distanceMatrixNW_zählen::V+allTrees	-240.992824757
distanceMatrixNW_küssen::V+allTrees	-266.907762015
distanceMatrixNW_Frau::N+allTrees	-213.084444376
distanceMatrixNW_Land::N+allTrees	-197.23119521
distanceMatrixNW_hacken::V+allTrees	-214.831432001
distanceMatrixNW_werden::V+allTrees	-180.639511858
distanceMatrixNW_Suppe::N+allTrees	-283.255800461
distanceMatrixNW_blind::A+allTrees	-250.241430865
distanceMatrixNW_nicht::ADV+allTrees	-166.779187587
distanceMatrixNW_reiben::V+allTrees	-192.783955322
distanceMatrixNW_Nahrung::N+allTrees	-267.195216645
distanceMatrixNW_Ehefrau::N+allTrees	-288.106350646
distanceMatrixNW_noch::ADV+allTrees	-138.793372708
distanceMatrixNW_Gold::N+allTrees	-164.275887855
distanceMatrixNW_Frost::N+allTrees	-289.654566945
distanceMatrixNW_WeideBaum::N+allTrees	-200.965313752
distanceMatrixNW_belästigen::V+allTrees	-318.920212786
distanceMatrixNW_Luft::N+allTrees	-244.18728566
distanceMatrixNW_riechen::V+allTrees	-336.373727604
distanceMatrixNW_Entfernung::N+allTrees	-235.894400903
distanceMatrixNW_Schmutz::N+allTrees	-155.746121592
distanceMatrixNW_Stück::N+allTrees	-111.779624151
distanceMatrixNW_Laden::N+allTrees	-179.0868634
distanceMatrixNW_Hund::N+allTrees	-159.560075517
distanceMatrixNW_zunehmen::V+allTrees	-266.861166308
distanceMatrixNW_stellen::V+allTrees	-259.19405499
distanceMatrixNW_Ohr::N+allTrees	-170.424298829
distanceMatrixNW_können::V+allTrees	-198.206016947
distanceMatrixNW_frisch::A+allTrees	-191.442416936
distanceMatrixNW_nah::A+allTrees	-255.491675533
distanceMatrixNW_neun::NUM+allTrees	-222.951671765
distanceMatrixNW_Moor::N+allTrees	-285.815916685
distanceMatrixNW_vierzig::NUM+allTrees	-169.038215002
distanceMatrixNW_treiben::V+allTrees	-244.496630352
distanceMatrixNW_Rede::N+allTrees	-261.187412055
distanceMatrixNW_SchlangeTier::N+allTrees	-166.738318561
distanceMatrixNW_Wiese::N+allTrees	-180.640862712
distanceMatrixNW_ehemalig::A+allTrees	-266.801895853
distanceMatrixNW_verstecken::V+allTrees	-275.919991918
distanceMatrixNW_spielen::V+allTrees	-290.448369837
distanceMatrixNW_weinen::V+allTrees	-190.516381403
distanceMatrixNW_heben::V+allTrees	-259.63342783
distanceMatrixNW_Buchstabe::N+allTrees	-283.786536418
distanceMatrixNW_zudecken::V+allTrees	-214.100556962
distanceMatrixNW_Handfläche::N+allTrees	-226.63139451
distanceMatrixNW_schlafen::V+allTrees	-247.952107898
distanceMatrixNW_Geschmack::N+allTrees	-176.535685073
distanceMatrixNW_dünn::A+allTrees	-226.995480268
distanceMatrixNW_Preis::N+allTrees	-163.327924397
distanceMatrixNW_Band::N+allTrees	-228.17793278
distanceMatrixNW_zwei::NUM+allTrees	-157.366718598
distanceMatrixNW_Kissen::N+allTrees	-190.049925542
distanceMatrixNW_atmen::V+allTrees	-235.363972294
distanceMatrixNW_Griff::N+allTrees	-142.244168748
distanceMatrixNW_Februar::N+allTrees	-359.959321755
distanceMatrixNW_hinab::ADV+allTrees	-229.210769221
distanceMatrixNW_Stab::N+allTrees	-182.407933742
distanceMatrixNW_Schatten::N+allTrees	-153.033630866
distanceMatrixNW_Schuld::N+allTrees	-197.298841799
distanceMatrixNW_schreiben::V+allTrees	-257.577160897
distanceMatrixNW_Lehrer::N+allTrees	-269.807430052
distanceMatrixNW_Tochter::N+allTrees	-205.54079691
distanceMatrixNW_schleppen::V+allTrees	-281.17567657
distanceMatrixNW_wohin::FADV+allTrees	-159.236674273
distanceMatrixNW_letzter::A+allTrees	-232.006646891
distanceMatrixNW_Schaufel::N+allTrees	-208.693656428
distanceMatrixNW_Ruhe::N+allTrees	-274.91212111
distanceMatrixNW_aufgehenSonne::V+allTrees	-348.880822384
distanceMatrixNW_Kamerad::N+allTrees	-284.955796005
distanceMatrixNW_Angelegenheit::N+allTrees	-162.536984477
distanceMatrixNW_Tasse::N+allTrees	-194.496076429
distanceMatrixNW_dritter::A+allTrees	-247.323307678
distanceMatrixNW_geschickt::A+allTrees	-283.476302379
distanceMatrixNW_hängen::V+allTrees	-349.588742952
distanceMatrixNW_wegen::PRP+allTrees	-172.696744839
distanceMatrixNW_Familie::N+allTrees	-218.624316131
distanceMatrixNW_kriechen::V+allTrees	-286.373469634
distanceMatrixNW_Ruf::N+allTrees	-163.453700651
distanceMatrixNW_Stuhl::N+allTrees	-303.67277095
distanceMatrixNW_Hose::N+allTrees	-194.107201103
distanceMatrixNW_fassen::V+allTrees	-216.639904693
distanceMatrixNW_Geschirr::N+allTrees	-281.09505683
distanceMatrixNW_Elch::N+allTrees	-248.451869042
distanceMatrixNW_schwer::A+allTrees	-280.233917765
distanceMatrixNW_Arbeiter::N+allTrees	-260.734804454
distanceMatrixNW_Wolke::N+allTrees	-204.419535752
distanceMatrixNW_zurückkommen::V+allTrees	-298.990456763
distanceMatrixNW_sichdrehen::V+allTrees	-300.004337598
distanceMatrixNW_Essen::N+allTrees	-284.317651096
distanceMatrixNW_hinter::PRP+allTrees	-244.367070856
distanceMatrixNW_Ecke::N+allTrees	-151.099098381
distanceMatrixNW_heulen::V+allTrees	-174.051302379
distanceMatrixNW_schwach::A+allTrees	-242.031565628
distanceMatrixNW_schlimm::A+allTrees	-297.738394235
distanceMatrixNW_Netz::N+allTrees	-213.231697184
distanceMatrixNW_hell::A+allTrees	-212.622490124
distanceMatrixNW_hinzufügen::V+allTrees	-330.895306479
distanceMatrixNW_Zweig::N+allTrees	-208.748452071
distanceMatrixNW_husten::V+allTrees	-266.86717395
distanceMatrixNW_Flügel::N+allTrees	-194.071644798
distanceMatrixNW_abfahren::V+allTrees	-343.390963035
distanceMatrixNW_wo::FADV+allTrees	-113.308194819
distanceMatrixNW_Ellenbogen::N+allTrees	-258.177743689
distanceMatrixNW_wie::FADV+allTrees	-199.784579584
distanceMatrixNW_Schwarm::N+allTrees	-218.963005352
distanceMatrixNW_Schwanz::N+allTrees	-186.568549506
distanceMatrixNW_Feder::N+allTrees	-151.556044502
distanceMatrixNW_erhalten::V+allTrees	-255.688337449
distanceMatrixNW_Ton::N+allTrees	-286.024736848
distanceMatrixNW_Sehne::N+allTrees	-199.138661972
distanceMatrixNW_Freund::N+allTrees	-199.178944117
distanceMatrixNW_sichsetzen::V+allTrees	-206.68507225
distanceMatrixNW_gelingen::V+allTrees	-272.722930919
distanceMatrixNW_Katze::N+allTrees	-137.316965651
distanceMatrixNW_schicken::V+allTrees	-263.570133874
distanceMatrixNW_wieviel::FNUM+allTrees	-207.574993929
distanceMatrixNW_Gesundheit::N+allTrees	-215.864490481
distanceMatrixNW_leiten::V+allTrees	-239.486331466
distanceMatrixNW_Glas::N+allTrees	-285.899939969
distanceMatrixNW_Hemd::N+allTrees	-250.236011898
distanceMatrixNW_acht::NUM+allTrees	-258.139429143
distanceMatrixNW_zittern::V+allTrees	-204.249112557
distanceMatrixNW_Wunsch::N+allTrees	-248.342605049
distanceMatrixNW_Kummer::N+allTrees	-218.487324463
distanceMatrixNW_fahren::V+allTrees	-255.96854607
distanceMatrixNW_fünfzig::NUM+allTrees	-231.035386421
distanceMatrixNW_Butter::N+allTrees	-198.315290349
distanceMatrixNW_Gang::N+allTrees	-250.639806012
distanceMatrixNW_schlank::A+allTrees	-345.825001737
distanceMatrixNW_nähen::V+allTrees	-195.612835144
distanceMatrixNW_verbrennen::V+allTrees	-261.850924679
distanceMatrixNW_Name::N+allTrees	-244.099209718
distanceMatrixNW_Huhn::N+allTrees	-163.068220218
distanceMatrixNW_Leiter::N+allTrees	-214.348273296
distanceMatrixNW_fliegen::V+allTrees	-224.775959862
distanceMatrixNW_bitten::V+allTrees	-245.549300047
distanceMatrixNW_heute::ADV+allTrees	-232.290176562
distanceMatrixNW_Ende::N+allTrees	-234.069142872
distanceMatrixNW_vonhier::ADV+allTrees	-224.092556125
distanceMatrixNW_gießen::V+allTrees	-231.750291532
distanceMatrixNW_verschwinden::V+allTrees	-253.13800576
distanceMatrixNW_kratzen::V+allTrees	-192.336813129
distanceMatrixNW_machen::V+allTrees	-193.048753448
distanceMatrixNW_loben::V+allTrees	-249.287446486
distanceMatrixNW_steigen::V+allTrees	-262.732797386
distanceMatrixNW_Platz::N+allTrees	-188.205463514
distanceMatrixNW_lassen::V+allTrees	-263.090086536
distanceMatrixNW_sicherholen::V+allTrees	-360.676017437
distanceMatrixNW_Sinn::N+allTrees	-167.566331183
distanceMatrixNW_einwenig::ADV+allTrees	-187.786794848
distanceMatrixNW_Hals::N+allTrees	-194.022731418
distanceMatrixNW_Mittag::N+allTrees	-303.601717913
distanceMatrixNW_verlieren::V+allTrees	-242.88386196
distanceMatrixNW_Deckel::N+allTrees	-212.24564256
distanceMatrixNW_Mensch::N+allTrees	-167.624878741
distanceMatrixNW_Lagerfeuer::N+allTrees	-282.298825212
distanceMatrixNW_Haus::N+allTrees	-173.520878608
distanceMatrixNW_Stärke::N+allTrees	-230.742539471
distanceMatrixNW_ihr::PRN+allTrees	-177.709060648
distanceMatrixNW_Arbeit::N+allTrees	-191.893078682
distanceMatrixNW_kalt::A+allTrees	-254.259119363
distanceMatrixNW_Sand::N+allTrees	-198.986566632
distanceMatrixNW_Woche::N+allTrees	-237.822522072
distanceMatrixNW_Neuigkeit::N+allTrees	-204.700644717
distanceMatrixNW_Tag::N+allTrees	-183.221057473
distanceMatrixNW_Spitze::N+allTrees	-166.874891475
distanceMatrixNW_wohnen::V+allTrees	-280.527022488
distanceMatrixNW_verbergen::V+allTrees	-261.7139217
distanceMatrixNW_Krieg::N+allTrees	-224.986702052
distanceMatrixNW_zurück::ADV+allTrees	-246.564773037
distanceMatrixNW_Raureif::N+allTrees	-240.47400955
distanceMatrixNW_Laut::N+allTrees	-161.442191242
distanceMatrixNW_Hand::N+allTrees	-196.347691186
distanceMatrixNW_Chef::N+allTrees	-243.14141328
distanceMatrixNW_kurz::A+allTrees	-195.210468756
distanceMatrixNW_vorbereiten::V+allTrees	-218.659814376
distanceMatrixNW_Genick::N+allTrees	-239.593033489
distanceMatrixNW_Tropfen::N+allTrees	-196.132045521
distanceMatrixNW_ertragen::V+allTrees	-191.323277203
distanceMatrixNW_Staat::N+allTrees	-237.393378663
distanceMatrixNW_trocken::A+allTrees	-184.683976808
distanceMatrixNW_Brief::N+allTrees	-164.057795124
distanceMatrixNW_fürchten::V+allTrees	-207.332303712
distanceMatrixNW_Mai::N+allTrees	-390.540426412
distanceMatrixNW_Geschenk::N+allTrees	-199.417160572
distanceMatrixNW_Lehm::N+allTrees	-210.995356711
distanceMatrixNW_wieder::ADV+allTrees	-148.297099563
distanceMatrixNW_pfeifen::V+allTrees	-244.173722188
distanceMatrixNW_vergehen::V+allTrees	-242.907567498
distanceMatrixNW_Ehemann::N+allTrees	-178.885601182
distanceMatrixNW_Großmutter::N+allTrees	-171.350390729
distanceMatrixNW_warten::V+allTrees	-244.199316696
distanceMatrixNW_Freude::N+allTrees	-207.721686455
distanceMatrixNW_Farbe::N+allTrees	-175.160856619
distanceMatrixNW_blau::A+allTrees	-191.153291914
distanceMatrixNW_dumm::A+allTrees	-207.730596261
distanceMatrixNW_sieben::NUM+allTrees	-149.821214306
distanceMatrixNW_geborenwerden::V+allTrees	-244.040843524
distanceMatrixNW_hüten::V+allTrees	-279.849303398
distanceMatrixNW_Sonntag::N+allTrees	-241.632813343
distanceMatrixNW_verlassen::V+allTrees	-258.774824384
distanceMatrixNW_Schaum::N+allTrees	-206.744402844
distanceMatrixNW_Sohn::N+allTrees	-222.949445321
distanceMatrixNW_Bauch::N+allTrees	-143.944649347
distanceMatrixNW_Alter::N+allTrees	-220.303638868
distanceMatrixNW_Zeit::N+allTrees	-103.831047857
distanceMatrixNW_führen::V+allTrees	-312.787494242
distanceMatrixNW_vor::PRP+allTrees	-222.966417335
distanceMatrixNW_Schwein::N+allTrees	-156.46399366
distanceMatrixNW_dies::PRN+allTrees	-68.1859637914
distanceMatrixNW_Größe::N+allTrees	-236.923556367
distanceMatrixNW_Knopf::N+allTrees	-183.380376371
distanceMatrixNW_Frühling::N+allTrees	-185.013271666
distanceMatrixNW_Kessel::N+allTrees	-186.602994354
distanceMatrixNW_hungrig::A+allTrees	-255.56393456
distanceMatrixNW_hundert::NUM+allTrees	-195.385804689
distanceMatrixNW_tauen::V+allTrees	-292.051672502
distanceMatrixNW_bedecken::V+allTrees	-241.193257423
distanceMatrixNW_bewahren::V+allTrees	-239.185147658
distanceMatrixNW_Spinne::N+allTrees	-298.563186958
distanceMatrixNW_Art::N+allTrees	-203.416776844
distanceMatrixNW_schleifen::V+allTrees	-229.038001579
distanceMatrixNW_Fluss::N+allTrees	-173.945950969
distanceMatrixNW_lustig::A+allTrees	-289.878441078
distanceMatrixNW_aufbewahren::V+allTrees	-273.371348028
distanceMatrixNW_zeigen::V+allTrees	-286.479593728
distanceMatrixNW_erkennen::V+allTrees	-225.499750727
distanceMatrixNW_so::ADV+allTrees	-138.340080071
distanceMatrixNW_Haut::N+allTrees	-183.457486558
distanceMatrixNW_Oktober::N+allTrees	-471.287446065
distanceMatrixNW_achtzig::NUM+allTrees	-282.000408327
distanceMatrixNW_lecker::A+allTrees	-202.62331456
distanceMatrixNW_verschieden::A+allTrees	-279.563815049
distanceMatrixNW_Insel::N+allTrees	-154.485300216
distanceMatrixNW_Topf::N+allTrees	-178.369343887
distanceMatrixNW_nass::A+allTrees	-303.248225578
distanceMatrixNW_Hunger::N+allTrees	-230.676982974
distanceMatrixNW_Mädchen::N+allTrees	-278.748329528
distanceMatrixNW_Schwester::N+allTrees	-163.844010292
distanceMatrixNW_Licht::N+allTrees	-201.703786458
distanceMatrixNW_sagen::V+allTrees	-212.394218076
distanceMatrixNW_treten::V+allTrees	-258.253640277
distanceMatrixNW_klingen::V+allTrees	-279.353779997
distanceMatrixNW_Kopf::N+allTrees	-155.279185367
distanceMatrixNW_kehren::V+allTrees	-331.980268102
distanceMatrixNW_beenden::V+allTrees	-281.412717736
distanceMatrixNW_Hitze::N+allTrees	-209.596516041
distanceMatrixNW_Meister::N+allTrees	-382.68140455
distanceMatrixNW_werfen::V+allTrees	-246.057739957
distanceMatrixNW_feucht::A+allTrees	-291.247034187
distanceMatrixNW_Feind::N+allTrees	-226.178044295
distanceMatrixNW_sinken::V+allTrees	-278.04413805
distanceMatrixNW_zwölf::NUM+allTrees	-274.821153195
distanceMatrixNW_rühren::V+allTrees	-322.353948376
distanceMatrixNW_wer::FPRN+allTrees	-192.696187052
distanceMatrixNW_schieben::V+allTrees	-310.429046539
distanceMatrixNW_Winter::N+allTrees	-213.948572828
distanceMatrixNW_Krankheit::N+allTrees	-234.448843026
distanceMatrixNW_Anhöhe::N+allTrees	-207.645119068
distanceMatrixNW_Ofen::N+allTrees	-234.814616369
distanceMatrixNW_einst::ADV+allTrees	-270.84458541
distanceMatrixNW_reinigen::V+allTrees	-255.461720009
distanceMatrixNW_tanzen::V+allTrees	-260.272686405
distanceMatrixNW_geizig::A+allTrees	-238.022048963
distanceMatrixNW_abwischen::V+allTrees	-343.247047767
distanceMatrixNW_jagen::V+allTrees	-273.971495635
distanceMatrixNW_Kuh::N+allTrees	-175.661199065
distanceMatrixNW_Messer::N+allTrees	-158.910113926
distanceMatrixNW_Zunge::N+allTrees	-177.9383431
distanceMatrixNW_fischen::V+allTrees	-232.715505979
distanceMatrixNW_Gespräch::N+allTrees	-259.977991731
distanceMatrixNW_hauen::V+allTrees	-215.583070396
distanceMatrixNW_Loch::N+allTrees	-149.063040115
distanceMatrixNW_schmutzig::A+allTrees	-243.865353255
distanceMatrixNW_Schlaf::N+allTrees	-161.80986452
distanceMatrixNW_abnehmen::V+allTrees	-260.38184742
distanceMatrixNW_Verstand::N+allTrees	-178.448086415
distanceMatrixNW_Grab::N+allTrees	-168.617373175
distanceMatrixNW_wünschen::V+allTrees	-303.618386747
distanceMatrixNW_lebendig::A+allTrees	-197.107532456
distanceMatrixNW_Leute::N+allTrees	-265.099787118
distanceMatrixNW_Last::N+allTrees	-162.61772578
distanceMatrixNW_umrühren::V+allTrees	-293.478846797
distanceMatrixNW_kaufen::V+allTrees	-248.278298928
distanceMatrixNW_Geist::N+allTrees	-155.410802873
distanceMatrixNW_braten::V+allTrees	-191.572655762
distanceMatrixNW_KieferBaum::N+allTrees	-168.871485729
distanceMatrixNW_fangen::V+allTrees	-228.021642356
distanceMatrixNW_linker::A+allTrees	-241.598741646
distanceMatrixNW_Osten::N+allTrees	-269.457064584
distanceMatrixNW_Zahn::N+allTrees	-193.193556421
distanceMatrixNW_sanft::A+allTrees	-256.626817305
distanceMatrixNW_Norden::N+allTrees	-259.396914176
distanceMatrixNW_schmelzen::V+allTrees	-244.507152414
distanceMatrixNW_schlucken::V+allTrees	-246.650697601
distanceMatrixNW_versprechen::V+allTrees	-276.894071704
distanceMatrixNW_taub::A+allTrees	-239.719677646
distanceMatrixNW_Ader::N+allTrees	-199.815127651
distanceMatrixNW_rund::A+allTrees	-206.673587582
distanceMatrixNW_Hügel::N+allTrees	-141.992750599
distanceMatrixNW_trocknen::V+allTrees	-251.549827146
distanceMatrixNW_Vater::N+allTrees	-91.461507932
distanceMatrixNW_bemerken::V+allTrees	-320.383530379
distanceMatrixNW_liegen::V+allTrees	-304.686611961
distanceMatrixNW_Bett::N+allTrees	-244.672156379
distanceMatrixNW_das::PRN+allTrees	-117.11520056
distanceMatrixNW_Süden::N+allTrees	-236.520188485
distanceMatrixNW_Bein::N+allTrees	-131.973449348
distanceMatrixNW_zahlen::V+allTrees	-280.007480806
distanceMatrixNW_Mitte::N+allTrees	-168.807807283
distanceMatrixNW_ändern::V+allTrees	-265.11448132
distanceMatrixNW_fleißig::A+allTrees	-289.936875918
distanceMatrixNW_schreiten::V+allTrees	-311.275538891
distanceMatrixNW_aufhängen::V+allTrees	-266.553446636
distanceMatrixNW_Dezember::N+allTrees	-408.093914831
distanceMatrixNW_niemals::ADV+allTrees	-273.115727734
distanceMatrixNW_trinken::V+allTrees	-204.688639317
distanceMatrixNW_Fleisch::N+allTrees	-173.059738542
distanceMatrixNW_stoßen::V+allTrees	-272.495156242
distanceMatrixNW_Tor::N+allTrees	-184.992899863
distanceMatrixNW_fremd::A+allTrees	-248.992044695
distanceMatrixNW_Wiege::N+allTrees	-168.118404063
distanceMatrixNW_Dach::N+allTrees	-205.244971854
distanceMatrixNW_zerstören::V+allTrees	-306.636942607
distanceMatrixNW_leer::A+allTrees	-230.138278608
distanceMatrixNW_Macht::N+allTrees	-236.124368014
distanceMatrixNW_bitter::A+allTrees	-174.097923634
distanceMatrixNW_Stein::N+allTrees	-208.450343131
distanceMatrixNW_Weg::N+allTrees	-162.530607912
distanceMatrixNW_Monat::N+allTrees	-163.479744075
distanceMatrixNW_Großvater::N+allTrees	-210.611665406
distanceMatrixNW_gut::A+allTrees	-165.213094737
distanceMatrixNW_schwingen::V+allTrees	-297.746284501
distanceMatrixNW_umdrehen::V+allTrees	-307.857236193
distanceMatrixNW_schmücken::V+allTrees	-295.392140415
distanceMatrixNW_Bulle::N+allTrees	-179.382322887
distanceMatrixNW_brechen::V+allTrees	-256.910898683
distanceMatrixNW_lange::ADV+allTrees	-212.101835042
distanceMatrixNW_tun::V+allTrees	-202.814719951
distanceMatrixNW_lieben::V+allTrees	-269.849243914
distanceMatrixNW_lehren::V+allTrees	-278.498128133
distanceMatrixNW_Lärm::N+allTrees	-267.4554295
distanceMatrixNW_gestern::ADV+allTrees	-287.119509438
distanceMatrixNW_Ärmel::N+allTrees	-220.501939613
distanceMatrixNW_Tier::N+allTrees	-229.558527805
distanceMatrixNW_reden::V+allTrees	-354.603641847
distanceMatrixNW_Straße::N+allTrees	-178.770254019
distanceMatrixNW_sauber::A+allTrees	-233.469843777
distanceMatrixNW_Gewalt::N+allTrees	-207.22272094
distanceMatrixNW_klingeln::V+allTrees	-326.203769301
distanceMatrixNW_sechs::NUM+allTrees	-207.634965821
distanceMatrixNW_Grund::N+allTrees	-165.810476303
distanceMatrixNW_richtig::A+allTrees	-208.41431027
distanceMatrixNW_Gegend::N+allTrees	-181.03491683
distanceMatrixNW_Spaten::N+allTrees	-174.14628526
distanceMatrixNW_Hahn::N+allTrees	-165.39156197
distanceMatrixNW_geben::V+allTrees	-158.365447833
distanceMatrixNW_Fingernagel::N+allTrees	-204.647223188
distanceMatrixNW_Löffel::N+allTrees	-180.144711391
distanceMatrixNW_plötzlich::ADV+allTrees	-319.011560941
distanceMatrixNW_Donnerstag::N+allTrees	-246.081145851
distanceMatrixNW_März::N+allTrees	-394.612329824
distanceMatrixNW_Sonne::N+allTrees	-190.150532933
distanceMatrixNW_spitz::A+allTrees	-220.802401975
distanceMatrixNW_zwanzig::NUM+allTrees	-221.571163565
distanceMatrixNW_Knochen::N+allTrees	-223.57731577
distanceMatrixNW_Bach::N+allTrees	-252.3250938
distanceMatrixNW_Asche::N+allTrees	-206.851983209
distanceMatrixNW_ergreifen::V+allTrees	-315.52655597
distanceMatrixNW_Fliege::N+allTrees	-215.041401549
distanceMatrixNW_süß::A+allTrees	-264.265055851
distanceMatrixNW_bleiben::V+allTrees	-233.664808545
distanceMatrixNW_Herz::N+allTrees	-122.230773147
distanceMatrixNW_alles::PRN+allTrees	-200.475572289
distanceMatrixNW_Fuchs::N+allTrees	-256.810736391
distanceMatrixNW_hübsch::A+allTrees	-299.612483132
distanceMatrixNW_mitteilen::V+allTrees	-260.604244562
distanceMatrixNW_sterben::V+allTrees	-163.938003238
distanceMatrixNW_Ort::N+allTrees	-108.612838355
distanceMatrixNW_zusammen::ADV+allTrees	-202.253047727
distanceMatrixNW_NagelAnatomie::N+allTrees	-167.011944367
distanceMatrixNW_müdewerden::V+allTrees	-335.857045772
distanceMatrixNW_Sünde::N+allTrees	-159.030030607
distanceMatrixNW_zerreißen::V+allTrees	-310.940307921
distanceMatrixNW_rufen::V+allTrees	-254.295026124
distanceMatrixNW_altLebewesen::A+allTrees	-222.304459573
distanceMatrixNW_Nacht::N+allTrees	-147.349161535
distanceMatrixNW_antreiben::V+allTrees	-319.349542722
distanceMatrixNW_Haar::N+allTrees	-193.51551515
distanceMatrixNW_fett::A+allTrees	-252.283932342
distanceMatrixNW_Schale::N+allTrees	-181.973302987
distanceMatrixNW_Lüge::N+allTrees	-221.252991095
distanceMatrixNW_Kraft::N+allTrees	-125.453222394
distanceMatrixNW_Herde::N+allTrees	-219.960847316
distanceMatrixNW_drei::NUM+allTrees	-258.273979816
distanceMatrixNW_stark::A+allTrees	-209.447737625
distanceMatrixNW_dann::ADV+allTrees	-128.394717427
distanceMatrixNW_zerbrechen::V+allTrees	-281.942335079
distanceMatrixNW_Morgen::N+allTrees	-231.411388405
distanceMatrixNW_Eis::N+allTrees	-151.491913252
distanceMatrixNW_läuten::V+allTrees	-244.720286165
distanceMatrixNW_Vogel::N+allTrees	-184.3895609
distanceMatrixNW_Mann::N+allTrees	-157.387243914
distanceMatrixNW_ziehen::V+allTrees	-191.711264103
distanceMatrixNW_schimpfen::V+allTrees	-343.779214975
distanceMatrixNW_Salz::N+allTrees	-280.199088029
distanceMatrixNW_rudern::V+allTrees	-269.82978524
distanceMatrixNW_Stiefel::N+allTrees	-178.397660208
distanceMatrixNW_bekommen::V+allTrees	-251.884532979
distanceMatrixNW_weich::A+allTrees	-232.270996083
distanceMatrixNW_sprechen::V+allTrees	-284.258889189
distanceMatrixNW_Dorf::N+allTrees	-186.22151487
distanceMatrixNW_schütten::V+allTrees	-229.682222108
distanceMatrixNW_klirren::V+allTrees	-242.573464176
distanceMatrixNW_Mutter::N+allTrees	-98.4526188778
distanceMatrixNW_schütteln::V+allTrees	-283.966371778
distanceMatrixNW_Eisen::N+allTrees	-204.158618467
distanceMatrixNW_sitzen::V+allTrees	-265.790148056
distanceMatrixNW_Oberschenkel::N+allTrees	-220.084454804
distanceMatrixNW_teuer::A+allTrees	-218.01522219
distanceMatrixNW_Geschäft::N+allTrees	-231.069919442
distanceMatrixNW_Nachricht::N+allTrees	-248.136203628
distanceMatrixNW_Reichtum::N+allTrees	-243.707630727
distanceMatrixNW_Nagel::N+allTrees	-209.054088039
distanceMatrixNW_Gott::N+allTrees	-158.237964016
distanceMatrixNW_Gewicht::N+allTrees	-210.390715761
distanceMatrixNW_Fehler::N+allTrees	-186.136214875
distanceMatrixNW_Krähe::N+allTrees	-108.801800245
distanceMatrixNW_Zeh::N+allTrees	-272.019177803
distanceMatrixNW_dreißig::NUM+allTrees	-208.92093719
distanceMatrixNW_Schluss::N+allTrees	-225.688779214
distanceMatrixNW_sicherheben::V+allTrees	-275.374948652
distanceMatrixNW_Schaf::N+allTrees	-212.309614007
distanceMatrixNW_Leine::N+allTrees	-233.220114467
distanceMatrixNW_ausziehen::V+allTrees	-374.046598262
distanceMatrixNW_suchen::V+allTrees	-258.015245186
distanceMatrixNW_oder::CNJ+allTrees	-145.910023711
distanceMatrixNW_gelb::A+allTrees	-238.168559771
distanceMatrixNW_Regal::N+allTrees	-193.391758465
distanceMatrixNW_Ware::N+allTrees	-295.534373361
distanceMatrixNW_August::N+allTrees	-404.895002301
distanceMatrixNW_Pferd::N+allTrees	-127.944813134
distanceMatrixNW_Haufen::N+allTrees	-177.166938397
distanceMatrixNW_beschädigen::V+allTrees	-319.691187816
distanceMatrixNW_Tee::N+allTrees	-364.315005491
distanceMatrixNW_essen::V+allTrees	-209.154024622
distanceMatrixNW_aufheben::V+allTrees	-274.771154528
distanceMatrixNW_Heim::N+allTrees	-197.498522787
distanceMatrixNW_Blut::N+allTrees	-179.753546886
distanceMatrixNW_Gras::N+allTrees	-203.569417861
distanceMatrixNW_danach::ADV+allTrees	-209.104267332
distanceMatrixNW_Brücke::N+allTrees	-207.372560074
distanceMatrixNW_Berg::N+allTrees	-148.959017283
distanceMatrixNW_sichunterhalten::V+allTrees	-345.782549771
distanceMatrixNW_fließen::V+allTrees	-224.874709104
distanceMatrixNW_sichbeeilen::V+allTrees	-354.337680655
distanceMatrixNW_scheinenSonne::V+allTrees	-299.497797593
distanceMatrixNW_aufstehen::V+allTrees	-280.20370346
distanceMatrixNW_schreien::V+allTrees	-259.54647658
distanceMatrixNW_Stange::N+allTrees	-188.939682932
distanceMatrixNW_roh::A+allTrees	-188.386147863
distanceMatrixNW_arm::A+allTrees	-220.061963764
distanceMatrixNW_schließen::V+allTrees	-256.376773747
distanceMatrixNW_glatt::A+allTrees	-215.345468503
distanceMatrixNW_erwarten::V+allTrees	-236.438979108
distanceMatrixNW_geraten::V+allTrees	-272.999168551
distanceMatrixNW_Stoff::N+allTrees	-181.906682125
distanceMatrixNW_Tisch::N+allTrees	-215.17887537
distanceMatrixNW_strömen::V+allTrees	-304.02690667
distanceMatrixNW_Faden::N+allTrees	-176.945936013
distanceMatrixNW_heiß::A+allTrees	-207.656344051
distanceMatrixNW_sehr::ADV+allTrees	-145.532807706
distanceMatrixNW_erster::A+allTrees	-221.891155772
distanceMatrixNW_fallen::V+allTrees	-246.409101465
distanceMatrixNW_Bucht::N+allTrees	-167.744569749
distanceMatrixNW_Gipfel::N+allTrees	-170.375959654
distanceMatrixNW_rückwärts::ADV+allTrees	-274.644220195
distanceMatrixNW_verbessern::V+allTrees	-356.334494313
distanceMatrixNW_Zaun::N+allTrees	-177.676128785
distanceMatrixNW_wissen::V+allTrees	-235.298391172
distanceMatrixNW_sichschlagen::V+allTrees	-288.394110081
distanceMatrixNW_Reihe::N+allTrees	-175.457427334
distanceMatrixNW_wecken::V+allTrees	-308.795264819
distanceMatrixNW_Rätsel::N+allTrees	-278.063147277
distanceMatrixNW_Arm::N+allTrees	-179.177035835
distanceMatrixNW_hochheben::V+allTrees	-283.840815185
distanceMatrixNW_schwimmen::V+allTrees	-249.209713798
distanceMatrixNW_reißen::V+allTrees	-298.513340041
distanceMatrixNW_weiß::A+allTrees	-226.63370332
distanceMatrixNW_wahr::A+allTrees	-216.555860323
distanceMatrixNW_Schmerz::N+allTrees	-227.36414051
distanceMatrixNW_Decke::N+allTrees	-182.913720891
distanceMatrixNW_Erde::N+allTrees	-143.343958851
distanceMatrixNW_lärmen::V+allTrees	-345.220108791
distanceMatrixNW_Ski::N+allTrees	-249.046653589
distanceMatrixNW_Heu::N+allTrees	-233.203384731
distanceMatrixNW_malen::V+allTrees	-215.549447581
distanceMatrixNW_Nabel::N+allTrees	-193.261623394
distanceMatrixNW_fühlen::V+allTrees	-245.638636096
distanceMatrixNW_kühl::A+allTrees	-227.234518096
distanceMatrixNW_Stock::N+allTrees	-137.80005063
distanceMatrixNW_Juli::N+allTrees	-289.882089441
distanceMatrixNW_rennen::V+allTrees	-260.95332636
distanceMatrixNW_wählen::V+allTrees	-261.577198063
distanceMatrixNW_Atem::N+allTrees	-196.928507296
distanceMatrixNW_bezahlen::V+allTrees	-214.489704816
distanceMatrixNW_Sache::N+allTrees	-136.075327786
distanceMatrixNW_neu::A+allTrees	-180.576129199
distanceMatrixNW_färben::V+allTrees	-239.788357289
distanceMatrixNW_täuschen::V+allTrees	-300.043099386
distanceMatrixNW_Brust::N+allTrees	-198.113916293
distanceMatrixNW_berühmt::A+allTrees	-207.151182021
distanceMatrixNW_hierhin::ADV+allTrees	-177.190672783
distanceMatrixNW_Fell::N+allTrees	-146.949426877
distanceMatrixNW_fünf::NUM+allTrees	-167.642351379
distanceMatrixNW_Pfad::N+allTrees	-238.708677334
distanceMatrixNW_Buch::N+allTrees	-284.728221785
distanceMatrixNW_Grube::N+allTrees	-167.421769528
distanceMatrixNW_Lust::N+allTrees	-260.131388597
distanceMatrixNW_Stirn::N+allTrees	-237.708822897
distanceMatrixNW_Figur::N+allTrees	-343.490008945
distanceMatrixNW_groß::A+allTrees	-211.189967477
distanceMatrixNW_Gedanke::N+allTrees	-176.312275551
distanceMatrixNW_Höhle::N+allTrees	-204.950034316
distanceMatrixNW_besuchen::V+allTrees	-321.071420362
distanceMatrixNW_Montag::N+allTrees	-268.506081411
distanceMatrixNW_schaukeln::V+allTrees	-356.994287418
distanceMatrixNW_verderben::V+allTrees	-303.626270938
distanceMatrixNW_sichtrennen::V+allTrees	-345.249281376
distanceMatrixNW_Gans::N+allTrees	-172.930358707
distanceMatrixNW_Boot::N+allTrees	-120.466962159
distanceMatrixNW_Freitag::N+allTrees	-211.617868679
distanceMatrixNW_Blatt::N+allTrees	-199.358955529
distanceMatrixNW_Gelächter::N+allTrees	-208.213353912
distanceMatrixNW_prahlen::V+allTrees	-329.39774372
distanceMatrixNW_König::N+allTrees	-161.338412973
distanceMatrixNW_geradeaus::ADV+allTrees	-312.939353152
distanceMatrixNW_schlagen::V+allTrees	-235.504410167
distanceMatrixNW_klein::A+allTrees	-163.133986395
distanceMatrixNW_kommen::V+allTrees	-171.691567429
distanceMatrixNW_Fett::N+allTrees	-171.298703884
distanceMatrixNW_schmerzen::V+allTrees	-241.737779455
distanceMatrixNW_Ameise::N+allTrees	-227.643312224
distanceMatrixNW_Zeitung::N+allTrees	-338.305168253
distanceMatrixNW_Stütze::N+allTrees	-167.884525351
distanceMatrixNW_damals::ADV+allTrees	-213.632574489
distanceMatrixNW_Kuckuck::N+allTrees	-279.138681748
distanceMatrixNW_unterrichten::V+allTrees	-280.120062085
distanceMatrixNW_Mücke::N+allTrees	-206.461801437
distanceMatrixNW_aufeinmal::ADV+allTrees	-371.132486599
distanceMatrixNW_Gehirn::N+allTrees	-195.098747533
distanceMatrixNW_einladen::V+allTrees	-270.773027139
distanceMatrixNW_Rinde::N+allTrees	-204.828841625
distanceMatrixNW_Ente::N+allTrees	-179.321333793
distanceMatrixNW_bekannt::A+allTrees	-190.407605536
distanceMatrixNW_Riemen::N+allTrees	-235.492427428
distanceMatrixNW_Schnur::N+allTrees	-199.117774892
distanceMatrixNW_geschlossen::A+allTrees	-264.239536329
distanceMatrixNW_Sprache::N+allTrees	-188.326827291
distanceMatrixNW_Schloss::N+allTrees	-182.597915405
distanceMatrixNW_kämmen::V+allTrees	-244.788349099
distanceMatrixNW_Leber::N+allTrees	-209.677335828
distanceMatrixNW_fest::A+allTrees	-202.802341043
distanceMatrixNW_scharf::A+allTrees	-245.578168394
distanceMatrixNW_tausend::NUM+allTrees	-132.267455684
distanceMatrixNW_Lied::N+allTrees	-182.031309878
distanceMatrixNW_Spiel::N+allTrees	-229.047022481
distanceMatrixNW_graben::V+allTrees	-225.42911157
distanceMatrixNW_wollen::V+allTrees	-235.224559898
distanceMatrixNW_anderer::A+allTrees	-166.660744502
distanceMatrixNW_Besen::N+allTrees	-242.921908867
distanceMatrixNW_Sack::N+allTrees	-185.622778572
distanceMatrixNW_stecken::V+allTrees	-227.0393103
distanceMatrixNW_übersetzen::V+allTrees	-211.49968406
distanceMatrixNW_betrügen::V+allTrees	-318.514478404
distanceMatrixNW_Kralle::N+allTrees	-218.180092339
distanceMatrixNW_besitzen::V+allTrees	-228.599922051
distanceMatrixNW_wertvoll::A+allTrees	-236.681401647
distanceMatrixNW_Arzt::N+allTrees	-189.794233392
distanceMatrixNW_rütteln::V+allTrees	-339.158109573
distanceMatrixNW_reichen::V+allTrees	-225.738104853
distanceMatrixNW_Herbst::N+allTrees	-258.50521308
distanceMatrixNW_lesen::V+allTrees	-220.717710275
distanceMatrixNW_sieden::V+allTrees	-204.933261946
distanceMatrixNW_anziehen::V+allTrees	-252.446237151
distanceMatrixNW_Gedächtnis::N+allTrees	-217.056967451
distanceMatrixNW_KieferAnatomie::N+allTrees	-253.829845719
distanceMatrixNW_was::FPRN+allTrees	-131.011429728
distanceMatrixNW_drücken::V+allTrees	-225.382787387
distanceMatrixNW_Kranich::N+allTrees	-119.624254914
distanceMatrixNW_Stimme::N+allTrees	-188.922877701
distanceMatrixNW_schön::A+allTrees	-237.313171359
distanceMatrixNW_flach::A+allTrees	-161.517799584
distanceMatrixNW_ich::PRN+allTrees	-171.286800703
distanceMatrixNW_neben::PRP+allTrees	-197.501677189
distanceMatrixNW_auswählen::V+allTrees	-230.523899497
distanceMatrixNW_Muster::N+allTrees	-194.862456962
distanceMatrixNW_Donner::N+allTrees	-224.783361155
distanceMatrixNW_füllen::V+allTrees	-223.542811268
distanceMatrixNW_hart::A+allTrees	-183.402706343
distanceMatrixNW_rauschen::V+allTrees	-185.039789992
distanceMatrixNW_Tür::N+allTrees	-187.349104156
distanceMatrixNW_regnen::V+allTrees	-250.936127207
distanceMatrixNW_Handtuch::N+allTrees	-292.467045515
distanceMatrixNW_töten::V+allTrees	-187.239066382
distanceMatrixNW_Tanne::N+allTrees	-201.342897419
distanceMatrixNW_Adler::N+allTrees	-206.016423879
distanceMatrixNW_zehn::NUM+allTrees	-185.499146417
distanceMatrixNW_Ring::N+allTrees	-284.357895962
distanceMatrixNW_Rohr::N+allTrees	-222.111645832
distanceMatrixNW_See::N+allTrees	-177.759246877
distanceMatrixNW_glauben::V+allTrees	-170.779079762
distanceMatrixNW_Kinn::N+allTrees	-253.461975705
distanceMatrixNW_vernehmen::V+allTrees	-229.179966135
distanceMatrixNW_Mütze::N+allTrees	-217.10438558
distanceMatrixNW_weggehen::V+allTrees	-272.149806582
distanceMatrixNW_wachsen::V+allTrees	-282.23877298
distanceMatrixNW_Strich::N+allTrees	-171.351340548
distanceMatrixNW_anfangen::V+allTrees	-221.07371646
distanceMatrixNW_pflücken::V+allTrees	-226.447438592
distanceMatrixNW_sichfürchten::V+allTrees	-251.449491174
distanceMatrixNW_stumpf::A+allTrees	-242.140662874
distanceMatrixNW_alt::A+allTrees	-181.55039151
distanceMatrixNW_lernen::V+allTrees	-274.836272507
distanceMatrixNW_herstellen::V+allTrees	-322.91991109
distanceMatrixNW_offen::A+allTrees	-224.813565007
distanceMatrixNW_brausen::V+allTrees	-334.304608036
distanceMatrixNW_Blume::N+allTrees	-219.155594627
distanceMatrixNW_Länge::N+allTrees	-229.228177396
distanceMatrixNW_Zwiebel::N+allTrees	-211.365834981
distanceMatrixNW_schlecht::A+allTrees	-192.534877478
distanceMatrixNW_Beere::N+allTrees	-230.582021386
distanceMatrixNW_eintreten::V+allTrees	-270.925342428
distanceMatrixNW_klettern::V+allTrees	-311.806186627
distanceMatrixNW_Schnee::N+allTrees	-212.223452804
distanceMatrixNW_Küste::N+allTrees	-210.089399279
distanceMatrixNW_bringen::V+allTrees	-197.116627349
distanceMatrixNW_Ruder::N+allTrees	-225.062630171
distanceMatrixNW_sichrühren::V+allTrees	-361.364123599
distanceMatrixNW_mögen::V+allTrees	-284.238392096
distanceMatrixNW_voll::A+allTrees	-160.641841192
distanceMatrixNW_Sumpf::N+allTrees	-240.861396988
distanceMatrixNW_Meer::N+allTrees	-236.743234035
distanceMatrixNW_reif::A+allTrees	-306.130743869
distanceMatrixNW_September::N+allTrees	-409.734987466
distanceMatrixNW_Hälfte::N+allTrees	-210.469273672
distanceMatrixNW_Bau::N+allTrees	-181.149156095
distanceMatrixNW_Korn::N+allTrees	-182.813223712
distanceMatrixNW_öffnen::V+allTrees	-229.397790794
distanceMatrixNW_untergehenSonne::V+allTrees	-305.619823513
distanceMatrixNW_Puppe::N+allTrees	-169.283292124
distanceMatrixNW_Bruder::N+allTrees	-174.530251208
distanceMatrixNW_Kiste::N+allTrees	-165.641740944
distanceMatrixNW_Arznei::N+allTrees	-196.093209112
distanceMatrixNW_klopfen::V+allTrees	-226.457589042
distanceMatrixNW_hinauf::ADV+allTrees	-209.501186748
distanceMatrixNW_verteidigen::V+allTrees	-282.469851247
distanceMatrixNW_drehen::V+allTrees	-291.683307226
distanceMatrixNW_fein::A+allTrees	-199.465128578
distanceMatrixNW_versinken::V+allTrees	-257.076807908
distanceMatrixNW_Höhe::N+allTrees	-190.827451466
distanceMatrixNW_November::N+allTrees	-429.539543613
distanceMatrixNW_Wurzel::N+allTrees	-248.676753125
distanceMatrixNW_Westen::N+allTrees	-277.2571884
distanceMatrixNW_Abend::N+allTrees	-256.229052645
distanceMatrixNW_Nadel::N+allTrees	-184.134037238
distanceMatrixNW_Regenbogen::N+allTrees	-388.228614457
distanceMatrixNW_Anzahl::N+allTrees	-197.46097225
distanceMatrixNW_Fuß::N+allTrees	-134.92045962
distanceMatrixNW_wechseln::V+allTrees	-331.562344004
distanceMatrixNW_brennen::V+allTrees	-229.650151723
distanceMatrixNW_Schlinge::N+allTrees	-251.742106593
distanceMatrixNW_fegen::V+allTrees	-297.08922249
distanceMatrixNW_Laus::N+allTrees	-153.129803006
distanceMatrixNW_April::N+allTrees	-474.166788908
distanceMatrixNW_Busen::N+allTrees	-190.824270145
distanceMatrixNW_Fenster::N+allTrees	-204.374231133
distanceMatrixNW_Kehle::N+allTrees	-174.322176729
distanceMatrixNW_Brunnen::N+allTrees	-173.040113761
distanceMatrixNW_elf::NUM+allTrees	-280.397855283
distanceMatrixNW_ärgern::V+allTrees	-307.06005859
distanceMatrixNW_Erzählung::N+allTrees	-263.875415771
distanceMatrixNW_jung::A+allTrees	-243.933480225
distanceMatrixNW_faul::A+allTrees	-180.630920172
distanceMatrixNW_behindern::V+allTrees	-313.623972881
distanceMatrixNW_schenken::V+allTrees	-269.187045218
distanceMatrixNW_Teil::N+allTrees	-123.120307557
distanceMatrixNW_Unglück::N+allTrees	-207.974159665
distanceMatrixNW_hier::ADV+allTrees	-133.32189452
distanceMatrixNW_Pilz::N+allTrees	-198.057931782
distanceMatrixNW_sausen::V+allTrees	-370.349336636
distanceMatrixNW_wenden::V+allTrees	-237.907309414
distanceMatrixNW_Onkel::N+allTrees	-105.153207435
distanceMatrixNW_schmal::A+allTrees	-208.404560217
distanceMatrixNW_Funke::N+allTrees	-204.612857327
distanceMatrixNW_stöhnen::V+allTrees	-277.177887184
distanceMatrixNW_Schuh::N+allTrees	-145.568424719
distanceMatrixNW_Rücken::N+allTrees	-188.591803742
distanceMatrixNW_siebzig::NUM+allTrees	-218.896735239
distanceMatrixNW_sammeln::V+allTrees	-277.750845225
distanceMatrixNW_reifen::V+allTrees	-280.46068088
distanceMatrixNW_Körper::N+allTrees	-146.569894201
distanceMatrixNW_Linie::N+allTrees	-250.187555407
distanceMatrixNW_Kirche::N+allTrees	-202.757752902
distanceMatrixNW_wehen::V+allTrees	-220.884196445
distanceMatrixNW_Juni::N+allTrees	-310.666148221
distanceMatrixNW_Kante::N+allTrees	-182.859238576
distanceMatrixNW_morgen::ADV+allTrees	-245.247869887
distanceMatrixNW_kranksein::V+allTrees	-357.646531708
distanceMatrixNW_Stamm::N+allTrees	-221.63239634
distanceMatrixNW_rauchen::V+allTrees	-259.909433406
distanceMatrixNW_Stern::N+allTrees	-198.503215087
distanceMatrixNW_tauchen::V+allTrees	-298.071872422
distanceMatrixNW_er::PRN+allTrees	-101.584669451
distanceMatrixNW_stechen::V+allTrees	-224.936803477
distanceMatrixNW_Ei::N+allTrees	-198.430973644
distanceMatrixNW_verfaulen::V+allTrees	-253.540283685
distanceMatrixNW_Nebel::N+allTrees	-203.684301258
distanceMatrixNW_Wunde::N+allTrees	-219.51609527
distanceMatrixNW_Samstag::N+allTrees	-304.547579662
distanceMatrixNW_binden::V+allTrees	-186.329580176
distanceMatrixNW_sehen::V+allTrees	-219.990523909
distanceMatrixNW_anzünden::V+allTrees	-253.332981651
distanceMatrixNW_dort::ADV+allTrees	-131.575914163
distanceMatrixNW_Wahrheit::N+allTrees	-283.724958323
distanceMatrixNW_probieren::V+allTrees	-247.063865652
distanceMatrixNW_Traum::N+allTrees	-190.453685711
distanceMatrixNW_Kind::N+allTrees	-210.985239428
distanceMatrixNW_stören::V+allTrees	-316.879638131
distanceMatrixNW_Mond::N+allTrees	-205.323643349
distanceMatrixNW_sichärgern::V+allTrees	-374.812177759
distanceMatrixNW_Bär::N+allTrees	-185.231976499
distanceMatrixNW_Honig::N+allTrees	-191.400941564
distanceMatrixNW_Hase::N+allTrees	-221.250173218
distanceMatrixNW_genesen::V+allTrees	-340.000952789
distanceMatrixNW_Pfeil::N+allTrees	-234.294600533
distanceMatrixNW_schießen::V+allTrees	-252.581491702
distanceMatrixNW_Brei::N+allTrees	-233.878871031
distanceMatrixNW_denken::V+allTrees	-265.048904306
distanceMatrixNW_Wolf::N+allTrees	-184.281290043
distanceMatrixNW_hören::V+allTrees	-238.393333734
distanceMatrixNW_Eule::N+allTrees	-253.071123958
distanceMatrixNW_Apfel::N+allTrees	-252.841882817
distanceMatrixNW_BogenWaffe::N+allTrees	-199.728456072
distanceMatrixNW_lecken::V+allTrees	-170.654868794
distanceMatrixNW_Bündel::N+allTrees	-170.952850172
distanceMatrixNW_eins::NUM+allTrees	-118.405037169
distanceMatrixNW_sechzig::NUM+allTrees	-251.721747629
distanceMatrixNW_unter::PRP+allTrees	-149.067724888
distanceMatrixNW_Leben::N+allTrees	-171.847191981
distanceMatrixNW_Schritt::N+allTrees	-155.106565534
distanceMatrixNW_Stadt::N+allTrees	-168.940323334
distanceMatrixNW_wir::PRN+allTrees	-197.355812946
distanceMatrixNW_schwenken::V+allTrees	-249.519528038
distanceMatrixNW_Gewehr::N+allTrees	-179.501132987
distanceMatrixNW_kräftig::A+allTrees	-272.283313217
distanceMatrixNW_erscheinen::V+allTrees	-287.90071211
distanceMatrixNW_rot::A+allTrees	-236.583590698
distanceMatrixNW_Platte::N+allTrees	-256.832000476
distanceMatrixNW_Jahr::N+allTrees	-154.573504819
distanceMatrixNW_ansehen::V+allTrees	-329.785931558
distanceMatrixNW_Grenze::N+allTrees	-237.968820382
distanceMatrixNW_böse::A+allTrees	-223.165095908
distanceMatrixNW_Holz::N+allTrees	-228.312026377
distanceMatrixNW_gehen::V+allTrees	-154.375698549
distanceMatrixNW_Regen::N+allTrees	-157.709630991
distanceMatrixNW_Kampf::N+allTrees	-248.387964739
distanceMatrixNW_fern::A+allTrees	-209.401251953
distanceMatrixNW_fragen::V+allTrees	-240.061628278
distanceMatrixNW_reparieren::V+allTrees	-283.94564685
distanceMatrixNW_laufen::V+allTrees	-249.589914413
distanceMatrixNW_Rand::N+allTrees	-133.523852039
distanceMatrixNW_wiegen::V+allTrees	-283.17495445
distanceMatrixNW_streichen::V+allTrees	-285.91812886
distanceMatrixNW_tragen::V+allTrees	-233.153132742
distanceMatrixNW_Kamm::N+allTrees	-234.352059848
distanceMatrixNW_Abstand::N+allTrees	-209.126486233
distanceMatrixNW_Märchen::N+allTrees	-286.373478459
distanceMatrixNW_retten::V+allTrees	-273.989449467
distanceMatrixNW_Auge::N+allTrees	-211.695712702
distanceMatrixNW_Schwan::N+allTrees	-223.579850734
distanceMatrixNW_beugen::V+allTrees	-269.51161646
distanceMatrixNW_sichanziehen::V+allTrees	-354.946538138
distanceMatrixNW_halten::V+allTrees	-210.765586813
distanceMatrixNW_manchmal::ADV+allTrees	-302.872128045
distanceMatrixNW_neunzig::NUM+allTrees	-227.15375358
distanceMatrixNW_Brett::N+allTrees	-199.022102003
distanceMatrixNW_passieren::V+allTrees	-272.681965342
distanceMatrixNW_legen::V+allTrees	-208.221241784
distanceMatrixNW_nehmen::V+allTrees	-245.501387813
distanceMatrixNW_Klaue::N+allTrees	-245.717356363
distanceMatrixNW_ankommen::V+allTrees	-262.237591883
distanceMatrixNW_durch::PRP+allTrees	-198.07878657
distanceMatrixNW_beherrschen::V+allTrees	-257.859999615
distanceMatrixNW_Nest::N+allTrees	-222.303290818
distanceMatrixNW_bunt::A+allTrees	-223.830406294
distanceMatrixNW_später::ADV+allTrees	-257.118740627
distanceMatrixNW_Fisch::N+allTrees	-226.762287693
distanceMatrixNW_Kreis::N+allTrees	-155.616689241
distanceMatrixNW_Bart::N+allTrees	-248.432214548
distanceMatrixNW_schützen::V+allTrees	-275.808180789
distanceMatrixNW_jetzt::ADV+allTrees	-118.964596349
distanceMatrixNW_kleben::V+allTrees	-271.844002259
distanceMatrixNW_enden::V+allTrees	-259.964031858
distanceMatrixNW_Wald::N+allTrees	-169.868202589
distanceMatrixNW_rechnen::V+allTrees	-203.700141704
distanceMatrixNW_backen::V+allTrees	-203.107677505
distanceMatrixNW_kaum::ADV+allTrees	-197.045115071
distanceMatrixNW_Magen::N+allTrees	-239.356791617
distanceMatrixNW_überall::ADV+allTrees	-311.670221671
distanceMatrixNW_vorher::ADV+allTrees	-234.843654773
distanceMatrixNW_Abhang::N+allTrees	-245.743595859
distanceMatrixNW_Knoten::N+allTrees	-214.758227903
distanceMatrixNW_dicht::A+allTrees	-211.683727891
distanceMatrixNW_vorwärts::ADV+allTrees	-206.18737158
distanceMatrixNW_glänzen::V+allTrees	-260.054151894
distanceMatrixNW_Wasser::N+allTrees	-139.624051569
distanceMatrixNW_eilen::V+allTrees	-408.758031947
distanceMatrixNW_Boden::N+allTrees	-127.030739637
distanceMatrixNW_Knie::N+allTrees	-220.79641146
distanceMatrixNW_finden::V+allTrees	-257.401596338
distanceMatrixNW_sichversammeln::V+allTrees	-335.03891716
distanceMatrixNW_dorthin::ADV+allTrees	-94.9298257261
distanceMatrixNW_Quelle::N+allTrees	-161.917858182
distanceMatrixNW_Welt::N+allTrees	-172.284850407
distanceMatrixNW_zuhören::V+allTrees	-266.129181372
distanceMatrixNW_siegen::V+allTrees	-262.509644719
distanceMatrixNW_Finger::N+allTrees	-246.865295026
distanceMatrixNW_Dreck::N+allTrees	-226.536006789
distanceMatrixNW_Wort::N+allTrees	-210.308689903
distanceMatrixNW_Ast::N+allTrees	-200.551680128
distanceMatrixNW_Gabel::N+allTrees	-265.61354962
distanceMatrixNW_Nase::N+allTrees	-225.618261964
distanceMatrixNW_Falle::N+allTrees	-212.540062175
distanceMatrixNW_Januar::N+allTrees	-389.118220439
distanceMatrixNW_Mittwoch::N+allTrees	-268.819347166
distanceMatrixNW_Kragen::N+allTrees	-230.630337176
distanceMatrixNW_teilen::V+allTrees	-217.399489368
distanceMatrixNW_sofort::ADV+allTrees	-286.133316378
distanceMatrixNW_sicherinnernan::V+allTrees	-302.291699665
distanceMatrixNW_Welle::N+allTrees	-128.579915344
distanceMatrixNW_Weide::N+allTrees	-252.975476789
distanceMatrixNW_hinfallen::V+allTrees	-252.455825424
distanceMatrixNW_Hilfe::N+allTrees	-204.627531926
distanceMatrixNW_zuerst::ADV+allTrees	-206.29767683
distanceMatrixNW_Scheibe::N+allTrees	-134.240331742
distanceMatrixNW_verkaufen::V+allTrees	-240.187502001
distanceMatrixNW_billig::A+allTrees	-256.984737434
distanceMatrixNW_Getreide::N+allTrees	-186.285570226
distanceMatrixNW_Gürtel::N+allTrees	-193.827258513
distanceMatrixNW_oben::ADV+allTrees	-157.893081594
distanceMatrixNW_klug::A+allTrees	-214.415531798
distanceMatrixNW_lang::A+allTrees	-187.594015968
distanceMatrixNW_springen::V+allTrees	-257.865763915
distanceMatrixNW_Saat::N+allTrees	-216.518283696
distanceMatrixNW_Maus::N+allTrees	-280.829696871
distanceMatrixNW_umkommen::V+allTrees	-243.163448185
distanceMatrixNW_anbinden::V+allTrees	-237.77422512
distanceMatrixNW_setzen::V+allTrees	-181.152592624
distanceMatrixNW_Himmel::N+allTrees	-238.881966401
distanceMatrixNW_zusehensein::V+allTrees	-281.29075528
distanceMatrixNW_arbeiten::V+allTrees	-259.108726246
distanceMatrixNW_schwarz::A+allTrees	-271.389792698
distanceMatrixNW_abreißen::V+allTrees	-316.742420343
distanceMatrixNW_und::CNJ+allTrees	-102.925612266
distanceMatrixNW_schneiden::V+allTrees	-221.345724276
distanceMatrixNW_Beutel::N+allTrees	-152.759987684
distanceMatrixNW_Haken::N+allTrees	-154.727894366
distanceMatrixNW_Glück::N+allTrees	-204.143374272
distanceMatrixNW_beginnen::V+allTrees	-241.023619286
distanceMatrixNW_verbinden::V+allTrees	-265.982746353
distanceMatrixNW_sichbewegen::V+allTrees	-261.293516551
distanceMatrixNW_waschen::V+allTrees	-198.163752968
distanceMatrixNW_faulen::V+allTrees	-261.229422778
distanceMatrixNW_Geld::N+allTrees	-180.627038526
distanceMatrixNW_nackt::A+allTrees	-258.518945687
distanceMatrixNW_Kleidung::N+allTrees	-245.684193325
distanceMatrixNW_Mund::N+allTrees	-190.594801269
distanceMatrixNW_grau::A+allTrees	-178.050531106
distanceMatrixNW_berühren::V+allTrees	-242.518047805
distanceMatrixNW_du::PRN+allTrees	-197.318907494
distanceMatrixNW_Schaden::N+allTrees	-184.781728887
distanceMatrixNW_biegen::V+allTrees	-290.58367757
distanceMatrixNW_flüchten::V+allTrees	-332.205828808
distanceMatrixNW_nennen::V+allTrees	-192.255566429
distanceMatrixNW_leben::V+allTrees	-222.672206142
distanceMatrixNW_breit::A+allTrees	-195.700991598
distanceMatrixNW_hineingehen::V+allTrees	-250.547760137
distanceMatrixNW_krank::A+allTrees	-292.931852601
distanceMatrixNW_Lippe::N+allTrees	-227.694604094
distanceMatrixNW_packen::V+allTrees	-277.79578261
distanceMatrixNW_stehen::V+allTrees	-219.656175652
distanceMatrixNW_zubereiten::V+allTrees	-269.892461507
distanceMatrixNW_Ufer::N+allTrees	-158.879143509
distanceMatrixNW_donnern::V+allTrees	-250.166561065
distanceMatrixNW_einschlafen::V+allTrees	-312.86902877
distanceMatrixNW_warum::FADV+allTrees	-172.637078308
distanceMatrixNW_Festland::N+allTrees	-220.445840672
distanceMatrixNW_fallenlassen::V+allTrees	-327.444755469
distanceMatrixNW_Schlitten::N+allTrees	-164.853225816
distanceMatrixNW_funkeln::V+allTrees	-358.328168414
distanceMatrixNW_vereinigen::V+allTrees	-246.050207918
distanceMatrixNW_vergessen::V+allTrees	-280.989255874
distanceMatrixNW_sie::PRN+allTrees	-163.301792049
distanceMatrixNW_Wind::N+allTrees	-193.065673755
distanceMatrixNW_Tuch::N+allTrees	-208.462373927
distanceMatrixNW_Eimer::N+allTrees	-204.760591212
distanceMatrixNW_schon::ADV+allTrees	-155.49582003
distanceMatrixNW_Schnurrbart::N+allTrees	-207.583998396
distanceMatrixNW_sichwaschen::V+allTrees	-289.794625738
distanceMatrixNW_Nutzen::N+allTrees	-145.678442465
distanceMatrixNW_Spur::N+allTrees	-188.249827469
distanceMatrixNW_Kälte::N+allTrees	-175.132039614
distanceMatrixNW_unten::ADV+allTrees	-197.18045099
distanceMatrixNW_sauer::A+allTrees	-236.516811883
distanceMatrixNW_baden::V+allTrees	-327.812831543
distanceMatrixNW_immer::ADV+allTrees	-163.060600886
distanceMatrixNW_rechter::A+allTrees	-249.080732254
distanceMatrixNW_begreifen::V+allTrees	-303.47033982
distanceMatrixNW_Spiegel::N+allTrees	-214.469201183
distanceMatrixNW_nur::ADV+allTrees	-122.620526483
distanceMatrixNW_dickGegenstand::A+allTrees	-204.634859475
distanceMatrixNW_Menge::N+allTrees	-216.742033229
distanceMatrixNW_Hecht::N+allTrees	-203.684583176
distanceMatrixNW_Milch::N+allTrees	-203.000033245
distanceMatrixNW_bauen::V+allTrees	-287.443536241
distanceMatrixNW_Fieber::N+allTrees	-261.875800418
distanceMatrixNW_lachen::V+allTrees	-233.375477054
distanceMatrixNW_Schulter::N+allTrees	-206.477386194
distanceMatrixNW_Leder::N+allTrees	-137.197465833
distanceMatrixNW_vier::NUM+allTrees	-162.235505825
distanceMatrixNW_krankwerden::V+allTrees	-396.127690225
distanceMatrixNW_Öl::N+allTrees	-174.941295221
distanceMatrixNW_Volk::N+allTrees	-202.938797223
distanceMatrixNW_treffen::V+allTrees	-271.977841806
distanceMatrixNW_aufhören::V+allTrees	-219.407623967
distanceMatrixNW_aufziehen::V+allTrees	-325.179301331
distanceMatrixNW_Gesicht::N+allTrees	-164.38214415
distanceMatrixNW_lieb::A+allTrees	-194.564032092
distanceMatrixNW_Tasche::N+allTrees	-219.089545928
distanceMatrixNW_Fußboden::N+allTrees	-209.533557783
distanceMatrixNW_Ferse::N+allTrees	-251.943883813
distanceMatrixNW_Wurm::N+allTrees	-168.880762189
distanceMatrixNW_zurücklassen::V+allTrees	-301.068475983
distanceMatrixNW_Seite::N+allTrees	-111.451935046
distanceMatrixNW_frieren::V+allTrees	-332.171470455
distanceMatrixNW_dunkel::A+allTrees	-180.220253156
distanceMatrixNW_Schmetterling::N+allTrees	-232.668663665
distanceMatrixNW_Wange::N+allTrees	-254.314954631
distanceMatrixNW_Gast::N+allTrees	-203.03205203
distanceMatrixNW_vergebens::ADV+allTrees	-288.197815055
distanceMatrixNW_melken::V+allTrees	-203.203280646
distanceMatrixNW_aufwachen::V+allTrees	-353.694607741
distanceMatrixNW_Birke::N+allTrees	-218.799306073
distanceMatrixNW_anhalten::V+allTrees	-265.618254788
distanceMatrixNW_grün::A+allTrees	-240.345660735
distanceMatrixNW_zwischen::PRP+allTrees	-202.606132499
distanceMatrixNW_Junge::N+allTrees	-264.055299353
distanceMatrixNW_verstehen::V+allTrees	-252.600119895
distanceMatrixNW_gefrieren::V+allTrees	-266.976082868
distanceMatrixNW_Horn::N+allTrees	-163.367501045
distanceMatrixNW_zweiter::A+allTrees	-226.174470357
distanceMatrixNW_Barsch::N+allTrees	-250.44553881
distanceMatrixNW_messen::V+allTrees	-235.693810131
distanceMatrixNW_zeichnen::V+allTrees	-252.750213854
distanceMatrixNW_abschneiden::V+allTrees	-286.233599223
distanceMatrixNW_singen::V+allTrees	-222.312396289
distanceMatrixNW_Tod::N+allTrees	-162.506890133
distanceMatrixNW_einmal::ADV+allTrees	-301.424676607
distanceMatrixNW_traurig::A+allTrees	-336.611496508
distanceMatrixNW_Strömung::N+allTrees	-255.023501952
distanceMatrixNW_kochen::V+allTrees	-202.227099452
distanceMatrixNW_Eichhörnchen::N+allTrees	-228.487352045
distanceMatrixNW_stehlen::V+allTrees	-211.017811542
distanceMatrixNW_Staub::N+allTrees	-180.08074861
distanceMatrixNW_Zeichen::N+allTrees	-149.255960656
distanceMatrixNW_Kreuz::N+allTrees	-225.685159394
distanceMatrixNW_Brot::N+allTrees	-180.223106511
distanceMatrixNW_Gegenstand::N+allTrees	-232.893544179
distanceMatrixNW_Silber::N+allTrees	-152.065659681
distanceMatrixNW_Feuer::N+allTrees	-145.814053114
distanceMatrixNW_anschauen::V+allTrees	-360.78057283
distanceMatrixNW_Wetter::N+allTrees	-240.890488562
distanceMatrixNW_Winkel::N+allTrees	-162.080760786
distanceMatrixNW_oft::ADV+allTrees	-291.737114025
distanceMatrixNW_bald::ADV+allTrees	-285.934023983
distanceMatrixNW_Baum::N+allTrees	-186.047688189
distanceMatrixNW_Eltern::N+allTrees	-271.377407182
distanceMatrixNW_spülen::V+allTrees	-202.860971821
distanceMatrixNW_Tante::N+allTrees	-181.876264695
distanceMatrixNW_Geruch::N+allTrees	-156.757175557
distanceMatrixNW_scheinen::V+allTrees	-266.138378932
distanceMatrixNW_Rauch::N+allTrees	-182.006260324
distanceMatrixNW_Kohle::N+allTrees	-162.439590838
distanceMatrixNW_warm::A+allTrees	-234.419051897
distanceMatrixNW_stricken::V+allTrees	-244.590345756
distanceMatrixNW_allein::ADV+allTrees	-187.06822655
distanceMatrixNW_versuchen::V+allTrees	-290.655914558
distanceMatrixNW_bewachen::V+allTrees	-328.134045534
distanceMatrixNW_Träne::N+allTrees	-256.358186468
distanceMatrixNW_füttern::V+allTrees	-335.468430088
