distanceMatrixLev_rot::A+allTrees	-107.786890479
distanceMatrixLev_sicherheben::V+allTrees	-115.24476903
distanceMatrixLev_Brücke::N+allTrees	-100.239480071
distanceMatrixLev_Wunde::N+allTrees	-113.25045414
distanceMatrixLev_schmal::A+allTrees	-126.905496381
distanceMatrixLev_Fisch::N+allTrees	-101.411379026
distanceMatrixLev_Licht::N+allTrees	-144.875821696
distanceMatrixLev_Stütze::N+allTrees	-112.06287221
distanceMatrixLev_wiegen::V+allTrees	-178.582719694
distanceMatrixLev_Sumpf::N+allTrees	-195.342385599
distanceMatrixLev_er::PRN+allTrees	-122.649500412
distanceMatrixLev_einmal::ADV+allTrees	-106.459346917
distanceMatrixLev_Pilz::N+allTrees	-120.987715883
distanceMatrixLev_ich::PRN+allTrees	-85.4807734652
distanceMatrixLev_Ellenbogen::N+allTrees	-120.124475773
distanceMatrixLev_Kamerad::N+allTrees	-117.489732109
distanceMatrixLev_KieferAnatomie::N+allTrees	-125.866332562
distanceMatrixLev_Brot::N+allTrees	-74.0081628977
distanceMatrixLev_Schuh::N+allTrees	-77.0884668761
distanceMatrixLev_zubereiten::V+allTrees	-135.31198349
distanceMatrixLev_fassen::V+allTrees	-161.609822192
distanceMatrixLev_Rand::N+allTrees	-131.231823455
distanceMatrixLev_reparieren::V+allTrees	-128.01792661
distanceMatrixLev_Spinne::N+allTrees	-125.169761142
distanceMatrixLev_regnen::V+allTrees	-140.545906581
distanceMatrixLev_sicherinnernan::V+allTrees	-112.874167538
distanceMatrixLev_Bauch::N+allTrees	-138.236619895
distanceMatrixLev_vorher::ADV+allTrees	-131.455610109
distanceMatrixLev_bitter::A+allTrees	-127.053538206
distanceMatrixLev_hübsch::A+allTrees	-140.592373179
distanceMatrixLev_weinen::V+allTrees	-136.368432912
distanceMatrixLev_wertvoll::A+allTrees	-142.566114347
distanceMatrixLev_Fieber::N+allTrees	-131.810985237
distanceMatrixLev_Zweig::N+allTrees	-135.999084756
distanceMatrixLev_Öl::N+allTrees	-116.378595913
distanceMatrixLev_abfahren::V+allTrees	-173.796664818
distanceMatrixLev_herstellen::V+allTrees	-157.70369177
distanceMatrixLev_Stiefel::N+allTrees	-99.6244946699
distanceMatrixLev_Grube::N+allTrees	-107.620042936
distanceMatrixLev_Großvater::N+allTrees	-167.421671321
distanceMatrixLev_Dorf::N+allTrees	-132.895669973
distanceMatrixLev_binden::V+allTrees	-102.692763533
distanceMatrixLev_Griff::N+allTrees	-115.711405074
distanceMatrixLev_hören::V+allTrees	-93.871295313
distanceMatrixLev_rauschen::V+allTrees	-90.5092385494
distanceMatrixLev_schön::A+allTrees	-130.448081003
distanceMatrixLev_Heu::N+allTrees	-103.734635604
distanceMatrixLev_beschädigen::V+allTrees	-183.47194356
distanceMatrixLev_Boot::N+allTrees	-98.8067184399
distanceMatrixLev_grau::A+allTrees	-138.505367129
distanceMatrixLev_Ärmel::N+allTrees	-115.309565888
distanceMatrixLev_rufen::V+allTrees	-159.623981907
distanceMatrixLev_klingen::V+allTrees	-151.558572674
distanceMatrixLev_bitten::V+allTrees	-129.178716016
distanceMatrixLev_hierhin::ADV+allTrees	-103.141296462
distanceMatrixLev_fliegen::V+allTrees	-107.552100942
distanceMatrixLev_rennen::V+allTrees	-179.155259256
distanceMatrixLev_Wahrheit::N+allTrees	-135.719064554
distanceMatrixLev_schaukeln::V+allTrees	-113.235804029
distanceMatrixLev_schenken::V+allTrees	-169.467406178
distanceMatrixLev_sieden::V+allTrees	-128.657431035
distanceMatrixLev_trocknen::V+allTrees	-97.0726385274
distanceMatrixLev_Nutzen::N+allTrees	-98.3850289586
distanceMatrixLev_Gedächtnis::N+allTrees	-114.129947464
distanceMatrixLev_sie::PRN+allTrees	-145.243543817
distanceMatrixLev_Mittwoch::N+allTrees	-109.55743402
distanceMatrixLev_Brust::N+allTrees	-107.09854043
distanceMatrixLev_verteidigen::V+allTrees	-116.045125393
distanceMatrixLev_Gegend::N+allTrees	-150.121100937
distanceMatrixLev_abnehmen::V+allTrees	-127.341270687
distanceMatrixLev_drücken::V+allTrees	-98.1182494719
distanceMatrixLev_Kante::N+allTrees	-136.61769422
distanceMatrixLev_erscheinen::V+allTrees	-138.845517193
distanceMatrixLev_Magen::N+allTrees	-139.662015913
distanceMatrixLev_hinauf::ADV+allTrees	-166.760962016
distanceMatrixLev_Luft::N+allTrees	-107.974852198
distanceMatrixLev_schimpfen::V+allTrees	-132.202979583
distanceMatrixLev_warten::V+allTrees	-166.722827381
distanceMatrixLev_Winkel::N+allTrees	-123.704088239
distanceMatrixLev_nah::A+allTrees	-112.747392865
distanceMatrixLev_tragen::V+allTrees	-143.731731308
distanceMatrixLev_Sinn::N+allTrees	-138.954101053
distanceMatrixLev_hinzufügen::V+allTrees	-108.39962678
distanceMatrixLev_Reichtum::N+allTrees	-109.510847147
distanceMatrixLev_teilen::V+allTrees	-99.6435381155
distanceMatrixLev_Sack::N+allTrees	-141.737082533
distanceMatrixLev_Haut::N+allTrees	-99.4003167506
distanceMatrixLev_zehn::NUM+allTrees	-95.5910783952
distanceMatrixLev_Horn::N+allTrees	-106.423773576
distanceMatrixLev_Träne::N+allTrees	-93.4007100343
distanceMatrixLev_WeideBaum::N+allTrees	-129.74971452
distanceMatrixLev_König::N+allTrees	-80.3565788615
distanceMatrixLev_berühmt::A+allTrees	-108.540001564
distanceMatrixLev_Neuigkeit::N+allTrees	-121.114934306
distanceMatrixLev_März::N+allTrees	-118.563883358
distanceMatrixLev_legen::V+allTrees	-116.411584821
distanceMatrixLev_Ferse::N+allTrees	-170.90145615
distanceMatrixLev_sagen::V+allTrees	-157.547193585
distanceMatrixLev_Ohr::N+allTrees	-97.8064442837
distanceMatrixLev_wo::FADV+allTrees	-142.717303934
distanceMatrixLev_Süden::N+allTrees	-102.409860833
distanceMatrixLev_blasen::V+allTrees	-98.3818084064
distanceMatrixLev_Fingernagel::N+allTrees	-121.349676109
distanceMatrixLev_spitz::A+allTrees	-175.557994128
distanceMatrixLev_sprechen::V+allTrees	-155.647011545
distanceMatrixLev_Rohr::N+allTrees	-144.531473364
distanceMatrixLev_beginnen::V+allTrees	-124.830936208
distanceMatrixLev_Haken::N+allTrees	-91.952341234
distanceMatrixLev_riechen::V+allTrees	-134.257608442
distanceMatrixLev_sechs::NUM+allTrees	-99.6677896466
distanceMatrixLev_gelb::A+allTrees	-124.789056426
distanceMatrixLev_lieb::A+allTrees	-129.016267863
distanceMatrixLev_billig::A+allTrees	-100.663076313
distanceMatrixLev_Osten::N+allTrees	-116.350220759
distanceMatrixLev_nennen::V+allTrees	-107.884150618
distanceMatrixLev_Lied::N+allTrees	-143.62859278
distanceMatrixLev_Bau::N+allTrees	-164.141832679
distanceMatrixLev_Mitte::N+allTrees	-132.06395152
distanceMatrixLev_fischen::V+allTrees	-125.800069554
distanceMatrixLev_Eichhörnchen::N+allTrees	-141.7959267
distanceMatrixLev_fett::A+allTrees	-148.973841439
distanceMatrixLev_Straße::N+allTrees	-130.508394521
distanceMatrixLev_Falle::N+allTrees	-156.826801597
distanceMatrixLev_Wunsch::N+allTrees	-131.443330733
distanceMatrixLev_Kraft::N+allTrees	-109.8326864
distanceMatrixLev_Anzahl::N+allTrees	-116.777455326
distanceMatrixLev_Bruder::N+allTrees	-118.596558344
distanceMatrixLev_Preis::N+allTrees	-113.598316105
distanceMatrixLev_immer::ADV+allTrees	-160.493432465
distanceMatrixLev_retten::V+allTrees	-155.208601788
distanceMatrixLev_anderer::A+allTrees	-127.170811306
distanceMatrixLev_Kampf::N+allTrees	-115.673874772
distanceMatrixLev_Lust::N+allTrees	-106.600242777
distanceMatrixLev_Salz::N+allTrees	-112.351784242
distanceMatrixLev_August::N+allTrees	-110.217346323
distanceMatrixLev_Wetter::N+allTrees	-121.853803029
distanceMatrixLev_Ei::N+allTrees	-101.418744481
distanceMatrixLev_Berg::N+allTrees	-118.40773587
distanceMatrixLev_mögen::V+allTrees	-134.437674215
distanceMatrixLev_stellen::V+allTrees	-139.234147069
distanceMatrixLev_fragen::V+allTrees	-128.719883453
distanceMatrixLev_singen::V+allTrees	-91.8841715128
distanceMatrixLev_Holz::N+allTrees	-123.90119261
distanceMatrixLev_Milch::N+allTrees	-89.1323612702
distanceMatrixLev_müdewerden::V+allTrees	-128.2976659
distanceMatrixLev_verstecken::V+allTrees	-130.704219216
distanceMatrixLev_Vater::N+allTrees	-137.433449597
distanceMatrixLev_Fußboden::N+allTrees	-112.784101008
distanceMatrixLev_aufeinmal::ADV+allTrees	-125.676830287
distanceMatrixLev_Wolle::N+allTrees	-91.8202766754
distanceMatrixLev_kochen::V+allTrees	-100.789004336
distanceMatrixLev_Leute::N+allTrees	-96.3462473913
distanceMatrixLev_bewachen::V+allTrees	-128.778322718
distanceMatrixLev_Haar::N+allTrees	-133.82978192
distanceMatrixLev_tun::V+allTrees	-96.5744622076
distanceMatrixLev_Bett::N+allTrees	-113.858748559
distanceMatrixLev_Zunge::N+allTrees	-117.076580345
distanceMatrixLev_Decke::N+allTrees	-155.449072688
distanceMatrixLev_überall::ADV+allTrees	-124.999671557
distanceMatrixLev_teuer::A+allTrees	-87.4459440725
distanceMatrixLev_Auge::N+allTrees	-77.1671881771
distanceMatrixLev_übersetzen::V+allTrees	-152.229147861
distanceMatrixLev_danach::ADV+allTrees	-128.984464956
distanceMatrixLev_glauben::V+allTrees	-85.2769518894
distanceMatrixLev_Oktober::N+allTrees	-136.744128249
distanceMatrixLev_küssen::V+allTrees	-128.378582109
distanceMatrixLev_Gast::N+allTrees	-157.786392522
distanceMatrixLev_klug::A+allTrees	-152.405777612
distanceMatrixLev_lieben::V+allTrees	-147.758304969
distanceMatrixLev_sofort::ADV+allTrees	-157.730883471
distanceMatrixLev_NagelAnatomie::N+allTrees	-107.066862746
distanceMatrixLev_Schwester::N+allTrees	-149.227335437
distanceMatrixLev_eilen::V+allTrees	-137.477778515
distanceMatrixLev_Mütze::N+allTrees	-117.095719566
distanceMatrixLev_umdrehen::V+allTrees	-142.419985084
distanceMatrixLev_Hilfe::N+allTrees	-78.0392484417
distanceMatrixLev_wollen::V+allTrees	-149.839777916
distanceMatrixLev_Arm::N+allTrees	-106.673358892
distanceMatrixLev_fangen::V+allTrees	-126.792460806
distanceMatrixLev_Fenster::N+allTrees	-128.446091825
distanceMatrixLev_scheinen::V+allTrees	-113.718204617
distanceMatrixLev_eintreten::V+allTrees	-126.907696196
distanceMatrixLev_feucht::A+allTrees	-115.061280824
distanceMatrixLev_Laden::N+allTrees	-106.692805007
distanceMatrixLev_melken::V+allTrees	-100.70877884
distanceMatrixLev_malen::V+allTrees	-125.8068963
distanceMatrixLev_Sonntag::N+allTrees	-92.3846868375
distanceMatrixLev_Lärm::N+allTrees	-144.13126818
distanceMatrixLev_Laut::N+allTrees	-122.120887215
distanceMatrixLev_untergehenSonne::V+allTrees	-106.442062046
distanceMatrixLev_rühren::V+allTrees	-107.846810287
distanceMatrixLev_Wasser::N+allTrees	-96.7109792754
distanceMatrixLev_Strömung::N+allTrees	-107.570448366
distanceMatrixLev_geradeaus::ADV+allTrees	-136.53690021
distanceMatrixLev_neunzig::NUM+allTrees	-122.007513749
distanceMatrixLev_wachsen::V+allTrees	-124.122376174
distanceMatrixLev_warum::FADV+allTrees	-161.113693953
distanceMatrixLev_Arbeit::N+allTrees	-172.604215306
distanceMatrixLev_Hecht::N+allTrees	-92.2847028405
distanceMatrixLev_Tasche::N+allTrees	-99.6387512433
distanceMatrixLev_sechzig::NUM+allTrees	-88.608416574
distanceMatrixLev_Netz::N+allTrees	-104.325851864
distanceMatrixLev_streichen::V+allTrees	-122.294890449
distanceMatrixLev_Eisen::N+allTrees	-79.4018982628
distanceMatrixLev_Heim::N+allTrees	-122.532570412
distanceMatrixLev_Juli::N+allTrees	-110.703355612
distanceMatrixLev_lebendig::A+allTrees	-152.363910705
distanceMatrixLev_Leder::N+allTrees	-85.327833138
distanceMatrixLev_bekommen::V+allTrees	-118.802736131
distanceMatrixLev_Jahr::N+allTrees	-113.100686544
distanceMatrixLev_vor::PRP+allTrees	-109.980113782
distanceMatrixLev_Kessel::N+allTrees	-66.5057163697
distanceMatrixLev_vereinigen::V+allTrees	-140.509616868
distanceMatrixLev_Spiel::N+allTrees	-103.39270187
distanceMatrixLev_flüchten::V+allTrees	-178.961441803
distanceMatrixLev_Topf::N+allTrees	-88.056992877
distanceMatrixLev_reißen::V+allTrees	-132.264738339
distanceMatrixLev_Moor::N+allTrees	-172.239858792
distanceMatrixLev_Morgen::N+allTrees	-106.986109786
distanceMatrixLev_dünn::A+allTrees	-112.728745106
distanceMatrixLev_Mann::N+allTrees	-147.452894218
distanceMatrixLev_treffen::V+allTrees	-196.235513325
distanceMatrixLev_Stock::N+allTrees	-127.509385735
distanceMatrixLev_Fell::N+allTrees	-119.375176208
distanceMatrixLev_Kirche::N+allTrees	-105.716324999
distanceMatrixLev_Kissen::N+allTrees	-139.016535935
distanceMatrixLev_spielen::V+allTrees	-155.913352613
distanceMatrixLev_sichärgern::V+allTrees	-176.333338705
distanceMatrixLev_Küste::N+allTrees	-126.647291012
distanceMatrixLev_pflücken::V+allTrees	-132.790389214
distanceMatrixLev_bedecken::V+allTrees	-129.391799222
distanceMatrixLev_roh::A+allTrees	-107.621499532
distanceMatrixLev_Ader::N+allTrees	-102.11710017
distanceMatrixLev_stricken::V+allTrees	-106.553359467
distanceMatrixLev_Monat::N+allTrees	-76.6146019403
distanceMatrixLev_zusammen::ADV+allTrees	-161.643618711
distanceMatrixLev_Dienstag::N+allTrees	-123.002093314
distanceMatrixLev_plötzlich::ADV+allTrees	-120.390001371
distanceMatrixLev_Bart::N+allTrees	-94.070616105
distanceMatrixLev_niemals::ADV+allTrees	-113.064973104
distanceMatrixLev_Ameise::N+allTrees	-129.980003058
distanceMatrixLev_Ecke::N+allTrees	-145.504355793
distanceMatrixLev_Frau::N+allTrees	-146.677435936
distanceMatrixLev_reden::V+allTrees	-173.389485549
distanceMatrixLev_schleppen::V+allTrees	-176.183083086
distanceMatrixLev_Gang::N+allTrees	-131.858042577
distanceMatrixLev_Raureif::N+allTrees	-141.184824688
distanceMatrixLev_Zwiebel::N+allTrees	-113.857262399
distanceMatrixLev_besuchen::V+allTrees	-122.642657988
distanceMatrixLev_Hälfte::N+allTrees	-159.761747915
distanceMatrixLev_Tod::N+allTrees	-155.945319153
distanceMatrixLev_Elch::N+allTrees	-108.374268792
distanceMatrixLev_Ruder::N+allTrees	-151.036674249
distanceMatrixLev_Macht::N+allTrees	-123.34421296
distanceMatrixLev_Oberschenkel::N+allTrees	-131.583563878
distanceMatrixLev_Last::N+allTrees	-140.814862536
distanceMatrixLev_Nadel::N+allTrees	-100.623979872
distanceMatrixLev_Stab::N+allTrees	-107.461052395
distanceMatrixLev_Wurzel::N+allTrees	-109.986815052
distanceMatrixLev_schlafen::V+allTrees	-129.839441796
distanceMatrixLev_Rinde::N+allTrees	-149.787845034
distanceMatrixLev_Herde::N+allTrees	-112.969447472
distanceMatrixLev_Gans::N+allTrees	-73.9933633499
distanceMatrixLev_Bach::N+allTrees	-160.206170251
distanceMatrixLev_Mutter::N+allTrees	-102.444952942
distanceMatrixLev_trinken::V+allTrees	-160.807587796
distanceMatrixLev_fest::A+allTrees	-140.253040315
distanceMatrixLev_Freund::N+allTrees	-118.7060315
distanceMatrixLev_schützen::V+allTrees	-153.960211667
distanceMatrixLev_Baum::N+allTrees	-97.608284554
distanceMatrixLev_wissen::V+allTrees	-104.491964142
distanceMatrixLev_Flügel::N+allTrees	-119.403031465
distanceMatrixLev_tauchen::V+allTrees	-167.751901361
distanceMatrixLev_Schmetterling::N+allTrees	-181.73063918
distanceMatrixLev_versinken::V+allTrees	-141.780377902
distanceMatrixLev_Festland::N+allTrees	-146.891608163
distanceMatrixLev_acht::NUM+allTrees	-105.739174131
distanceMatrixLev_geschlossen::A+allTrees	-135.396169446
distanceMatrixLev_Kralle::N+allTrees	-149.96268175
distanceMatrixLev_weggehen::V+allTrees	-140.226943592
distanceMatrixLev_schmelzen::V+allTrees	-130.679408018
distanceMatrixLev_beugen::V+allTrees	-179.339528447
distanceMatrixLev_bezahlen::V+allTrees	-97.7183476443
distanceMatrixLev_Schaum::N+allTrees	-70.5174679748
distanceMatrixLev_aufwachen::V+allTrees	-161.26189336
distanceMatrixLev_füttern::V+allTrees	-173.232240617
distanceMatrixLev_sitzen::V+allTrees	-119.155084665
distanceMatrixLev_fürchten::V+allTrees	-135.218971794
distanceMatrixLev_Gespräch::N+allTrees	-148.602138516
distanceMatrixLev_Regenbogen::N+allTrees	-154.832178156
distanceMatrixLev_auswählen::V+allTrees	-135.56978483
distanceMatrixLev_Suppe::N+allTrees	-93.8787036378
distanceMatrixLev_nackt::A+allTrees	-128.506572591
distanceMatrixLev_bald::ADV+allTrees	-122.760736764
distanceMatrixLev_Puppe::N+allTrees	-118.846429942
distanceMatrixLev_Barsch::N+allTrees	-124.127077222
distanceMatrixLev_taub::A+allTrees	-116.633202279
distanceMatrixLev_Land::N+allTrees	-90.4550635447
distanceMatrixLev_vergehen::V+allTrees	-105.999141064
distanceMatrixLev_Feder::N+allTrees	-126.566682654
distanceMatrixLev_fremd::A+allTrees	-137.556257497
distanceMatrixLev_glänzen::V+allTrees	-161.711018573
distanceMatrixLev_stehlen::V+allTrees	-95.4217453174
distanceMatrixLev_zwei::NUM+allTrees	-135.26281408
distanceMatrixLev_Funke::N+allTrees	-135.076573627
distanceMatrixLev_schwach::A+allTrees	-128.265458879
distanceMatrixLev_begreifen::V+allTrees	-183.645540295
distanceMatrixLev_Schaufel::N+allTrees	-103.265028715
distanceMatrixLev_Kleidung::N+allTrees	-145.698277929
distanceMatrixLev_Gesundheit::N+allTrees	-106.746834469
distanceMatrixLev_Leine::N+allTrees	-91.099374739
distanceMatrixLev_backen::V+allTrees	-127.994626659
distanceMatrixLev_täuschen::V+allTrees	-150.13640588
distanceMatrixLev_elf::NUM+allTrees	-70.0875788715
distanceMatrixLev_Ente::N+allTrees	-78.0639778159
distanceMatrixLev_Teil::N+allTrees	-144.174729738
distanceMatrixLev_Höhle::N+allTrees	-108.970559451
distanceMatrixLev_schreien::V+allTrees	-162.143092544
distanceMatrixLev_breit::A+allTrees	-117.194422441
distanceMatrixLev_antreiben::V+allTrees	-152.598152109
distanceMatrixLev_Glas::N+allTrees	-132.647224288
distanceMatrixLev_Leben::N+allTrees	-123.044658753
distanceMatrixLev_wehen::V+allTrees	-126.338192563
distanceMatrixLev_schreiten::V+allTrees	-143.415316026
distanceMatrixLev_Lüge::N+allTrees	-116.22750926
distanceMatrixLev_brechen::V+allTrees	-121.703235248
distanceMatrixLev_Mücke::N+allTrees	-104.220216153
distanceMatrixLev_Volk::N+allTrees	-103.230797965
distanceMatrixLev_führen::V+allTrees	-141.632574478
distanceMatrixLev_Insel::N+allTrees	-139.327195743
distanceMatrixLev_abwischen::V+allTrees	-147.981505064
distanceMatrixLev_Sehne::N+allTrees	-135.625183836
distanceMatrixLev_hinab::ADV+allTrees	-159.912684378
distanceMatrixLev_anfangen::V+allTrees	-98.5450790042
distanceMatrixLev_schlank::A+allTrees	-152.057341733
distanceMatrixLev_neun::NUM+allTrees	-117.252020633
distanceMatrixLev_Adler::N+allTrees	-152.360688144
distanceMatrixLev_dicht::A+allTrees	-129.067101175
distanceMatrixLev_morgen::ADV+allTrees	-135.044750606
distanceMatrixLev_hauen::V+allTrees	-152.475305044
distanceMatrixLev_Farbe::N+allTrees	-110.585157944
distanceMatrixLev_kleben::V+allTrees	-130.790457899
distanceMatrixLev_flach::A+allTrees	-108.996753698
distanceMatrixLev_probieren::V+allTrees	-117.497529978
distanceMatrixLev_schießen::V+allTrees	-143.123792984
distanceMatrixLev_blind::A+allTrees	-80.3641089125
distanceMatrixLev_spazierengehen::V+allTrees	-172.588488779
distanceMatrixLev_Bucht::N+allTrees	-134.519486372
distanceMatrixLev_Sonne::N+allTrees	-130.30011004
distanceMatrixLev_messen::V+allTrees	-110.665433415
distanceMatrixLev_krankwerden::V+allTrees	-143.366676667
distanceMatrixLev_verderben::V+allTrees	-129.30446121
distanceMatrixLev_packen::V+allTrees	-134.791181521
distanceMatrixLev_Gras::N+allTrees	-121.900842931
distanceMatrixLev_Dezember::N+allTrees	-123.579355391
distanceMatrixLev_vier::NUM+allTrees	-108.065243016
distanceMatrixLev_voll::A+allTrees	-69.0814609161
distanceMatrixLev_Anhöhe::N+allTrees	-180.626302096
distanceMatrixLev_Nacht::N+allTrees	-93.4706349159
distanceMatrixLev_Hemd::N+allTrees	-146.330763173
distanceMatrixLev_steigen::V+allTrees	-150.513000359
distanceMatrixLev_wegen::PRP+allTrees	-107.875053769
distanceMatrixLev_verlassen::V+allTrees	-127.975299034
distanceMatrixLev_geben::V+allTrees	-97.8687035133
distanceMatrixLev_BogenWaffe::N+allTrees	-100.94191171
distanceMatrixLev_ankommen::V+allTrees	-138.765987652
distanceMatrixLev_Feind::N+allTrees	-114.081388362
distanceMatrixLev_lachen::V+allTrees	-140.452872094
distanceMatrixLev_Schluss::N+allTrees	-106.171210422
distanceMatrixLev_Knopf::N+allTrees	-153.931456065
distanceMatrixLev_Handtuch::N+allTrees	-168.335033831
distanceMatrixLev_schwimmen::V+allTrees	-114.622432483
distanceMatrixLev_Ehemann::N+allTrees	-157.448845506
distanceMatrixLev_Schuld::N+allTrees	-99.2141564307
distanceMatrixLev_sauer::A+allTrees	-106.100823776
distanceMatrixLev_Nachricht::N+allTrees	-163.454870997
distanceMatrixLev_altLebewesen::A+allTrees	-126.015753307
distanceMatrixLev_aufbewahren::V+allTrees	-144.643069697
distanceMatrixLev_zuerst::ADV+allTrees	-141.813690921
distanceMatrixLev_du::PRN+allTrees	-106.651996617
distanceMatrixLev_fünf::NUM+allTrees	-108.800185086
distanceMatrixLev_Ufer::N+allTrees	-145.886672613
distanceMatrixLev_Welle::N+allTrees	-142.840940024
distanceMatrixLev_Geschäft::N+allTrees	-98.1508930581
distanceMatrixLev_kämmen::V+allTrees	-124.51548152
distanceMatrixLev_Nebel::N+allTrees	-127.174716337
distanceMatrixLev_trocken::A+allTrees	-133.870846012
distanceMatrixLev_Stadt::N+allTrees	-78.0965058347
distanceMatrixLev_Bein::N+allTrees	-132.574753768
distanceMatrixLev_Tee::N+allTrees	-113.238438773
distanceMatrixLev_Ort::N+allTrees	-125.980887477
distanceMatrixLev_graben::V+allTrees	-153.160710396
distanceMatrixLev_Herz::N+allTrees	-84.4773973768
distanceMatrixLev_sichunterhalten::V+allTrees	-123.656606467
distanceMatrixLev_fühlen::V+allTrees	-189.328687478
distanceMatrixLev_Stück::N+allTrees	-130.061446245
distanceMatrixLev_Zaun::N+allTrees	-141.224346735
distanceMatrixLev_rechter::A+allTrees	-130.146021906
distanceMatrixLev_zerreißen::V+allTrees	-145.738389146
distanceMatrixLev_Zeh::N+allTrees	-163.407990421
distanceMatrixLev_Band::N+allTrees	-104.423244831
distanceMatrixLev_Größe::N+allTrees	-142.947935628
distanceMatrixLev_ändern::V+allTrees	-112.396309329
distanceMatrixLev_sinken::V+allTrees	-127.089066998
distanceMatrixLev_Pfad::N+allTrees	-113.329368442
distanceMatrixLev_hinter::PRP+allTrees	-156.355401643
distanceMatrixLev_weiß::A+allTrees	-106.385413695
distanceMatrixLev_aufheben::V+allTrees	-126.610907573
distanceMatrixLev_öffnen::V+allTrees	-117.08400853
distanceMatrixLev_allein::ADV+allTrees	-102.829114934
distanceMatrixLev_Winter::N+allTrees	-104.771436792
distanceMatrixLev_traurig::A+allTrees	-135.657238025
distanceMatrixLev_Hund::N+allTrees	-85.2582613046
distanceMatrixLev_rudern::V+allTrees	-132.9997318
distanceMatrixLev_See::N+allTrees	-91.3638423735
distanceMatrixLev_arbeiten::V+allTrees	-178.066194844
distanceMatrixLev_Gehirn::N+allTrees	-111.886199208
distanceMatrixLev_schütteln::V+allTrees	-126.967383056
distanceMatrixLev_Schwan::N+allTrees	-127.060137998
distanceMatrixLev_nur::ADV+allTrees	-111.183915816
distanceMatrixLev_Rauch::N+allTrees	-76.1234696766
distanceMatrixLev_versuchen::V+allTrees	-153.274623057
distanceMatrixLev_schlecht::A+allTrees	-140.264335895
distanceMatrixLev_lärmen::V+allTrees	-163.752193095
distanceMatrixLev_jung::A+allTrees	-131.917901561
distanceMatrixLev_Spaten::N+allTrees	-90.9606264499
distanceMatrixLev_anziehen::V+allTrees	-130.704817319
distanceMatrixLev_laufen::V+allTrees	-167.846508476
distanceMatrixLev_zurück::ADV+allTrees	-158.815593639
distanceMatrixLev_Gewehr::N+allTrees	-75.6692000565
distanceMatrixLev_sichdrehen::V+allTrees	-118.378482892
distanceMatrixLev_Stimme::N+allTrees	-110.857738009
distanceMatrixLev_zusehensein::V+allTrees	-136.374042289
distanceMatrixLev_Sprache::N+allTrees	-110.380939963
distanceMatrixLev_Gabel::N+allTrees	-117.285716407
distanceMatrixLev_bunt::A+allTrees	-156.040282983
distanceMatrixLev_mitteilen::V+allTrees	-134.856589477
distanceMatrixLev_zuhören::V+allTrees	-145.697159593
distanceMatrixLev_sichschlagen::V+allTrees	-149.326733608
distanceMatrixLev_Fleisch::N+allTrees	-129.961376309
distanceMatrixLev_wer::FPRN+allTrees	-144.177397427
distanceMatrixLev_Mond::N+allTrees	-97.0830274586
distanceMatrixLev_Nabel::N+allTrees	-64.9164813198
distanceMatrixLev_Blume::N+allTrees	-108.681287981
distanceMatrixLev_waschen::V+allTrees	-140.75562358
distanceMatrixLev_zeigen::V+allTrees	-159.542553337
distanceMatrixLev_Spitze::N+allTrees	-100.518088917
distanceMatrixLev_Welt::N+allTrees	-91.6289898427
distanceMatrixLev_verfaulen::V+allTrees	-96.4590579054
distanceMatrixLev_Gedanke::N+allTrees	-101.412545382
distanceMatrixLev_bringen::V+allTrees	-111.252291938
distanceMatrixLev_September::N+allTrees	-146.377107521
distanceMatrixLev_Hand::N+allTrees	-123.653342931
distanceMatrixLev_zerstören::V+allTrees	-153.296817061
distanceMatrixLev_biegen::V+allTrees	-141.356076645
distanceMatrixLev_aufhängen::V+allTrees	-150.562128394
distanceMatrixLev_Stirn::N+allTrees	-134.541177793
distanceMatrixLev_Hose::N+allTrees	-107.720820713
distanceMatrixLev_Ski::N+allTrees	-140.370673919
distanceMatrixLev_aufziehen::V+allTrees	-141.255042527
distanceMatrixLev_kratzen::V+allTrees	-101.06576163
distanceMatrixLev_Traum::N+allTrees	-111.119264819
distanceMatrixLev_Schlinge::N+allTrees	-134.404802493
distanceMatrixLev_erwarten::V+allTrees	-156.527869347
distanceMatrixLev_Wurm::N+allTrees	-146.096807223
distanceMatrixLev_Ende::N+allTrees	-141.406492946
distanceMatrixLev_Handfläche::N+allTrees	-154.112443152
distanceMatrixLev_wenden::V+allTrees	-102.647946791
distanceMatrixLev_beißen::V+allTrees	-128.461634456
distanceMatrixLev_Schnur::N+allTrees	-124.856488024
distanceMatrixLev_sichsetzen::V+allTrees	-118.272182903
distanceMatrixLev_Abend::N+allTrees	-102.610882256
distanceMatrixLev_eins::NUM+allTrees	-97.8052755372
distanceMatrixLev_Brunnen::N+allTrees	-127.318370732
distanceMatrixLev_umkommen::V+allTrees	-184.516095102
distanceMatrixLev_Zeit::N+allTrees	-99.3286815814
distanceMatrixLev_fließen::V+allTrees	-128.676431754
distanceMatrixLev_wohin::FADV+allTrees	-123.524777861
distanceMatrixLev_Deckel::N+allTrees	-119.891981242
distanceMatrixLev_Westen::N+allTrees	-117.111637755
distanceMatrixLev_zwölf::NUM+allTrees	-79.8024326881
distanceMatrixLev_schlucken::V+allTrees	-143.695122596
distanceMatrixLev_manchmal::ADV+allTrees	-163.111184611
distanceMatrixLev_fegen::V+allTrees	-121.573921367
distanceMatrixLev_baden::V+allTrees	-132.282162007
distanceMatrixLev_Abstand::N+allTrees	-124.889200904
distanceMatrixLev_Gewicht::N+allTrees	-139.42742668
distanceMatrixLev_Schmutz::N+allTrees	-151.728599059
distanceMatrixLev_Grenze::N+allTrees	-99.1140315886
distanceMatrixLev_Gürtel::N+allTrees	-145.107205425
distanceMatrixLev_vergessen::V+allTrees	-110.070017708
distanceMatrixLev_wählen::V+allTrees	-160.976787364
distanceMatrixLev_Kreis::N+allTrees	-89.6521630038
distanceMatrixLev_Kinn::N+allTrees	-117.408706514
distanceMatrixLev_prahlen::V+allTrees	-138.060334879
distanceMatrixLev_frisch::A+allTrees	-67.0632166073
distanceMatrixLev_Körper::N+allTrees	-135.536146037
distanceMatrixLev_gelingen::V+allTrees	-114.260224778
distanceMatrixLev_anhalten::V+allTrees	-124.469725068
distanceMatrixLev_verbrennen::V+allTrees	-111.666804689
distanceMatrixLev_Eis::N+allTrees	-140.55697721
distanceMatrixLev_Haus::N+allTrees	-169.105387657
distanceMatrixLev_fallen::V+allTrees	-108.435989699
distanceMatrixLev_Kind::N+allTrees	-108.009233351
distanceMatrixLev_hier::ADV+allTrees	-111.070755517
distanceMatrixLev_zunehmen::V+allTrees	-155.492899656
distanceMatrixLev_damals::ADV+allTrees	-140.631920536
distanceMatrixLev_Beere::N+allTrees	-87.8703982056
distanceMatrixLev_Gesellschaft::N+allTrees	-119.082289552
distanceMatrixLev_Lehrer::N+allTrees	-110.665513484
distanceMatrixLev_Rätsel::N+allTrees	-111.333216575
distanceMatrixLev_grün::A+allTrees	-124.207791922
distanceMatrixLev_spülen::V+allTrees	-89.698777206
distanceMatrixLev_Knochen::N+allTrees	-128.18013297
distanceMatrixLev_ehemalig::A+allTrees	-127.77416945
distanceMatrixLev_Schatten::N+allTrees	-132.849140931
distanceMatrixLev_sichbewegen::V+allTrees	-111.675005573
distanceMatrixLev_Regen::N+allTrees	-139.289085992
distanceMatrixLev_Finger::N+allTrees	-138.334436105
distanceMatrixLev_wieder::ADV+allTrees	-171.407979349
distanceMatrixLev_frieren::V+allTrees	-136.735746431
distanceMatrixLev_Tanne::N+allTrees	-76.2021521684
distanceMatrixLev_hochheben::V+allTrees	-152.253701197
distanceMatrixLev_Geld::N+allTrees	-88.1361121345
distanceMatrixLev_Löffel::N+allTrees	-140.295253424
distanceMatrixLev_schieben::V+allTrees	-150.043614387
distanceMatrixLev_rechnen::V+allTrees	-143.050712166
distanceMatrixLev_betrügen::V+allTrees	-127.862207738
distanceMatrixLev_rauchen::V+allTrees	-96.4732659885
distanceMatrixLev_linker::A+allTrees	-114.212225867
distanceMatrixLev_Brei::N+allTrees	-110.135199876
distanceMatrixLev_schon::ADV+allTrees	-138.301908713
distanceMatrixLev_Tag::N+allTrees	-100.443766296
distanceMatrixLev_reiben::V+allTrees	-131.773833976
distanceMatrixLev_wünschen::V+allTrees	-102.127586912
distanceMatrixLev_Gesicht::N+allTrees	-128.926647176
distanceMatrixLev_Kuckuck::N+allTrees	-107.486107852
distanceMatrixLev_Erzählung::N+allTrees	-136.229090482
distanceMatrixLev_unter::PRP+allTrees	-138.536925367
distanceMatrixLev_oft::ADV+allTrees	-144.273956899
distanceMatrixLev_Ruf::N+allTrees	-104.352858829
distanceMatrixLev_Donner::N+allTrees	-118.317054918
distanceMatrixLev_so::ADV+allTrees	-99.4360106491
distanceMatrixLev_atmen::V+allTrees	-119.514377099
distanceMatrixLev_Eimer::N+allTrees	-128.068897838
distanceMatrixLev_Woche::N+allTrees	-109.382296847
distanceMatrixLev_Sand::N+allTrees	-104.784790224
distanceMatrixLev_ansehen::V+allTrees	-116.592436538
distanceMatrixLev_Busen::N+allTrees	-113.543806155
distanceMatrixLev_klirren::V+allTrees	-122.267807422
distanceMatrixLev_Hunger::N+allTrees	-112.134735205
distanceMatrixLev_geborenwerden::V+allTrees	-107.42735795
distanceMatrixLev_Wange::N+allTrees	-131.903443367
distanceMatrixLev_fern::A+allTrees	-102.7797299
distanceMatrixLev_hungrig::A+allTrees	-135.594295049
distanceMatrixLev_schwingen::V+allTrees	-155.574429484
distanceMatrixLev_verschwinden::V+allTrees	-141.444073573
distanceMatrixLev_genesen::V+allTrees	-167.97859155
distanceMatrixLev_kalt::A+allTrees	-126.731401914
distanceMatrixLev_Kragen::N+allTrees	-125.07034002
distanceMatrixLev_Kuh::N+allTrees	-82.1198217738
distanceMatrixLev_Kiste::N+allTrees	-143.222200247
distanceMatrixLev_ärgern::V+allTrees	-140.928358751
distanceMatrixLev_Seite::N+allTrees	-126.356278549
distanceMatrixLev_Frost::N+allTrees	-137.50606778
distanceMatrixLev_Riemen::N+allTrees	-141.269761889
distanceMatrixLev_Dach::N+allTrees	-138.932496197
distanceMatrixLev_Bild::N+allTrees	-102.83049883
distanceMatrixLev_Schloss::N+allTrees	-141.161058107
distanceMatrixLev_schmücken::V+allTrees	-141.762651324
distanceMatrixLev_Februar::N+allTrees	-148.753439029
distanceMatrixLev_dies::PRN+allTrees	-152.420775327
distanceMatrixLev_denken::V+allTrees	-143.473225134
distanceMatrixLev_Feuer::N+allTrees	-117.856865471
distanceMatrixLev_stöhnen::V+allTrees	-136.808341626
distanceMatrixLev_wechseln::V+allTrees	-100.281676469
distanceMatrixLev_Wiege::N+allTrees	-86.3777013206
distanceMatrixLev_Bündel::N+allTrees	-130.089955803
distanceMatrixLev_Grund::N+allTrees	-101.257493673
distanceMatrixLev_faulen::V+allTrees	-119.67575143
distanceMatrixLev_Herbst::N+allTrees	-108.994839687
distanceMatrixLev_Nase::N+allTrees	-128.243685073
distanceMatrixLev_Kamm::N+allTrees	-76.0492530008
distanceMatrixLev_Kranich::N+allTrees	-116.67872753
distanceMatrixLev_Norden::N+allTrees	-122.817768345
distanceMatrixLev_brennen::V+allTrees	-131.98212291
distanceMatrixLev_warm::A+allTrees	-160.647972731
distanceMatrixLev_wieviel::FNUM+allTrees	-140.055881903
distanceMatrixLev_Kreuz::N+allTrees	-113.238952469
distanceMatrixLev_Stuhl::N+allTrees	-138.463944319
distanceMatrixLev_strömen::V+allTrees	-151.579355962
distanceMatrixLev_Schnurrbart::N+allTrees	-111.540206549
distanceMatrixLev_Sünde::N+allTrees	-100.870700293
distanceMatrixLev_Chef::N+allTrees	-97.3376934049
distanceMatrixLev_fleißig::A+allTrees	-165.168773356
distanceMatrixLev_gut::A+allTrees	-134.179503897
distanceMatrixLev_Alter::N+allTrees	-118.54207201
distanceMatrixLev_pfeifen::V+allTrees	-152.580403288
distanceMatrixLev_lernen::V+allTrees	-110.456244722
distanceMatrixLev_leer::A+allTrees	-106.647241495
distanceMatrixLev_Muster::N+allTrees	-103.398656733
distanceMatrixLev_enden::V+allTrees	-131.309679621
distanceMatrixLev_Atem::N+allTrees	-120.474185268
distanceMatrixLev_Mädchen::N+allTrees	-177.167740691
distanceMatrixLev_fliehen::V+allTrees	-107.178235945
distanceMatrixLev_werfen::V+allTrees	-121.715382724
distanceMatrixLev_sterben::V+allTrees	-117.145292166
distanceMatrixLev_und::CNJ+allTrees	-72.9294283523
distanceMatrixLev_Butter::N+allTrees	-97.3821436772
distanceMatrixLev_Huhn::N+allTrees	-124.643599351
distanceMatrixLev_Gegenstand::N+allTrees	-118.121271908
distanceMatrixLev_April::N+allTrees	-119.033437886
distanceMatrixLev_gehen::V+allTrees	-127.805423159
distanceMatrixLev_zahlen::V+allTrees	-99.7537607545
distanceMatrixLev_Zeichen::N+allTrees	-86.643013865
distanceMatrixLev_verbinden::V+allTrees	-134.353750945
distanceMatrixLev_hundert::NUM+allTrees	-115.867681597
distanceMatrixLev_abschneiden::V+allTrees	-133.111695836
distanceMatrixLev_fahren::V+allTrees	-157.903510426
distanceMatrixLev_kehren::V+allTrees	-112.869184903
distanceMatrixLev_zwischen::PRP+allTrees	-108.326478894
distanceMatrixLev_springen::V+allTrees	-126.793002934
distanceMatrixLev_sichwaschen::V+allTrees	-141.909665379
distanceMatrixLev_kräftig::A+allTrees	-148.635083852
distanceMatrixLev_vorbereiten::V+allTrees	-109.683643484
distanceMatrixLev_klein::A+allTrees	-139.333017628
distanceMatrixLev_Angelegenheit::N+allTrees	-91.6785507449
distanceMatrixLev_schwarz::A+allTrees	-100.43644609
distanceMatrixLev_schleifen::V+allTrees	-139.151449966
distanceMatrixLev_Geist::N+allTrees	-110.089354587
distanceMatrixLev_hüten::V+allTrees	-144.736431988
distanceMatrixLev_abreißen::V+allTrees	-139.037368864
distanceMatrixLev_donnern::V+allTrees	-123.52744631
distanceMatrixLev_Montag::N+allTrees	-138.180191247
distanceMatrixLev_Art::N+allTrees	-103.333672255
distanceMatrixLev_Stein::N+allTrees	-108.67146296
distanceMatrixLev_Wiese::N+allTrees	-103.446442359
distanceMatrixLev_Menge::N+allTrees	-121.94481326
distanceMatrixLev_Arbeiter::N+allTrees	-117.290459049
distanceMatrixLev_klingeln::V+allTrees	-132.247466319
distanceMatrixLev_Länge::N+allTrees	-129.05383802
distanceMatrixLev_Gewalt::N+allTrees	-98.9634879693
distanceMatrixLev_Hügel::N+allTrees	-141.148956444
distanceMatrixLev_einladen::V+allTrees	-100.759437489
distanceMatrixLev_vergebens::ADV+allTrees	-147.697297137
distanceMatrixLev_heute::ADV+allTrees	-159.121506172
distanceMatrixLev_aufstehen::V+allTrees	-147.511573277
distanceMatrixLev_sichanziehen::V+allTrees	-122.611701086
distanceMatrixLev_Sache::N+allTrees	-94.6758222693
distanceMatrixLev_stumpf::A+allTrees	-91.0049182772
distanceMatrixLev_umrühren::V+allTrees	-125.295981836
distanceMatrixLev_schütten::V+allTrees	-101.037855376
distanceMatrixLev_Buch::N+allTrees	-114.218099571
distanceMatrixLev_reif::A+allTrees	-140.16821866
distanceMatrixLev_halten::V+allTrees	-135.280547932
distanceMatrixLev_rund::A+allTrees	-109.834072036
distanceMatrixLev_zweiter::A+allTrees	-88.3553590425
distanceMatrixLev_wecken::V+allTrees	-161.850016785
distanceMatrixLev_Eltern::N+allTrees	-131.145554906
distanceMatrixLev_sehen::V+allTrees	-141.476488771
distanceMatrixLev_reinigen::V+allTrees	-87.6692478926
distanceMatrixLev_schwanken::V+allTrees	-146.178125466
distanceMatrixLev_Schlaf::N+allTrees	-111.653882171
distanceMatrixLev_sichtrennen::V+allTrees	-95.7834732296
distanceMatrixLev_kommen::V+allTrees	-116.56127458
distanceMatrixLev_Spiegel::N+allTrees	-88.3392343225
distanceMatrixLev_Ehefrau::N+allTrees	-177.624837725
distanceMatrixLev_Nest::N+allTrees	-113.14027533
distanceMatrixLev_scharf::A+allTrees	-139.414166766
distanceMatrixLev_versprechen::V+allTrees	-128.812763493
distanceMatrixLev_Ruhe::N+allTrees	-123.245388571
distanceMatrixLev_lassen::V+allTrees	-93.0892085996
distanceMatrixLev_sichbeeilen::V+allTrees	-143.244377131
distanceMatrixLev_stechen::V+allTrees	-126.920353537
distanceMatrixLev_beherrschen::V+allTrees	-108.108493386
distanceMatrixLev_Essen::N+allTrees	-146.076248472
distanceMatrixLev_setzen::V+allTrees	-132.468743846
distanceMatrixLev_treiben::V+allTrees	-149.167576717
distanceMatrixLev_Wolke::N+allTrees	-128.192420794
distanceMatrixLev_gießen::V+allTrees	-107.871982329
distanceMatrixLev_Staat::N+allTrees	-80.3543994125
distanceMatrixLev_Kehle::N+allTrees	-123.14737362
distanceMatrixLev_Speise::N+allTrees	-116.499159248
distanceMatrixLev_Stärke::N+allTrees	-153.73625552
distanceMatrixLev_loben::V+allTrees	-141.430884174
distanceMatrixLev_beenden::V+allTrees	-90.9981533172
distanceMatrixLev_lecken::V+allTrees	-115.944936899
distanceMatrixLev_Mai::N+allTrees	-151.649675373
distanceMatrixLev_wohnen::V+allTrees	-132.025573665
distanceMatrixLev_Staub::N+allTrees	-98.2400151031
distanceMatrixLev_Schwein::N+allTrees	-114.669396284
distanceMatrixLev_alt::A+allTrees	-110.327744088
distanceMatrixLev_schicken::V+allTrees	-117.982000986
distanceMatrixLev_Blut::N+allTrees	-119.013842591
distanceMatrixLev_Gold::N+allTrees	-91.3278611416
distanceMatrixLev_verkaufen::V+allTrees	-132.189083062
distanceMatrixLev_Höhe::N+allTrees	-101.761566582
distanceMatrixLev_letzter::A+allTrees	-136.756784488
distanceMatrixLev_Tasse::N+allTrees	-97.2952037293
distanceMatrixLev_Bulle::N+allTrees	-95.6118013819
distanceMatrixLev_Erde::N+allTrees	-109.026539839
distanceMatrixLev_schwenken::V+allTrees	-120.368858461
distanceMatrixLev_Tier::N+allTrees	-176.776388966
distanceMatrixLev_Saat::N+allTrees	-129.374214358
distanceMatrixLev_Frühling::N+allTrees	-138.282403647
distanceMatrixLev_färben::V+allTrees	-139.57497464
distanceMatrixLev_Sohn::N+allTrees	-100.722247841
distanceMatrixLev_essen::V+allTrees	-97.3316263454
distanceMatrixLev_zeichnen::V+allTrees	-127.428082091
distanceMatrixLev_Gipfel::N+allTrees	-124.602451206
distanceMatrixLev_Krieg::N+allTrees	-158.894467943
distanceMatrixLev_Brett::N+allTrees	-133.40886309
distanceMatrixLev_richtig::A+allTrees	-127.476266311
distanceMatrixLev_kurz::A+allTrees	-123.287488226
distanceMatrixLev_sammeln::V+allTrees	-121.592518193
distanceMatrixLev_durch::PRP+allTrees	-124.569949333
distanceMatrixLev_leiten::V+allTrees	-167.737396063
distanceMatrixLev_neben::PRP+allTrees	-184.879945506
distanceMatrixLev_Asche::N+allTrees	-86.5640341464
distanceMatrixLev_Januar::N+allTrees	-143.602853035
distanceMatrixLev_Brief::N+allTrees	-91.6085595699
distanceMatrixLev_Geschenk::N+allTrees	-119.970175147
distanceMatrixLev_Weide::N+allTrees	-157.662341261
distanceMatrixLev_Eule::N+allTrees	-102.628253688
distanceMatrixLev_klopfen::V+allTrees	-172.55034546
distanceMatrixLev_Großmutter::N+allTrees	-149.271031907
distanceMatrixLev_Schaden::N+allTrees	-76.5583794115
distanceMatrixLev_geizig::A+allTrees	-139.999403924
distanceMatrixLev_Boden::N+allTrees	-105.562696737
distanceMatrixLev_Gott::N+allTrees	-64.0216118413
distanceMatrixLev_Hase::N+allTrees	-140.310342767
distanceMatrixLev_Pfeil::N+allTrees	-133.056342407
distanceMatrixLev_schreiben::V+allTrees	-88.1982420403
distanceMatrixLev_Faden::N+allTrees	-146.995842193
distanceMatrixLev_siebzig::NUM+allTrees	-91.4734124532
distanceMatrixLev_zudecken::V+allTrees	-156.532207257
distanceMatrixLev_Hitze::N+allTrees	-165.220409269
distanceMatrixLev_behindern::V+allTrees	-132.813707524
distanceMatrixLev_arm::A+allTrees	-184.416769468
distanceMatrixLev_vonhier::ADV+allTrees	-117.582276483
distanceMatrixLev_scheinenSonne::V+allTrees	-119.693326602
distanceMatrixLev_lesen::V+allTrees	-108.720681237
distanceMatrixLev_klettern::V+allTrees	-125.671140383
distanceMatrixLev_Platte::N+allTrees	-121.75545108
distanceMatrixLev_später::ADV+allTrees	-152.345718143
distanceMatrixLev_zurückkommen::V+allTrees	-152.829689798
distanceMatrixLev_Schaf::N+allTrees	-87.2549994648
distanceMatrixLev_Knoten::N+allTrees	-131.783093123
distanceMatrixLev_Katze::N+allTrees	-130.259292974
distanceMatrixLev_vernehmen::V+allTrees	-130.769687961
distanceMatrixLev_alles::PRN+allTrees	-119.504790664
distanceMatrixLev_oder::CNJ+allTrees	-113.283683324
distanceMatrixLev_Ton::N+allTrees	-105.385444821
distanceMatrixLev_Wort::N+allTrees	-140.820209289
distanceMatrixLev_nicht::ADV+allTrees	-109.400182111
distanceMatrixLev_Korn::N+allTrees	-123.889384656
distanceMatrixLev_Tochter::N+allTrees	-154.314631297
distanceMatrixLev_geraten::V+allTrees	-130.020451658
distanceMatrixLev_drei::NUM+allTrees	-109.846590522
distanceMatrixLev_Tropfen::N+allTrees	-135.894600672
distanceMatrixLev_November::N+allTrees	-119.790097948
distanceMatrixLev_bemerken::V+allTrees	-150.395255988
distanceMatrixLev_husten::V+allTrees	-118.970369887
distanceMatrixLev_treten::V+allTrees	-105.381804281
distanceMatrixLev_kriechen::V+allTrees	-159.386927435
distanceMatrixLev_Zeitung::N+allTrees	-117.54096248
distanceMatrixLev_dreißig::NUM+allTrees	-86.9910026544
distanceMatrixLev_Schlitten::N+allTrees	-138.853023597
distanceMatrixLev_Fuchs::N+allTrees	-101.179978581
distanceMatrixLev_Juni::N+allTrees	-123.702140053
distanceMatrixLev_siegen::V+allTrees	-126.862318267
distanceMatrixLev_Stange::N+allTrees	-144.676346172
distanceMatrixLev_erster::A+allTrees	-130.806393172
distanceMatrixLev_Arznei::N+allTrees	-99.5124339208
distanceMatrixLev_Name::N+allTrees	-115.141685643
distanceMatrixLev_Scheibe::N+allTrees	-105.908100406
distanceMatrixLev_Zahn::N+allTrees	-105.732180327
distanceMatrixLev_anbinden::V+allTrees	-132.825790657
distanceMatrixLev_wir::PRN+allTrees	-107.125688701
distanceMatrixLev_zwanzig::NUM+allTrees	-90.4108443536
distanceMatrixLev_anschauen::V+allTrees	-178.554665751
distanceMatrixLev_erzählen::V+allTrees	-161.359551476
distanceMatrixLev_Kopf::N+allTrees	-72.3613736054
distanceMatrixLev_Ring::N+allTrees	-143.139611697
distanceMatrixLev_Mittag::N+allTrees	-142.585592976
distanceMatrixLev_fein::A+allTrees	-114.168295357
distanceMatrixLev_töten::V+allTrees	-100.891406034
distanceMatrixLev_Wolf::N+allTrees	-129.838702052
distanceMatrixLev_bekannt::A+allTrees	-110.631314934
distanceMatrixLev_Meer::N+allTrees	-119.308155162
distanceMatrixLev_tauen::V+allTrees	-139.698177592
distanceMatrixLev_kühl::A+allTrees	-174.163127432
distanceMatrixLev_stören::V+allTrees	-179.174473139
distanceMatrixLev_Abhang::N+allTrees	-127.94782791
distanceMatrixLev_Figur::N+allTrees	-127.680702675
distanceMatrixLev_fallenlassen::V+allTrees	-159.677263716
distanceMatrixLev_ihr::PRN+allTrees	-100.320000429
distanceMatrixLev_Schwarm::N+allTrees	-101.723135657
distanceMatrixLev_schlagen::V+allTrees	-168.907612335
distanceMatrixLev_Grab::N+allTrees	-92.4596266557
distanceMatrixLev_bauen::V+allTrees	-163.373467787
distanceMatrixLev_SchlangeTier::N+allTrees	-80.4645835399
distanceMatrixLev_Tisch::N+allTrees	-126.931813434
distanceMatrixLev_Kummer::N+allTrees	-120.583661089
distanceMatrixLev_anzünden::V+allTrees	-99.0592741417
distanceMatrixLev_unterrichten::V+allTrees	-109.338084637
distanceMatrixLev_wie::FADV+allTrees	-142.224265486
distanceMatrixLev_Pferd::N+allTrees	-117.096889899
distanceMatrixLev_Maus::N+allTrees	-105.803101858
distanceMatrixLev_Glück::N+allTrees	-97.3799071244
distanceMatrixLev_Haufen::N+allTrees	-147.053213849
distanceMatrixLev_drehen::V+allTrees	-175.311585782
distanceMatrixLev_krank::A+allTrees	-140.433270333
distanceMatrixLev_zittern::V+allTrees	-151.781853006
distanceMatrixLev_Honig::N+allTrees	-83.4146074934
distanceMatrixLev_tausend::NUM+allTrees	-73.7223934846
distanceMatrixLev_bewahren::V+allTrees	-140.528457352
distanceMatrixLev_Leber::N+allTrees	-112.652912352
distanceMatrixLev_sauber::A+allTrees	-119.16098875
distanceMatrixLev_Schulter::N+allTrees	-140.93180601
distanceMatrixLev_lange::ADV+allTrees	-135.318616876
distanceMatrixLev_offen::A+allTrees	-141.422321936
distanceMatrixLev_dunkel::A+allTrees	-120.457227136
distanceMatrixLev_Ast::N+allTrees	-91.0442508989
distanceMatrixLev_gefrieren::V+allTrees	-128.390761301
distanceMatrixLev_belästigen::V+allTrees	-140.964446166
distanceMatrixLev_Nagel::N+allTrees	-116.763627395
distanceMatrixLev_verbergen::V+allTrees	-112.912072154
distanceMatrixLev_noch::ADV+allTrees	-106.717196061
distanceMatrixLev_Blatt::N+allTrees	-136.467066261
distanceMatrixLev_verstehen::V+allTrees	-161.564922106
distanceMatrixLev_sehr::ADV+allTrees	-155.025941233
distanceMatrixLev_Lagerfeuer::N+allTrees	-149.283499471
distanceMatrixLev_Arzt::N+allTrees	-121.157354111
distanceMatrixLev_Junge::N+allTrees	-144.496955193
distanceMatrixLev_Klaue::N+allTrees	-157.615915338
distanceMatrixLev_jetzt::ADV+allTrees	-129.509915151
distanceMatrixLev_Mensch::N+allTrees	-93.7876681394
distanceMatrixLev_Schwanz::N+allTrees	-132.156200047
distanceMatrixLev_blau::A+allTrees	-119.168240338
distanceMatrixLev_groß::A+allTrees	-137.173567246
distanceMatrixLev_Entfernung::N+allTrees	-138.571053956
distanceMatrixLev_Freitag::N+allTrees	-87.6941156421
distanceMatrixLev_liegen::V+allTrees	-123.03710439
distanceMatrixLev_Onkel::N+allTrees	-140.175085712
distanceMatrixLev_erhalten::V+allTrees	-103.539728313
distanceMatrixLev_verlieren::V+allTrees	-117.989833668
distanceMatrixLev_ertragen::V+allTrees	-137.178170849
distanceMatrixLev_machen::V+allTrees	-148.543925384
distanceMatrixLev_Hals::N+allTrees	-111.924426599
distanceMatrixLev_sichrühren::V+allTrees	-132.371326783
distanceMatrixLev_Tante::N+allTrees	-118.717013587
distanceMatrixLev_vierzig::NUM+allTrees	-100.547366281
distanceMatrixLev_Silber::N+allTrees	-97.1449503941
distanceMatrixLev_Kohle::N+allTrees	-145.798946382
distanceMatrixLev_besitzen::V+allTrees	-140.034639631
distanceMatrixLev_böse::A+allTrees	-156.507035115
distanceMatrixLev_Bär::N+allTrees	-92.2752378572
distanceMatrixLev_stecken::V+allTrees	-123.894712575
distanceMatrixLev_verschieden::A+allTrees	-154.700688144
distanceMatrixLev_glatt::A+allTrees	-127.928114765
distanceMatrixLev_einschlafen::V+allTrees	-111.647050521
distanceMatrixLev_finden::V+allTrees	-109.349607845
distanceMatrixLev_zählen::V+allTrees	-100.297101539
distanceMatrixLev_Mund::N+allTrees	-122.318858086
distanceMatrixLev_hängen::V+allTrees	-131.66186251
distanceMatrixLev_vorwärts::ADV+allTrees	-106.654243864
distanceMatrixLev_Geruch::N+allTrees	-129.458217213
distanceMatrixLev_Apfel::N+allTrees	-108.077216507
distanceMatrixLev_stark::A+allTrees	-134.545796962
distanceMatrixLev_schmutzig::A+allTrees	-140.562501535
distanceMatrixLev_zurücklassen::V+allTrees	-136.612241518
distanceMatrixLev_Himmel::N+allTrees	-137.98599148
distanceMatrixLev_Geschmack::N+allTrees	-82.8292002923
distanceMatrixLev_lehren::V+allTrees	-116.484291655
distanceMatrixLev_rütteln::V+allTrees	-150.29134682
distanceMatrixLev_Schnee::N+allTrees	-78.4959513152
distanceMatrixLev_werden::V+allTrees	-99.3103518615
distanceMatrixLev_Genick::N+allTrees	-133.044057776
distanceMatrixLev_ausziehen::V+allTrees	-120.64628519
distanceMatrixLev_Sommer::N+allTrees	-113.766541992
distanceMatrixLev_heulen::V+allTrees	-96.8438459052
distanceMatrixLev_Buchstabe::N+allTrees	-106.00027353
distanceMatrixLev_einst::ADV+allTrees	-149.907358852
distanceMatrixLev_einwickeln::V+allTrees	-115.744808481
distanceMatrixLev_Lehm::N+allTrees	-113.376651129
distanceMatrixLev_Unglück::N+allTrees	-95.8053468171
distanceMatrixLev_Stamm::N+allTrees	-130.84255543
distanceMatrixLev_das::PRN+allTrees	-87.16114868
distanceMatrixLev_unten::ADV+allTrees	-110.176075414
distanceMatrixLev_Ofen::N+allTrees	-139.626865062
distanceMatrixLev_Wind::N+allTrees	-105.978151891
distanceMatrixLev_rückwärts::ADV+allTrees	-167.635381492
distanceMatrixLev_dort::ADV+allTrees	-144.179336494
distanceMatrixLev_Samstag::N+allTrees	-84.5663129915
distanceMatrixLev_Rede::N+allTrees	-145.006454398
distanceMatrixLev_Knie::N+allTrees	-109.410708341
distanceMatrixLev_Tuch::N+allTrees	-151.444468158
distanceMatrixLev_geschickt::A+allTrees	-121.462184099
distanceMatrixLev_Getreide::N+allTrees	-114.116442635
distanceMatrixLev_Tür::N+allTrees	-135.86253032
distanceMatrixLev_sichversammeln::V+allTrees	-141.060072444
distanceMatrixLev_berühren::V+allTrees	-119.731272691
distanceMatrixLev_einwenig::ADV+allTrees	-167.178239123
distanceMatrixLev_Loch::N+allTrees	-124.024856673
distanceMatrixLev_lecker::A+allTrees	-154.789878852
distanceMatrixLev_Stoff::N+allTrees	-169.697480736
distanceMatrixLev_oben::ADV+allTrees	-113.611867133
distanceMatrixLev_hinfallen::V+allTrees	-147.611877456
distanceMatrixLev_dann::ADV+allTrees	-147.461125235
distanceMatrixLev_dorthin::ADV+allTrees	-147.589270892
distanceMatrixLev_jagen::V+allTrees	-132.631416522
distanceMatrixLev_Verstand::N+allTrees	-110.244275578
distanceMatrixLev_ziehen::V+allTrees	-140.451633391
distanceMatrixLev_suchen::V+allTrees	-126.17001759
distanceMatrixLev_sichfürchten::V+allTrees	-134.120758303
distanceMatrixLev_Familie::N+allTrees	-134.027574834
distanceMatrixLev_bellen::V+allTrees	-147.700535799
distanceMatrixLev_dickGegenstand::A+allTrees	-106.075883014
distanceMatrixLev_faul::A+allTrees	-110.13229274
distanceMatrixLev_schmerzen::V+allTrees	-150.580670448
distanceMatrixLev_Messer::N+allTrees	-97.1925761408
distanceMatrixLev_reich::A+allTrees	-107.247762345
distanceMatrixLev_stoßen::V+allTrees	-169.768182078
distanceMatrixLev_tanzen::V+allTrees	-124.907544065
distanceMatrixLev_sanft::A+allTrees	-160.397329227
distanceMatrixLev_Fuß::N+allTrees	-138.631812481
distanceMatrixLev_nass::A+allTrees	-109.938228986
distanceMatrixLev_Kälte::N+allTrees	-119.49739608
distanceMatrixLev_aufhören::V+allTrees	-95.644048989
distanceMatrixLev_zerbrechen::V+allTrees	-156.992833615
distanceMatrixLev_aufgehenSonne::V+allTrees	-140.734497641
distanceMatrixLev_Dreck::N+allTrees	-169.439994399
distanceMatrixLev_wahr::A+allTrees	-106.191753323
distanceMatrixLev_sieben::NUM+allTrees	-122.741253272
distanceMatrixLev_schließen::V+allTrees	-150.274118838
distanceMatrixLev_Spur::N+allTrees	-129.525505237
distanceMatrixLev_füllen::V+allTrees	-94.6033092262
distanceMatrixLev_schlimm::A+allTrees	-174.416617479
distanceMatrixLev_läuten::V+allTrees	-134.140422301
distanceMatrixLev_Leiter::N+allTrees	-142.451704447
distanceMatrixLev_Linie::N+allTrees	-135.351147785
distanceMatrixLev_ergreifen::V+allTrees	-124.42313836
distanceMatrixLev_Gelächter::N+allTrees	-104.105704637
distanceMatrixLev_hacken::V+allTrees	-122.894459591
distanceMatrixLev_Laus::N+allTrees	-51.9047854219
distanceMatrixLev_Hahn::N+allTrees	-107.598260446
distanceMatrixLev_achtzig::NUM+allTrees	-114.820063077
distanceMatrixLev_Fluss::N+allTrees	-138.828078875
distanceMatrixLev_Besen::N+allTrees	-136.239975025
distanceMatrixLev_hell::A+allTrees	-128.045100878
distanceMatrixLev_was::FPRN+allTrees	-88.4252974943
distanceMatrixLev_nähen::V+allTrees	-103.948961164
distanceMatrixLev_Rücken::N+allTrees	-118.120788587
distanceMatrixLev_leben::V+allTrees	-145.436484546
distanceMatrixLev_Platz::N+allTrees	-128.381205389
distanceMatrixLev_Krähe::N+allTrees	-65.5975170291
distanceMatrixLev_fünfzig::NUM+allTrees	-115.617198535
distanceMatrixLev_Märchen::N+allTrees	-117.261290148
distanceMatrixLev_Donnerstag::N+allTrees	-78.1242833563
distanceMatrixLev_braten::V+allTrees	-132.210837463
distanceMatrixLev_sicherholen::V+allTrees	-142.212971115
distanceMatrixLev_Tor::N+allTrees	-91.2755447886
distanceMatrixLev_Strich::N+allTrees	-121.211003215
distanceMatrixLev_brausen::V+allTrees	-141.474496506
distanceMatrixLev_sausen::V+allTrees	-160.53460957
distanceMatrixLev_Fehler::N+allTrees	-120.317552773
distanceMatrixLev_Meister::N+allTrees	-108.780632259
distanceMatrixLev_schwer::A+allTrees	-117.861965941
distanceMatrixLev_nehmen::V+allTrees	-84.3574498235
distanceMatrixLev_bleiben::V+allTrees	-127.737479358
distanceMatrixLev_dumm::A+allTrees	-144.289695218
distanceMatrixLev_heben::V+allTrees	-141.919336519
distanceMatrixLev_Weg::N+allTrees	-96.7356966219
distanceMatrixLev_Nahrung::N+allTrees	-158.079093743
distanceMatrixLev_funkeln::V+allTrees	-177.95452331
distanceMatrixLev_Fliege::N+allTrees	-91.6597722432
distanceMatrixLev_lang::A+allTrees	-99.6841197635
distanceMatrixLev_Schmerz::N+allTrees	-117.686591572
distanceMatrixLev_Birke::N+allTrees	-141.641045114
distanceMatrixLev_Beutel::N+allTrees	-163.793014351
distanceMatrixLev_Reihe::N+allTrees	-117.429861814
distanceMatrixLev_Lippe::N+allTrees	-120.248244147
distanceMatrixLev_dritter::A+allTrees	-113.79243182
distanceMatrixLev_heiß::A+allTrees	-125.537824849
distanceMatrixLev_kaum::ADV+allTrees	-162.702229909
distanceMatrixLev_gestern::ADV+allTrees	-117.512577402
distanceMatrixLev_kranksein::V+allTrees	-159.34877529
distanceMatrixLev_weich::A+allTrees	-123.468149075
distanceMatrixLev_schneiden::V+allTrees	-128.917256097
distanceMatrixLev_reichen::V+allTrees	-164.464420492
distanceMatrixLev_Fett::N+allTrees	-106.674179555
distanceMatrixLev_können::V+allTrees	-109.829876488
distanceMatrixLev_Regal::N+allTrees	-142.142500228
distanceMatrixLev_passieren::V+allTrees	-153.173253069
distanceMatrixLev_reifen::V+allTrees	-122.018133489
distanceMatrixLev_Wald::N+allTrees	-112.716683753
distanceMatrixLev_Vogel::N+allTrees	-133.973998868
distanceMatrixLev_Schritt::N+allTrees	-93.656729065
distanceMatrixLev_hart::A+allTrees	-120.397277153
distanceMatrixLev_verbessern::V+allTrees	-141.29438938
distanceMatrixLev_Geschirr::N+allTrees	-160.928262212
distanceMatrixLev_süß::A+allTrees	-126.831227546
distanceMatrixLev_hineingehen::V+allTrees	-141.148237701
distanceMatrixLev_Quelle::N+allTrees	-120.215819195
distanceMatrixLev_lustig::A+allTrees	-164.341863068
distanceMatrixLev_Schale::N+allTrees	-120.897840674
distanceMatrixLev_Freude::N+allTrees	-133.884525002
distanceMatrixLev_Stern::N+allTrees	-93.6190706211
distanceMatrixLev_kaufen::V+allTrees	-123.44616635
distanceMatrixLev_erkennen::V+allTrees	-93.4382378489
distanceMatrixLev_KieferBaum::N+allTrees	-113.850733907
distanceMatrixLev_stehen::V+allTrees	-135.443616078
distanceMatrixLev_neu::A+allTrees	-137.727770696
distanceMatrixLev_Krankheit::N+allTrees	-138.019562163
distanceMatrixLev_Ware::N+allTrees	-132.135065422
